{
"type": "FeatureCollection",
"name": "busStops",
"crs": { "type": "name", "properties": { "name": "urn:ogc:def:crs:OGC:1.3:CRS84" } },
"features": [
{ "type": "Feature", "properties": { "Field1": "STOP_ID", "Field2": "IN_SERVICE", "Field3": "JURISDICTI", "Field4": "XCOORD", "Field5": "YCOORD", "Field6": "ACCESSIBIL", "Field7": "STOP_STATU", "Field8": "BIKE_RACK", "Field9": "CF_CROSS_S", "Field10": "ZIPCODE", "Field11": "ROUTE_LIST", "Field12": "ON_STREET_", "Field13": "NUM_SHELTE", "Field14": "STOP_NAME" }, "geometry": null },
{ "type": "Feature", "properties": { "Field1": "16960", "Field2": "Y", "Field3": "SEA", "Field4": "1270975.3999999999", "Field5": "261935.2", "Field6": "YES", "Field7": "ACT", "Field8": "NO", "Field9": "N Northgate Way", "Field10": "98133", "Field11": "345 365 40", "Field12": "Meridian Ave N", "Field13": "1", "Field14": "Meridian Ave N & N Northgate Way", "Field15": 3 }, "geometry": null },
{ "type": "Feature", "properties": { "Field1": "18440", "Field2": "Y", "Field3": "SEA", "Field4": "1268599.8999999999", "Field5": "228302.9", "Field6": "YES", "Field7": "ACT", "Field8": "NO", "Field9": "6th Ave", "Field10": "98121", "Field11": "40 554E C", "Field12": "Blanchard St", "Field13": "0", "Field14": "Blanchard St & 6th Ave", "Field15": 2 }, "geometry": null },
{ "type": "Feature", "properties": { "Field1": "18455", "Field2": "Y", "Field3": "SEA", "Field4": "1268298.1000000001", "Field5": "230682.9", "Field6": "YES", "Field7": "ACT", "Field8": "NO", "Field9": "Harrison St", "Field10": "98109", "Field11": "62", "Field12": "Dexter Ave N", "Field13": "0", "Field14": "Dexter Ave N & Harrison St", "Field15": 2 }, "geometry": null },
{ "type": "Feature", "properties": { "Field1": "18465", "Field2": "Y", "Field3": "SEA", "Field4": "1268325.3999999999", "Field5": "231747.9", "Field6": "YES", "Field7": "ACT", "Field8": "NO", "Field9": "Roy St", "Field10": "98109", "Field11": "62", "Field12": "Dexter Ave N", "Field13": "1", "Field14": "Dexter Ave N & Roy St", "Field15": 3 }, "geometry": null },
{ "type": "Feature", "properties": { "Field1": "18480", "Field2": "Y", "Field3": "SEA", "Field4": "1268344.8999999999", "Field5": "232508.9", "Field6": "YES", "Field7": "ACT", "Field8": "NO", "Field9": "Aloha St", "Field10": "98109", "Field11": "62", "Field12": "Dexter Ave N", "Field13": "1", "Field14": "Dexter Ave N & Aloha St", "Field15": 3 }, "geometry": null },
{ "type": "Feature", "properties": { "Field1": "16990", "Field2": "Y", "Field3": "SEA", "Field4": "1270934.7", "Field5": "260050.5", "Field6": "YES", "Field7": "ACT", "Field8": "NO", "Field9": "N 103rd St", "Field10": "98133", "Field11": "345 365 40", "Field12": "College Way N", "Field13": "1", "Field14": "College Way N & N 103rd St", "Field15": 3 }, "geometry": null },
{ "type": "Feature", "properties": { "Field1": "17010", "Field2": "Y", "Field3": "SEA", "Field4": "1270615.2", "Field5": "258707.1", "Field6": "YES", "Field7": "ACT", "Field8": "NO", "Field9": "N 97th St", "Field10": "98103", "Field11": "345 365 40", "Field12": "College Way N", "Field13": "1", "Field14": "College Way N & N 97th St", "Field15": 3 }, "geometry": null },
{ "type": "Feature", "properties": { "Field1": "17022", "Field2": "Y", "Field3": "SEA", "Field4": "1271703.7", "Field5": "257439.4", "Field6": "YES", "Field7": "ACT", "Field8": "NO", "Field9": "Corliss Ave N", "Field10": "98103", "Field11": "345 365 40 61", "Field12": "N 92nd St", "Field13": "0", "Field14": "N 92nd St & Corliss Ave N", "Field15": 2 }, "geometry": null },
{ "type": "Feature", "properties": { "Field1": "17024", "Field2": "Y", "Field3": "SEA", "Field4": "1272264.1000000001", "Field5": "258157.2", "Field6": "YES", "Field7": "ACT", "Field8": "NO", "Field9": "NE 95th St", "Field10": "98115", "Field11": "345 365 40 61", "Field12": "1st Ave NE", "Field13": "1", "Field14": "1st Ave NE & NE 95th St", "Field15": 3 }, "geometry": null },
{ "type": "Feature", "properties": { "Field1": "17040", "Field2": "Y", "Field3": "SEA", "Field4": "1270261.6000000001", "Field5": "256855.9", "Field6": "YES", "Field7": "ACT", "Field8": "NO", "Field9": "N 90th St", "Field10": "98103", "Field11": "61", "Field12": "Wallingford Ave N", "Field13": "1", "Field14": "Wallingford Ave N & N 90th St", "Field15": 3 }, "geometry": null },
{ "type": "Feature", "properties": { "Field1": "18505", "Field2": "Y", "Field3": "SEA", "Field4": "1268392.7", "Field5": "234391.5", "Field6": "YES", "Field7": "ACT", "Field8": "NO", "Field9": "E Galer St", "Field10": "98109", "Field11": "62", "Field12": "Dexter Ave N", "Field13": "0", "Field14": "Dexter Ave N & E Galer St", "Field15": 2 }, "geometry": null },
{ "type": "Feature", "properties": { "Field1": "18680", "Field2": "Y", "Field3": "SEA", "Field4": "1260330.8", "Field5": "242518.8", "Field6": "YES", "Field7": "ACT", "Field8": "NO", "Field9": "W Emerson St", "Field10": "98119", "Field11": "31", "Field12": "W Nickerson St", "Field13": "0", "Field14": "W Nickerson St & W Emerson St", "Field15": 2 }, "geometry": null },
{ "type": "Feature", "properties": { "Field1": "20250", "Field2": "Y", "Field3": "SEA", "Field4": "1255087.3999999999", "Field5": "194686.6", "Field6": "YES", "Field7": "ACT", "Field8": "NO", "Field9": "SW Barton St", "Field10": "98136", "Field11": "C", "Field12": "Fauntleroy Way SW", "Field13": "1", "Field14": "Fauntleroy Way SW & SW Barton St", "Field15": 3 }, "geometry": null },
{ "type": "Feature", "properties": { "Field1": "20270", "Field2": "Y", "Field3": "SEA", "Field4": "1255595.3999999999", "Field5": "193939", "Field6": "YES", "Field7": "ACT", "Field8": "NO", "Field9": "46th Ave SW", "Field10": "98136", "Field11": "C", "Field12": "SW Wildwood Pl", "Field13": "0", "Field14": "SW Wildwood Pl & 46th Ave SW", "Field15": 2 }, "geometry": null },
{ "type": "Feature", "properties": { "Field1": "20540", "Field2": "Y", "Field3": "SEA", "Field4": "1251735.8999999999", "Field5": "241793.2", "Field6": "YES", "Field7": "ACT", "Field8": "NO", "Field9": "W Ruffner St", "Field10": "98199", "Field11": "24", "Field12": "West Viewmont Way W", "Field13": "0", "Field14": "West Viewmont Way W & W Ruffner St", "Field15": 2 }, "geometry": null },
{ "type": "Feature", "properties": { "Field1": "20550", "Field2": "Y", "Field3": "SEA", "Field4": "1251940", "Field5": "241177", "Field6": "YES", "Field7": "ACT", "Field8": "NO", "Field9": "W Bertona St", "Field10": "98199", "Field11": "24", "Field12": "West Viewmont Way W", "Field13": "0", "Field14": "West Viewmont Way W & W Bertona St", "Field15": 2 }, "geometry": null },
{ "type": "Feature", "properties": { "Field1": "20560", "Field2": "Y", "Field3": "SEA", "Field4": "1251924.7", "Field5": "240505.60000000001", "Field6": "YES", "Field7": "ACT", "Field8": "NO", "Field9": "W Dravus St", "Field10": "98199", "Field11": "24", "Field12": "West Viewmont Way W", "Field13": "0", "Field14": "West Viewmont Way W & W Dravus St", "Field15": 2 }, "geometry": null },
{ "type": "Feature", "properties": { "Field1": "20570", "Field2": "Y", "Field3": "SEA", "Field4": "1251911.3", "Field5": "239938.8", "Field6": "YES", "Field7": "ACT", "Field8": "NO", "Field9": "W Barrett St", "Field10": "98199", "Field11": "24", "Field12": "West Viewmont Way W", "Field13": "0", "Field14": "West Viewmont Way W & W Barrett St", "Field15": 2 }, "geometry": null },
{ "type": "Feature", "properties": { "Field1": "18530", "Field2": "Y", "Field3": "SEA", "Field4": "1268373.5", "Field5": "235672", "Field6": "YES", "Field7": "ACT", "Field8": "NO", "Field9": "Newton St", "Field10": "98109", "Field11": "62", "Field12": "Dexter Ave N", "Field13": "0", "Field14": "Dexter Ave N & Newton St", "Field15": 2 }, "geometry": null },
{ "type": "Feature", "properties": { "Field1": "18540", "Field2": "Y", "Field3": "SEA", "Field4": "1268103.8", "Field5": "236404.5", "Field6": "YES", "Field7": "ACT", "Field8": "NO", "Field9": "Dexter Way N", "Field10": "98109", "Field11": "62", "Field12": "Dexter Ave N", "Field13": "0", "Field14": "Dexter Ave N & Dexter Way N", "Field15": 2 }, "geometry": null },
{ "type": "Feature", "properties": { "Field1": "18550", "Field2": "Y", "Field3": "SEA", "Field4": "1267873", "Field5": "237550.4", "Field6": "YES", "Field7": "ACT", "Field8": "NO", "Field9": "Wheeler St", "Field10": "98109", "Field11": "62", "Field12": "Dexter Ave N", "Field13": "0", "Field14": "Dexter Ave N & Wheeler St", "Field15": 2 }, "geometry": null },
{ "type": "Feature", "properties": { "Field1": "18580", "Field2": "Y", "Field3": "SEA", "Field4": "1267543.3", "Field5": "238526.6", "Field6": "YES", "Field7": "ACT", "Field8": "NO", "Field9": "Halladay St", "Field10": "98109", "Field11": "62", "Field12": "Dexter Ave N", "Field13": "0", "Field14": "Dexter Ave N & Halladay St", "Field15": 2 }, "geometry": null },
{ "type": "Feature", "properties": { "Field1": "18590", "Field2": "Y", "Field3": "SEA", "Field4": "1266800.7", "Field5": "239107.9", "Field6": "YES", "Field7": "ACT", "Field8": "NO", "Field9": "4th Ave N", "Field10": "98109", "Field11": "62", "Field12": "Dexter Ave N", "Field13": "0", "Field14": "Dexter Ave N & 4th Ave N", "Field15": 2 }, "geometry": null },
{ "type": "Feature", "properties": { "Field1": "18600", "Field2": "Y", "Field3": "SEA", "Field4": "1266163.8999999999", "Field5": "239713.9", "Field6": "YES", "Field7": "ACT", "Field8": "NO", "Field9": "3rd Ave N", "Field10": "98109", "Field11": "31 32", "Field12": "Nickerson St", "Field13": "0", "Field14": "Nickerson St & 3rd Ave N", "Field15": 2 }, "geometry": null },
{ "type": "Feature", "properties": { "Field1": "20130", "Field2": "Y", "Field3": "SEA", "Field4": "1256562.5", "Field5": "202602.8", "Field6": "YES", "Field7": "ACT", "Field8": "NO", "Field9": "California Ave SW", "Field10": "98136", "Field11": "C", "Field12": "Fauntleroy Way SW", "Field13": "1", "Field14": "Fauntleroy Way SW & California Ave SW", "Field15": 3 }, "geometry": null },
{ "type": "Feature", "properties": { "Field1": "20170", "Field2": "Y", "Field3": "SEA", "Field4": "1255722.8999999999", "Field5": "200604.9", "Field6": "YES", "Field7": "ACT", "Field8": "NO", "Field9": "SW Myrtle St", "Field10": "98136", "Field11": "C", "Field12": "Fauntleroy Way SW", "Field13": "0", "Field14": "Fauntleroy Way SW & SW Myrtle St", "Field15": 2 }, "geometry": null },
{ "type": "Feature", "properties": { "Field1": "20190", "Field2": "Y", "Field3": "SEA", "Field4": "1255267.6000000001", "Field5": "199277.8", "Field6": "YES", "Field7": "ACT", "Field8": "NO", "Field9": "SW Webster St", "Field10": "98136", "Field11": "C", "Field12": "Fauntleroy Way SW", "Field13": "0", "Field14": "Fauntleroy Way SW & SW Webster St", "Field15": 2 }, "geometry": null },
{ "type": "Feature", "properties": { "Field1": "20220", "Field2": "Y", "Field3": "SEA", "Field4": "1255196.8999999999", "Field5": "197071.4", "Field6": "YES", "Field7": "ACT", "Field8": "NO", "Field9": "SW Rose St", "Field10": "98136", "Field11": "C", "Field12": "Fauntleroy Way SW", "Field13": "0", "Field14": "Fauntleroy Way SW & SW Rose St", "Field15": 2 }, "geometry": null },
{ "type": "Feature", "properties": { "Field1": "22009", "Field2": "Y", "Field3": "SEA", "Field4": "1262716.7", "Field5": "209805.4", "Field6": "YES", "Field7": "ACT", "Field8": "NO", "Field9": "SW Genesee St", "Field10": "98106", "Field11": "50", "Field12": "Delridge Way SW", "Field13": "0", "Field14": "Delridge Way SW & SW Genesee St", "Field15": 2 }, "geometry": null },
{ "type": "Feature", "properties": { "Field1": "22010", "Field2": "Y", "Field3": "SEA", "Field4": "1262712.1000000001", "Field5": "209660.7", "Field6": "YES", "Field7": "ACT", "Field8": "NO", "Field9": "SW Genesee St", "Field10": "98106", "Field11": "125 H", "Field12": "Delridge Way SW", "Field13": "1", "Field14": "Delridge Way SW & SW Genesee St", "Field15": 3 }, "geometry": null },
{ "type": "Feature", "properties": { "Field1": "20040", "Field2": "Y", "Field3": "SEA", "Field4": "1257258.1000000001", "Field5": "208528.4", "Field6": "YES", "Field7": "ACT", "Field8": "NO", "Field9": "42nd Ave SW", "Field10": "98116", "Field11": "50 773", "Field12": "SW Alaska St", "Field13": "0", "Field14": "SW Alaska St & 42nd Ave SW", "Field15": 2 }, "geometry": null },
{ "type": "Feature", "properties": { "Field1": "20041", "Field2": "Y", "Field3": "SEA", "Field4": "1256748.8", "Field5": "208560.1", "Field6": "YES", "Field7": "ACT", "Field8": "NO", "Field9": "California Ave SW", "Field10": "98116", "Field11": "C", "Field12": "SW Alaska St", "Field13": "0", "Field14": "SW Alaska St & California Ave SW", "Field15": 2 }, "geometry": null },
{ "type": "Feature", "properties": { "Field1": "20050", "Field2": "Y", "Field3": "SEA", "Field4": "1256860.6000000001", "Field5": "207629.5", "Field6": "YES", "Field7": "ACT", "Field8": "NO", "Field9": "Erskine Way SW", "Field10": "98116", "Field11": "128 22 773", "Field12": "California Ave SW", "Field13": "0", "Field14": "California Ave SW & Erskine Way SW", "Field15": 2 }, "geometry": null },
{ "type": "Feature", "properties": { "Field1": "20070", "Field2": "Y", "Field3": "SEA", "Field4": "1256815.7", "Field5": "206505.3", "Field6": "YES", "Field7": "ACT", "Field8": "NO", "Field9": "SW Dawson St", "Field10": "98136", "Field11": "128 22 773", "Field12": "California Ave SW", "Field13": "1", "Field14": "California Ave SW & SW Dawson St", "Field15": 3 }, "geometry": null },
{ "type": "Feature", "properties": { "Field1": "20090", "Field2": "Y", "Field3": "SEA", "Field4": "1256761.6000000001", "Field5": "205141.3", "Field6": "YES", "Field7": "ACT", "Field8": "NO", "Field9": "SW Findlay St", "Field10": "98136", "Field11": "128 22 773 C", "Field12": "California Ave SW", "Field13": "1", "Field14": "California Ave SW & SW Findlay St", "Field15": 3 }, "geometry": null },
{ "type": "Feature", "properties": { "Field1": "20110", "Field2": "Y", "Field3": "SEA", "Field4": "1256710.6000000001", "Field5": "203862.1", "Field6": "YES", "Field7": "ACT", "Field8": "NO", "Field9": "SW Raymond St", "Field10": "98136", "Field11": "128 22 773", "Field12": "California Ave SW", "Field13": "0", "Field14": "California Ave SW & SW Raymond St", "Field15": 2 }, "geometry": null },
{ "type": "Feature", "properties": { "Field1": "22050", "Field2": "Y", "Field3": "SEA", "Field4": "1262761.3999999999", "Field5": "207130.5", "Field6": "YES", "Field7": "ACT", "Field8": "NO", "Field9": "SW Hudson St", "Field10": "98106", "Field11": "H", "Field12": "Delridge Way SW", "Field13": "1", "Field14": "Delridge Way SW & SW Hudson St", "Field15": 3 }, "geometry": null },
{ "type": "Feature", "properties": { "Field1": "22074", "Field2": "Y", "Field3": "SEA", "Field4": "1262705.8", "Field5": "205170", "Field6": "YES", "Field7": "ACT", "Field8": "NO", "Field9": "SW Findlay St", "Field10": "98106", "Field11": "H", "Field12": "Delridge Way SW", "Field13": "1", "Field14": "Delridge Way SW & SW Findlay St", "Field15": 3 }, "geometry": null },
{ "type": "Feature", "properties": { "Field1": "22075", "Field2": "Y", "Field3": "SEA", "Field4": "1262700.3", "Field5": "204979.1", "Field6": "YES", "Field7": "ACT", "Field8": "NO", "Field9": "SW Findlay St", "Field10": "98106", "Field11": "H", "Field12": "Delridge Way SW", "Field13": "1", "Field14": "Delridge Way SW & SW Findlay St", "Field15": 3 }, "geometry": null },
{ "type": "Feature", "properties": { "Field1": "23420", "Field2": "Y", "Field3": "SEA", "Field4": "1274849", "Field5": "251021", "Field6": "YES", "Field7": "ACT", "Field8": "NO", "Field9": "NE 69th St", "Field10": "98115", "Field11": "67", "Field12": "Roosevelt Way NE", "Field13": "1", "Field14": "Roosevelt Way NE & NE 69th St", "Field15": 3 }, "geometry": null },
{ "type": "Feature", "properties": { "Field1": "23421", "Field2": "Y", "Field3": "SEA", "Field4": "1274842.5", "Field5": "250371.20000000001", "Field6": "YES", "Field7": "ACT", "Field8": "NO", "Field9": "NE 66th St", "Field10": "98115", "Field11": "522E 67", "Field12": "Roosevelt Way NE", "Field13": "1", "Field14": "Roosevelt Way NE & NE 66th St", "Field15": 3 }, "geometry": null },
{ "type": "Feature", "properties": { "Field1": "21990", "Field2": "Y", "Field3": "SEA", "Field4": "1262740.8999999999", "Field5": "210785.4", "Field6": "YES", "Field7": "ACT", "Field8": "NO", "Field9": "SW Andover St", "Field10": "98106", "Field11": "125 50 H", "Field12": "Delridge Way SW", "Field13": "1", "Field14": "Delridge Way SW & SW Andover St", "Field15": 3 }, "geometry": null },
{ "type": "Feature", "properties": { "Field1": "23500", "Field2": "Y", "Field3": "SEA", "Field4": "1275018.5", "Field5": "246156", "Field6": "YES", "Field7": "ACT", "Field8": "NO", "Field9": "NE 50th St", "Field10": "98105", "Field11": "67", "Field12": "11th Ave NE", "Field13": "1", "Field14": "11th Ave NE & NE 50th St", "Field15": 3 }, "geometry": null },
{ "type": "Feature", "properties": { "Field1": "23520", "Field2": "Y", "Field3": "SEA", "Field4": "1275051.3999999999", "Field5": "247324.1", "Field6": "YES", "Field7": "ACT", "Field8": "NO", "Field9": "NE 55th St", "Field10": "98105", "Field11": "67", "Field12": "11th Ave NE", "Field13": "0", "Field14": "11th Ave NE & NE 55th St", "Field15": 2 }, "geometry": null },
{ "type": "Feature", "properties": { "Field1": "23530", "Field2": "Y", "Field3": "SEA", "Field4": "1275094.3", "Field5": "248407.6", "Field6": "YES", "Field7": "ACT", "Field8": "NO", "Field9": "NE Ravenna Blvd", "Field10": "98105", "Field11": "67", "Field12": "11th Ave NE", "Field13": "0", "Field14": "11th Ave NE & NE Ravenna Blvd", "Field15": 2 }, "geometry": null },
{ "type": "Feature", "properties": { "Field1": "23540", "Field2": "Y", "Field3": "SEA", "Field4": "1275237", "Field5": "248879.2", "Field6": "YES", "Field7": "ACT", "Field8": "NO", "Field9": "NE 61st St", "Field10": "98115", "Field11": "67", "Field12": "12th Ave NE", "Field13": "0", "Field14": "12th Ave NE & NE 61st St", "Field15": 2 }, "geometry": null },
{ "type": "Feature", "properties": { "Field1": "23370", "Field2": "Y", "Field3": "SEA", "Field4": "1274868.7", "Field5": "253934.9", "Field6": "YES", "Field7": "ACT", "Field8": "NO", "Field9": "NE 80th St", "Field10": "98115", "Field11": "67", "Field12": "Roosevelt Way NE", "Field13": "0", "Field14": "Roosevelt Way NE & NE 80th St", "Field15": 2 }, "geometry": null },
{ "type": "Feature", "properties": { "Field1": "23390", "Field2": "Y", "Field3": "SEA", "Field4": "1274859.3", "Field5": "252613.4", "Field6": "YES", "Field7": "ACT", "Field8": "NO", "Field9": "NE 75th St", "Field10": "98115", "Field11": "67", "Field12": "Roosevelt Way NE", "Field13": "1", "Field14": "Roosevelt Way NE & NE 75th St", "Field15": 3 }, "geometry": null },
{ "type": "Feature", "properties": { "Field1": "26901", "Field2": "Y", "Field3": "SEA", "Field4": "1269302.2", "Field5": "240442.3", "Field6": "YES", "Field7": "ACT", "Field8": "NO", "Field9": "Carr Pl N", "Field10": "98103", "Field11": "31 32", "Field12": "N 35th St", "Field13": "0", "Field14": "N 35th St & Carr Pl N", "Field15": 2 }, "geometry": null },
{ "type": "Feature", "properties": { "Field1": "100", "Field2": "Y", "Field3": "SEA", "Field4": "1269593.8", "Field5": "224345.8", "Field6": "YES", "Field7": "ACT", "Field8": "NO", "Field9": "Spring St", "Field10": "98104", "Field11": "G", "Field12": "1st Ave", "Field13": "0", "Field14": "1st Ave & Spring St", "Field15": 2 }, "geometry": null },
{ "type": "Feature", "properties": { "Field1": "101", "Field2": "Y", "Field3": "SEA", "Field4": "1269995.5", "Field5": "224735", "Field6": "YES", "Field7": "ACT", "Field8": "NO", "Field9": "3rd Ave", "Field10": "98104", "Field11": "G", "Field12": "Spring St", "Field13": "0", "Field14": "Spring St & 3rd Ave", "Field15": 2 }, "geometry": null },
{ "type": "Feature", "properties": { "Field1": "1070", "Field2": "Y", "Field3": "SEA", "Field4": "1270817.2", "Field5": "227911.9", "Field6": "YES", "Field7": "ACT", "Field8": "NO", "Field9": "Terry Ave", "Field10": "98101", "Field11": "545E", "Field12": "Olive Way", "Field13": "0", "Field14": "Olive Way & Terry Ave", "Field15": 2 }, "geometry": null },
{ "type": "Feature", "properties": { "Field1": "1073", "Field2": "Y", "Field3": "SEA", "Field4": "1271270.8999999999", "Field5": "228185.9", "Field6": "YES", "Field7": "ACT", "Field8": "NO", "Field9": "Boren Ave", "Field10": "98101", "Field11": "545E", "Field12": "Olive Way", "Field13": "0", "Field14": "Olive Way & Boren Ave", "Field15": 2 }, "geometry": null },
{ "type": "Feature", "properties": { "Field1": "26920", "Field2": "Y", "Field3": "SEA", "Field4": "1269977.8999999999", "Field5": "240504.2", "Field6": "YES", "Field7": "ACT", "Field8": "NO", "Field9": "N 35th St", "Field10": "98103", "Field11": "31 32", "Field12": "Wallingford Ave N", "Field13": "1", "Field14": "Wallingford Ave N & N 35th St", "Field15": 3 }, "geometry": null },
{ "type": "Feature", "properties": { "Field1": "26940", "Field2": "Y", "Field3": "SEA", "Field4": "1270005.3999999999", "Field5": "241518.1", "Field6": "YES", "Field7": "ACT", "Field8": "NO", "Field9": "N 37th St", "Field10": "98103", "Field11": "31 32", "Field12": "Wallingford Ave N", "Field13": "0", "Field14": "Wallingford Ave N & N 37th St", "Field15": 2 }, "geometry": null },
{ "type": "Feature", "properties": { "Field1": "26965", "Field2": "Y", "Field3": "SEA", "Field4": "1270179.8999999999", "Field5": "242773.4", "Field6": "YES", "Field7": "ACT", "Field8": "NO", "Field9": "Wallingford Ave N", "Field10": "98103", "Field11": "31 32", "Field12": "N 40th St", "Field13": "0", "Field14": "N 40th St & Wallingford Ave N", "Field15": 2 }, "geometry": null },
{ "type": "Feature", "properties": { "Field1": "26980", "Field2": "Y", "Field3": "SEA", "Field4": "1271075", "Field5": "242731.8", "Field6": "YES", "Field7": "ACT", "Field8": "NO", "Field9": "Bagley Ave N", "Field10": "98103", "Field11": "31 32", "Field12": "N 40th St", "Field13": "1", "Field14": "N 40th St & Bagley Ave N", "Field15": 3 }, "geometry": null },
{ "type": "Feature", "properties": { "Field1": "985", "Field2": "Y", "Field3": "SEA", "Field4": "1266420", "Field5": "230291", "Field6": "UNK", "Field7": "ACT", "Field8": "NO", "Field9": "Thomas St", "Field10": "98109", "Field12": "Monorail", "Field13": "0", "Field14": "Monorail & Thomas St", "Field15": 0 }, "geometry": null },
{ "type": "Feature", "properties": { "Field1": "986", "Field2": "Y", "Field3": "SEA", "Field4": "1269596.3", "Field5": "226825.4", "Field6": "UNK", "Field7": "ACT", "Field8": "NO", "Field9": "5th Ave", "Field10": "98101", "Field12": "Monorail", "Field13": "0", "Field14": "Monorail & 5th Ave", "Field15": 0 }, "geometry": null },
{ "type": "Feature", "properties": { "Field1": "992", "Field2": "Y", "Field3": "SEA", "Field4": "1270440.8", "Field5": "227787.4", "Field6": "YES", "Field7": "ACT", "Field8": "NO", "Field9": "9th Ave", "Field10": "98101", "Field11": "101 102 111N 150 177N", "Field12": "Howell St", "Field13": "1", "Field14": "Howell St & 9th Ave", "Field15": 3 }, "geometry": null },
{ "type": "Feature", "properties": { "Field1": "996", "Field2": "Y", "Field3": "SEA", "Field4": "1270975.5", "Field5": "224540", "Field6": "YES", "Field7": "ACT", "Field8": "NO", "Field9": "Marion St", "Field10": "98104", "Field12": "5th Ave", "Field13": "0", "Field14": "5th Ave & Marion St", "Field15": 2 }, "geometry": null },
{ "type": "Feature", "properties": { "Field1": "1920", "Field2": "Y", "Field3": "SEA", "Field4": "1268522.3999999999", "Field5": "227584.4", "Field6": "YES", "Field7": "ACT", "Field8": "NO", "Field9": "4th Ave", "Field10": "98121", "Field11": "554E", "Field12": "Lenora St", "Field13": "0", "Field14": "Lenora St & 4th Ave", "Field15": 2 }, "geometry": null },
{ "type": "Feature", "properties": { "Field1": "2020", "Field2": "Y", "Field3": "SEA", "Field4": "1261590.8", "Field5": "238506.1", "Field6": "YES", "Field7": "ACT", "Field8": "NO", "Field9": "W Bothwell St", "Field10": "98119", "Field11": "1", "Field12": "10th Ave W", "Field13": "0", "Field14": "10th Ave W & W Bothwell St", "Field15": 2 }, "geometry": null },
{ "type": "Feature", "properties": { "Field1": "2030", "Field2": "Y", "Field3": "SEA", "Field4": "1261610.2", "Field5": "237888.7", "Field6": "YES", "Field7": "ACT", "Field8": "NO", "Field9": "W Halladay St", "Field10": "98119", "Field11": "1", "Field12": "10th Ave W", "Field13": "0", "Field14": "10th Ave W & W Halladay St", "Field15": 2 }, "geometry": null },
{ "type": "Feature", "properties": { "Field1": "2050", "Field2": "Y", "Field3": "SEA", "Field4": "1261533.3999999999", "Field5": "237002.6", "Field6": "YES", "Field7": "ACT", "Field8": "NO", "Field9": "W McGraw St", "Field10": "98119", "Field11": "1", "Field12": "10th Ave W", "Field13": "0", "Field14": "10th Ave W & W McGraw St", "Field15": 2 }, "geometry": null },
{ "type": "Feature", "properties": { "Field1": "2060", "Field2": "Y", "Field3": "SEA", "Field4": "1261514.1000000001", "Field5": "236356", "Field6": "YES", "Field7": "ACT", "Field8": "NO", "Field9": "W Crockett St", "Field10": "98119", "Field11": "1", "Field12": "10th Ave W", "Field13": "0", "Field14": "10th Ave W & W Crockett St", "Field15": 2 }, "geometry": null },
{ "type": "Feature", "properties": { "Field1": "997", "Field2": "Y", "Field3": "SEA", "Field4": "1270404.3", "Field5": "226136.7", "Field6": "YES", "Field7": "ACT", "Field8": "NO", "Field9": "Union St", "Field10": "98101", "Field11": "162N", "Field12": "6th Ave", "Field13": "0", "Field14": "6th Ave & Union St", "Field15": 2 }, "geometry": null },
{ "type": "Feature", "properties": { "Field1": "1010", "Field2": "Y", "Field3": "SEA", "Field4": "1271143.6000000001", "Field5": "228566.9", "Field6": "YES", "Field7": "ACT", "Field8": "NO", "Field9": "Minor Ave", "Field10": "98101", "Field11": "111 177", "Field12": "Howell St", "Field13": "0", "Field14": "Howell St & Minor Ave", "Field15": 2 }, "geometry": null },
{ "type": "Feature", "properties": { "Field1": "1020", "Field2": "Y", "Field3": "SEA", "Field4": "1271441", "Field5": "228894.1", "Field6": "YES", "Field7": "ACT", "Field8": "NO", "Field9": "Yale Ave", "Field10": "98101", "Field12": "Howell St", "Field13": "1", "Field14": "Howell St & Yale Ave", "Field15": 3 }, "geometry": null },
{ "type": "Feature", "properties": { "Field1": "1040", "Field2": "Y", "Field3": "SEA", "Field4": "1269706.8999999999", "Field5": "227255.7", "Field6": "YES", "Field7": "ACT", "Field8": "NO", "Field9": "6th Ave", "Field10": "98101", "Field11": "101 102 111 150 177N 212N 218N", "Field12": "Olive Way", "Field13": "2", "Field14": "Olive Way & 6th Ave", "Field15": 3 }, "geometry": null },
{ "type": "Feature", "properties": { "Field1": "1050", "Field2": "Y", "Field3": "SEA", "Field4": "1270248.6000000001", "Field5": "227575.6", "Field6": "YES", "Field7": "ACT", "Field8": "NO", "Field9": "8th Ave", "Field10": "98101", "Field11": "212 218 545E", "Field12": "Olive Way", "Field13": "0", "Field14": "Olive Way & 8th Ave", "Field15": 2 }, "geometry": null },
{ "type": "Feature", "properties": { "Field1": "2070", "Field2": "Y", "Field3": "SEA", "Field4": "1261494.3", "Field5": "235692.1", "Field6": "YES", "Field7": "ACT", "Field8": "NO", "Field9": "W Howe St", "Field10": "98119", "Field11": "1", "Field12": "10th Ave W", "Field13": "1", "Field14": "10th Ave W & W Howe St", "Field15": 3 }, "geometry": null },
{ "type": "Feature", "properties": { "Field1": "2080", "Field2": "Y", "Field3": "SEA", "Field4": "1261481.5", "Field5": "235252.5", "Field6": "YES", "Field7": "ACT", "Field8": "NO", "Field9": "W Blaine St", "Field10": "98119", "Field11": "1", "Field12": "10th Ave W", "Field13": "0", "Field14": "10th Ave W & W Blaine St", "Field15": 2 }, "geometry": null },
{ "type": "Feature", "properties": { "Field1": "3470", "Field2": "Y", "Field3": "SEA", "Field4": "1275437.6000000001", "Field5": "214805.5", "Field6": "YES", "Field7": "ACT", "Field8": "NO", "Field9": "S Lander St", "Field10": "98144", "Field11": "36 60", "Field12": "Beacon Ave S", "Field13": "1", "Field14": "Beacon Ave S & S Lander St", "Field15": 3 }, "geometry": null },
{ "type": "Feature", "properties": { "Field1": "3484", "Field2": "Y", "Field3": "SEA", "Field4": "1275072.6000000001", "Field5": "215415.5", "Field6": "YES", "Field7": "ACT", "Field8": "NO", "Field9": "15th Ave S", "Field10": "98144", "Field11": "36 60", "Field12": "Beacon Ave S", "Field13": "1", "Field14": "Beacon Ave S & 15th Ave S", "Field15": 3 }, "geometry": null },
{ "type": "Feature", "properties": { "Field1": "3380", "Field2": "Y", "Field3": "SEA", "Field4": "1277255.1000000001", "Field5": "207453.1", "Field6": "YES", "Field7": "ACT", "Field8": "NO", "Field9": "S Columbian Way", "Field10": "98108", "Field11": "36", "Field12": "Beacon Ave S", "Field13": "1", "Field14": "Beacon Ave S & S Columbian Way", "Field15": 3 }, "geometry": null },
{ "type": "Feature", "properties": { "Field1": "3400", "Field2": "Y", "Field3": "SEA", "Field4": "1276939.7", "Field5": "209106.1", "Field6": "YES", "Field7": "ACT", "Field8": "NO", "Field9": "VA Hospital AcRd", "Field10": "98108", "Field11": "36", "Field12": "Beacon Ave S", "Field13": "3", "Field14": "Beacon Ave S & VA Hospital AcRd", "Field15": 3 }, "geometry": null },
{ "type": "Feature", "properties": { "Field1": "3410", "Field2": "Y", "Field3": "SEA", "Field4": "1276689.2", "Field5": "210418.3", "Field6": "YES", "Field7": "ACT", "Field8": "NO", "Field9": "VA Hospital AcRd", "Field10": "98108", "Field11": "36", "Field12": "Beacon Ave S", "Field13": "0", "Field14": "Beacon Ave S & VA Hospital AcRd", "Field15": 2 }, "geometry": null },
{ "type": "Feature", "properties": { "Field1": "5880", "Field2": "Y", "Field3": "SEA", "Field4": "1265727.5", "Field5": "250175.7", "Field6": "YES", "Field7": "ACT", "Field8": "NO", "Field9": "N 65th St", "Field10": "98103", "Field11": "5", "Field12": "Phinney Ave N", "Field13": "1", "Field14": "Phinney Ave N & N 65th St", "Field15": 3 }, "geometry": null },
{ "type": "Feature", "properties": { "Field1": "5900", "Field2": "Y", "Field3": "SEA", "Field4": "1265700.3", "Field5": "249112.1", "Field6": "YES", "Field7": "ACT", "Field8": "NO", "Field9": "N 61st St", "Field10": "98103", "Field11": "5", "Field12": "Phinney Ave N", "Field13": "0", "Field14": "Phinney Ave N & N 61st St", "Field15": 2 }, "geometry": null },
{ "type": "Feature", "properties": { "Field1": "5910", "Field2": "Y", "Field3": "SEA", "Field4": "1265689.6000000001", "Field5": "248667.7", "Field6": "YES", "Field7": "ACT", "Field8": "NO", "Field9": "N 59th St", "Field10": "98103", "Field11": "5", "Field12": "Phinney Ave N", "Field13": "0", "Field14": "Phinney Ave N & N 59th St", "Field15": 2 }, "geometry": null },
{ "type": "Feature", "properties": { "Field1": "5930", "Field2": "Y", "Field3": "SEA", "Field4": "1265662", "Field5": "247546.6", "Field6": "YES", "Field7": "ACT", "Field8": "NO", "Field9": "N 55th St", "Field10": "98103", "Field11": "5", "Field12": "Phinney Ave N", "Field13": "1", "Field14": "Phinney Ave N & N 55th St", "Field15": 3 }, "geometry": null },
{ "type": "Feature", "properties": { "Field1": "5940", "Field2": "Y", "Field3": "SEA", "Field4": "1265652.3999999999", "Field5": "247188.8", "Field6": "YES", "Field7": "ACT", "Field8": "NO", "Field9": "N 54th St", "Field10": "98103", "Field11": "5", "Field12": "Phinney Ave N", "Field13": "1", "Field14": "Phinney Ave N & N 54th St", "Field15": 3 }, "geometry": null },
{ "type": "Feature", "properties": { "Field1": "5960", "Field2": "Y", "Field3": "SEA", "Field4": "1265744.5", "Field5": "246165.1", "Field6": "YES", "Field7": "ACT", "Field8": "NO", "Field9": "N 50th St", "Field10": "98103", "Field11": "5", "Field12": "Phinney Ave N", "Field13": "0", "Field14": "Phinney Ave N & N 50th St", "Field15": 2 }, "geometry": null },
{ "type": "Feature", "properties": { "Field1": "5980", "Field2": "Y", "Field3": "SEA", "Field4": "1265718.6000000001", "Field5": "245130.7", "Field6": "YES", "Field7": "ACT", "Field8": "NO", "Field9": "N 46th St", "Field10": "98103", "Field11": "5", "Field12": "Phinney Ave N", "Field13": "1", "Field14": "Phinney Ave N & N 46th St", "Field15": 3 }, "geometry": null },
{ "type": "Feature", "properties": { "Field1": "6000", "Field2": "Y", "Field3": "SEA", "Field4": "1265708.1000000001", "Field5": "244070.9", "Field6": "YES", "Field7": "ACT", "Field8": "NO", "Field9": "Phinney Ave N", "Field10": "98103", "Field11": "5", "Field12": "N 43rd St", "Field13": "1", "Field14": "N 43rd St & Phinney Ave N", "Field15": 3 }, "geometry": null },
{ "type": "Feature", "properties": { "Field1": "3420", "Field2": "Y", "Field3": "SEA", "Field4": "1276514.8", "Field5": "211330.9", "Field6": "YES", "Field7": "ACT", "Field8": "NO", "Field9": "VA Hospital AcRd", "Field10": "98108", "Field11": "36", "Field12": "Beacon Ave S", "Field13": "0", "Field14": "Beacon Ave S & VA Hospital AcRd", "Field15": 2 }, "geometry": null },
{ "type": "Feature", "properties": { "Field1": "3430", "Field2": "Y", "Field3": "SEA", "Field4": "1276342.1000000001", "Field5": "212190.4", "Field6": "YES", "Field7": "ACT", "Field8": "NO", "Field9": "S Spokane St", "Field10": "98144", "Field11": "36", "Field12": "Beacon Ave S", "Field13": "1", "Field14": "Beacon Ave S & S Spokane St", "Field15": 3 }, "geometry": null },
{ "type": "Feature", "properties": { "Field1": "3450", "Field2": "Y", "Field3": "SEA", "Field4": "1276127.1000000001", "Field5": "213341", "Field6": "YES", "Field7": "ACT", "Field8": "NO", "Field9": "S Hanford St", "Field10": "98144", "Field11": "36", "Field12": "Beacon Ave S", "Field13": "1", "Field14": "Beacon Ave S & S Hanford St", "Field15": 3 }, "geometry": null },
{ "type": "Feature", "properties": { "Field1": "5770", "Field2": "Y", "Field3": "SEA", "Field4": "1265617.8999999999", "Field5": "256955.2", "Field6": "YES", "Field7": "ACT", "Field8": "NO", "Field9": "N 90th St", "Field10": "98103", "Field11": "5", "Field12": "Greenwood Ave N", "Field13": "1", "Field14": "Greenwood Ave N & N 90th St", "Field15": 3 }, "geometry": null },
{ "type": "Feature", "properties": { "Field1": "5771", "Field2": "Y", "Field3": "SEA", "Field4": "1265610.2", "Field5": "256329.3", "Field6": "YES", "Field7": "ACT", "Field8": "NO", "Field9": "N 87th St", "Field10": "98103", "Field11": "5", "Field12": "Greenwood Ave N", "Field13": "1", "Field14": "Greenwood Ave N & N 87th St", "Field15": 3 }, "geometry": null },
{ "type": "Feature", "properties": { "Field1": "5790", "Field2": "Y", "Field3": "SEA", "Field4": "1265599.5", "Field5": "255518.8", "Field6": "YES", "Field7": "ACT", "Field8": "NO", "Field9": "N 85th St", "Field10": "98103", "Field11": "5", "Field12": "Greenwood Ave N", "Field13": "1", "Field14": "Greenwood Ave N & N 85th St", "Field15": 3 }, "geometry": null },
{ "type": "Feature", "properties": { "Field1": "5810", "Field2": "Y", "Field3": "SEA", "Field4": "1265574", "Field5": "254196.8", "Field6": "YES", "Field7": "ACT", "Field8": "NO", "Field9": "N 80th St", "Field10": "98103", "Field11": "5", "Field12": "Greenwood Ave N", "Field13": "1", "Field14": "Greenwood Ave N & N 80th St", "Field15": 3 }, "geometry": null },
{ "type": "Feature", "properties": { "Field1": "7670", "Field2": "Y", "Field3": "SEA", "Field4": "1267602.1000000001", "Field5": "252167.6", "Field6": "YES", "Field7": "ACT", "Field8": "NO", "Field9": "N 72nd St", "Field10": "98103", "Field11": "E", "Field12": "Linden Ave N", "Field13": "0", "Field14": "Linden Ave N & N 72nd St", "Field15": 2 }, "geometry": null },
{ "type": "Feature", "properties": { "Field1": "7690", "Field2": "Y", "Field3": "SEA", "Field4": "1268230.3999999999", "Field5": "253055.3", "Field6": "YES", "Field7": "ACT", "Field8": "NO", "Field9": "N 76th St", "Field10": "98103", "Field11": "E", "Field12": "Aurora Ave N", "Field13": "0", "Field14": "Aurora Ave N & N 76th St", "Field15": 2 }, "geometry": null },
{ "type": "Feature", "properties": { "Field1": "7710", "Field2": "Y", "Field3": "SEA", "Field4": "1268251.6000000001", "Field5": "254342.6", "Field6": "YES", "Field7": "ACT", "Field8": "NO", "Field9": "N 80th St", "Field10": "98103", "Field11": "E", "Field12": "Aurora Ave N", "Field13": "0", "Field14": "Aurora Ave N & N 80th St", "Field15": 2 }, "geometry": null },
{ "type": "Feature", "properties": { "Field1": "7730", "Field2": "Y", "Field3": "SEA", "Field4": "1268273", "Field5": "255739.4", "Field6": "YES", "Field7": "ACT", "Field8": "NO", "Field9": "N 85th St", "Field10": "98103", "Field11": "E", "Field12": "Aurora Ave N", "Field13": "1", "Field14": "Aurora Ave N & N 85th St", "Field15": 3 }, "geometry": null },
{ "type": "Feature", "properties": { "Field1": "7750", "Field2": "Y", "Field3": "SEA", "Field4": "1268288.2", "Field5": "257095", "Field6": "YES", "Field7": "ACT", "Field8": "NO", "Field9": "N 91st St", "Field10": "98103", "Field11": "E", "Field12": "Aurora Ave N", "Field13": "1", "Field14": "Aurora Ave N & N 91st St", "Field15": 3 }, "geometry": null },
{ "type": "Feature", "properties": { "Field1": "5830", "Field2": "Y", "Field3": "SEA", "Field4": "1265552.8999999999", "Field5": "253120.6", "Field6": "YES", "Field7": "ACT", "Field8": "NO", "Field9": "N 76th St", "Field10": "98103", "Field11": "5", "Field12": "Greenwood Ave N", "Field13": "0", "Field14": "Greenwood Ave N & N 76th St", "Field15": 2 }, "geometry": null },
{ "type": "Feature", "properties": { "Field1": "5840", "Field2": "Y", "Field3": "SEA", "Field4": "1265541.3999999999", "Field5": "252589.5", "Field6": "YES", "Field7": "ACT", "Field8": "NO", "Field9": "N 74th St", "Field10": "98103", "Field11": "5", "Field12": "Greenwood Ave N", "Field13": "1", "Field14": "Greenwood Ave N & N 74th St", "Field15": 3 }, "geometry": null },
{ "type": "Feature", "properties": { "Field1": "5860", "Field2": "Y", "Field3": "SEA", "Field4": "1265517.1000000001", "Field5": "251499.5", "Field6": "YES", "Field7": "ACT", "Field8": "NO", "Field9": "N 70th St", "Field10": "98103", "Field11": "5", "Field12": "Greenwood Ave N", "Field13": "1", "Field14": "Greenwood Ave N & N 70th St", "Field15": 3 }, "geometry": null },
{ "type": "Feature", "properties": { "Field1": "5875", "Field2": "Y", "Field3": "SEA", "Field4": "1265516.1000000001", "Field5": "251033.4", "Field6": "YES", "Field7": "ACT", "Field8": "NO", "Field9": "N 67th St", "Field10": "98103", "Field11": "5", "Field12": "Greenwood Ave N", "Field13": "0", "Field14": "Greenwood Ave N & N 67th St", "Field15": 2 }, "geometry": null },
{ "type": "Feature", "properties": { "Field1": "7530", "Field2": "Y", "Field3": "SEA", "Field4": "1268616", "Field5": "244602.8", "Field6": "YES", "Field7": "ACT", "Field8": "NO", "Field9": "N Allen Pl", "Field10": "98103", "Field11": "62", "Field12": "Stone Way N", "Field13": "1", "Field14": "Stone Way N & N Allen Pl", "Field15": 3 }, "geometry": null },
{ "type": "Feature", "properties": { "Field1": "10370", "Field2": "Y", "Field3": "SEA", "Field4": "1275924", "Field5": "246037.6", "Field6": "YES", "Field7": "ACT", "Field8": "NO", "Field9": "University Way NE", "Field10": "98105", "Field11": "79", "Field12": "NE 50th St", "Field13": "0", "Field14": "NE 50th St & University Way NE", "Field15": 2 }, "geometry": null },
{ "type": "Feature", "properties": { "Field1": "7630", "Field2": "Y", "Field3": "SEA", "Field4": "1267511.8999999999", "Field5": "250321", "Field6": "YES", "Field7": "ACT", "Field8": "NO", "Field9": "Linden Ave N", "Field10": "98103", "Field11": "E", "Field12": "Woodland Pl N", "Field13": "0", "Field14": "Woodland Pl N & Linden Ave N", "Field15": 2 }, "geometry": null },
{ "type": "Feature", "properties": { "Field1": "9147", "Field2": "Y", "Field3": "SEA", "Field4": "1275430.6000000001", "Field5": "242983.1", "Field6": "YES", "Field7": "ACT", "Field8": "NO", "Field9": "NE Campus Pkwy", "Field10": "98105", "Field11": "67", "Field12": "Brooklyn Ave NE", "Field13": "1", "Field14": "Brooklyn Ave NE & NE Campus Pkwy", "Field15": 3 }, "geometry": null },
{ "type": "Feature", "properties": { "Field1": "9150", "Field2": "Y", "Field3": "SEA", "Field4": "1273111.6000000001", "Field5": "240137.5", "Field6": "YES", "Field7": "ACT", "Field8": "NO", "Field9": "E Allison St", "Field10": "98102", "Field11": "70", "Field12": "Eastlake Ave E", "Field13": "0", "Field14": "Eastlake Ave E & E Allison St", "Field15": 2 }, "geometry": null },
{ "type": "Feature", "properties": { "Field1": "9190", "Field2": "Y", "Field3": "SEA", "Field4": "1272499.2", "Field5": "237699.8", "Field6": "YES", "Field7": "ACT", "Field8": "NO", "Field9": "E Louisa St", "Field10": "98102", "Field11": "70", "Field12": "Eastlake Ave E", "Field13": "0", "Field14": "Eastlake Ave E & E Louisa St", "Field15": 2 }, "geometry": null },
{ "type": "Feature", "properties": { "Field1": "10380", "Field2": "Y", "Field3": "SEA", "Field4": "1276469.7", "Field5": "246021.3", "Field6": "YES", "Field7": "ACT", "Field8": "NO", "Field9": "16th Ave NE", "Field10": "98105", "Field11": "79", "Field12": "NE 50th St", "Field13": "0", "Field14": "NE 50th St & 16th Ave NE", "Field15": 2 }, "geometry": null },
{ "type": "Feature", "properties": { "Field1": "10400", "Field2": "Y", "Field3": "SEA", "Field4": "1277438.2", "Field5": "246055.5", "Field6": "YES", "Field7": "ACT", "Field8": "NO", "Field9": "NE 50th St", "Field10": "98105", "Field11": "79", "Field12": "20th Ave NE", "Field13": "0", "Field14": "20th Ave NE & NE 50th St", "Field15": 2 }, "geometry": null },
{ "type": "Feature", "properties": { "Field1": "10410", "Field2": "Y", "Field3": "SEA", "Field4": "1277451.7", "Field5": "246644.8", "Field6": "YES", "Field7": "ACT", "Field8": "NO", "Field9": "NE 52nd St", "Field10": "98105", "Field11": "79", "Field12": "20th Ave NE", "Field13": "0", "Field14": "20th Ave NE & NE 52nd St", "Field15": 2 }, "geometry": null },
{ "type": "Feature", "properties": { "Field1": "10420", "Field2": "Y", "Field3": "SEA", "Field4": "1277465.8", "Field5": "247201.1", "Field6": "YES", "Field7": "ACT", "Field8": "NO", "Field9": "NE 54th St", "Field10": "98105", "Field11": "79", "Field12": "20th Ave NE", "Field13": "0", "Field14": "20th Ave NE & NE 54th St", "Field15": 2 }, "geometry": null },
{ "type": "Feature", "properties": { "Field1": "10430", "Field2": "Y", "Field3": "SEA", "Field4": "1277683.5", "Field5": "247611.7", "Field6": "YES", "Field7": "ACT", "Field8": "NO", "Field9": "21st Ave NE", "Field10": "98105", "Field11": "79", "Field12": "NE Ravenna Blvd", "Field13": "0", "Field14": "NE Ravenna Blvd & 21st Ave NE", "Field15": 2 }, "geometry": null },
{ "type": "Feature", "properties": { "Field1": "10445", "Field2": "Y", "Field3": "SEA", "Field4": "1278134.1000000001", "Field5": "247135.8", "Field6": "YES", "Field7": "ACT", "Field8": "NO", "Field9": "NE 54th St", "Field10": "98105", "Field11": "79", "Field12": "Ravenna Ave NE", "Field13": "0", "Field14": "Ravenna Ave NE & NE 54th St", "Field15": 2 }, "geometry": null },
{ "type": "Feature", "properties": { "Field1": "10460", "Field2": "Y", "Field3": "SEA", "Field4": "1279012.7", "Field5": "247301.9", "Field6": "YES", "Field7": "ACT", "Field8": "NO", "Field9": "25th Ave NE", "Field10": "98105", "Field11": "79", "Field12": "NE 55th St", "Field13": "0", "Field14": "NE 55th St & 25th Ave NE", "Field15": 2 }, "geometry": null },
{ "type": "Feature", "properties": { "Field1": "10470", "Field2": "Y", "Field3": "SEA", "Field4": "1279504.7", "Field5": "247291.5", "Field6": "YES", "Field7": "ACT", "Field8": "NO", "Field9": "27th Ave NE", "Field10": "98105", "Field11": "79", "Field12": "NE 55th St", "Field13": "0", "Field14": "NE 55th St & 27th Ave NE", "Field15": 2 }, "geometry": null },
{ "type": "Feature", "properties": { "Field1": "11770", "Field2": "Y", "Field3": "SEA", "Field4": "1280212.8999999999", "Field5": "216842.9", "Field6": "YES", "Field7": "ACT", "Field8": "NO", "Field9": "S Plum St", "Field10": "98144", "Field11": "14", "Field12": "31st Ave S", "Field13": "0", "Field14": "31st Ave S & S Plum St", "Field15": 2 }, "geometry": null },
{ "type": "Feature", "properties": { "Field1": "11790", "Field2": "Y", "Field3": "SEA", "Field4": "1280346.5", "Field5": "217957.4", "Field6": "YES", "Field7": "ACT", "Field8": "NO", "Field9": "S Massachusetts St", "Field10": "98144", "Field11": "14", "Field12": "31st Ave S", "Field13": "0", "Field14": "31st Ave S & S Massachusetts St", "Field15": 2 }, "geometry": null },
{ "type": "Feature", "properties": { "Field1": "11565", "Field2": "Y", "Field3": "SEA", "Field4": "1275603.2", "Field5": "229947.1", "Field6": "YES", "Field7": "ACT", "Field8": "NO", "Field9": "E Thomas St", "Field10": "98112", "Field11": "10", "Field12": "15th Ave E", "Field13": "0", "Field14": "15th Ave E & E Thomas St", "Field15": 2 }, "geometry": null },
{ "type": "Feature", "properties": { "Field1": "11566", "Field2": "Y", "Field3": "SEA", "Field4": "1275600.1000000001", "Field5": "229897.7", "Field6": "YES", "Field7": "ACT", "Field8": "NO", "Field9": "E Thomas St", "Field10": "98112", "Field11": "10", "Field12": "15th Ave E", "Field13": "0", "Field14": "15th Ave E & E Thomas St", "Field15": 2 }, "geometry": null },
{ "type": "Feature", "properties": { "Field1": "11567", "Field2": "Y", "Field3": "SEA", "Field4": "1275578.7", "Field5": "229224.3", "Field6": "YES", "Field7": "ACT", "Field8": "NO", "Field9": "E Denny Way", "Field10": "98112", "Field11": "10", "Field12": "15th Ave E", "Field13": "0", "Field14": "15th Ave E & E Denny Way", "Field15": 2 }, "geometry": null },
{ "type": "Feature", "properties": { "Field1": "11568", "Field2": "Y", "Field3": "SEA", "Field4": "1275573.5", "Field5": "229044.3", "Field6": "YES", "Field7": "ACT", "Field8": "NO", "Field9": "E Denny Way", "Field10": "98122", "Field11": "10", "Field12": "15th Ave", "Field13": "0", "Field14": "15th Ave & E Denny Way", "Field15": 2 }, "geometry": null },
{ "type": "Feature", "properties": { "Field1": "11569", "Field2": "Y", "Field3": "SEA", "Field4": "1275550.3", "Field5": "228095.2", "Field6": "YES", "Field7": "ACT", "Field8": "NO", "Field9": "E Pine St", "Field10": "98122", "Field11": "10", "Field12": "15th Ave", "Field13": "0", "Field14": "15th Ave & E Pine St", "Field15": 2 }, "geometry": null },
{ "type": "Feature", "properties": { "Field1": "9220", "Field2": "Y", "Field3": "SEA", "Field4": "1272477.8999999999", "Field5": "235765.3", "Field6": "YES", "Field7": "ACT", "Field8": "NO", "Field9": "E Newton St", "Field10": "98102", "Field11": "70", "Field12": "Eastlake Ave E", "Field13": "1", "Field14": "Eastlake Ave E & E Newton St", "Field15": 3 }, "geometry": null },
{ "type": "Feature", "properties": { "Field1": "10280", "Field2": "Y", "Field3": "SEA", "Field4": "1270262.1000000001", "Field5": "229356", "Field6": "YES", "Field7": "ACT", "Field8": "NO", "Field9": "Denny Way", "Field10": "98109", "Field11": "256 303 322 70", "Field12": "Fairview Ave N", "Field13": "0", "Field14": "Fairview Ave N & Denny Way", "Field15": 2 }, "geometry": null },
{ "type": "Feature", "properties": { "Field1": "10305", "Field2": "Y", "Field3": "SEA", "Field4": "1270278.5", "Field5": "230596.1", "Field6": "YES", "Field7": "ACT", "Field8": "NO", "Field9": "Harrison St", "Field10": "98109", "Field11": "256 303 322 70", "Field12": "Fairview Ave N", "Field13": "0", "Field14": "Fairview Ave N & Harrison St", "Field15": 2 }, "geometry": null },
{ "type": "Feature", "properties": { "Field1": "10325", "Field2": "Y", "Field3": "SEA", "Field4": "1270509", "Field5": "232191.7", "Field6": "YES", "Field7": "ACT", "Field8": "NO", "Field9": "Valley St", "Field10": "98109", "Field11": "70 C", "Field12": "Fairview Ave N", "Field13": "0", "Field14": "Fairview Ave N & Valley St", "Field15": 2 }, "geometry": null },
{ "type": "Feature", "properties": { "Field1": "10328", "Field2": "Y", "Field3": "SEA", "Field4": "1270356.2", "Field5": "231942", "Field6": "YES", "Field7": "ACT", "Field8": "NO", "Field9": "Fairview Ave N", "Field10": "98109", "Field11": "C", "Field12": "Valley St", "Field13": "0", "Field14": "Valley St & Fairview Ave N", "Field15": 2 }, "geometry": null },
{ "type": "Feature", "properties": { "Field1": "11800", "Field2": "Y", "Field3": "SEA", "Field4": "1280399", "Field5": "218842.6", "Field6": "YES", "Field7": "ACT", "Field8": "NO", "Field9": "S Day St", "Field10": "98144", "Field11": "14", "Field12": "31st Ave S", "Field13": "0", "Field14": "31st Ave S & S Day St", "Field15": 2 }, "geometry": null },
{ "type": "Feature", "properties": { "Field1": "11820", "Field2": "Y", "Field3": "SEA", "Field4": "1280329.2", "Field5": "219907.8", "Field6": "YES", "Field7": "ACT", "Field8": "NO", "Field9": "S Norman St", "Field10": "98144", "Field11": "14", "Field12": "31st Ave S", "Field13": "1", "Field14": "31st Ave S & S Norman St", "Field15": 3 }, "geometry": null },
{ "type": "Feature", "properties": { "Field1": "11840", "Field2": "Y", "Field3": "SEA", "Field4": "1280362", "Field5": "220790", "Field6": "YES", "Field7": "ACT", "Field8": "NO", "Field9": "S Dearborn St", "Field10": "98144", "Field11": "14", "Field12": "31st Ave S", "Field13": "0", "Field14": "31st Ave S & S Dearborn St", "Field15": 2 }, "geometry": null },
{ "type": "Feature", "properties": { "Field1": "11860", "Field2": "Y", "Field3": "SEA", "Field4": "1280394", "Field5": "221518.7", "Field6": "YES", "Field7": "ACT", "Field8": "NO", "Field9": "S King St", "Field10": "98144", "Field11": "14", "Field12": "31st Ave S", "Field13": "0", "Field14": "31st Ave S & S King St", "Field15": 2 }, "geometry": null },
{ "type": "Feature", "properties": { "Field1": "11870", "Field2": "Y", "Field3": "SEA", "Field4": "1280151.5", "Field5": "221982.7", "Field6": "YES", "Field7": "ACT", "Field8": "NO", "Field9": "30th Ave S", "Field10": "98144", "Field11": "14", "Field12": "S Jackson St", "Field13": "1", "Field14": "S Jackson St & 30th Ave S", "Field15": 3 }, "geometry": null },
{ "type": "Feature", "properties": { "Field1": "11880", "Field2": "Y", "Field3": "SEA", "Field4": "1279568", "Field5": "222005.1", "Field6": "YES", "Field7": "ACT", "Field8": "NO", "Field9": "28th Ave S", "Field10": "98144", "Field11": "14", "Field12": "S Jackson St", "Field13": "0", "Field14": "S Jackson St & 28th Ave S", "Field15": 2 }, "geometry": null },
{ "type": "Feature", "properties": { "Field1": "13260", "Field2": "Y", "Field3": "SEA", "Field4": "1276907.5", "Field5": "229440.9", "Field6": "YES", "Field7": "ACT", "Field8": "NO", "Field9": "E John St", "Field10": "98112", "Field11": "12", "Field12": "19th Ave E", "Field13": "1", "Field14": "19th Ave E & E John St", "Field15": 3 }, "geometry": null },
{ "type": "Feature", "properties": { "Field1": "13262", "Field2": "Y", "Field3": "SEA", "Field4": "1274441.8", "Field5": "227101.7", "Field6": "YES", "Field7": "ACT", "Field8": "NO", "Field9": "12th Ave", "Field10": "98122", "Field11": "2", "Field12": "E Union St", "Field13": "1", "Field14": "E Union St & 12th Ave", "Field15": 3 }, "geometry": null },
{ "type": "Feature", "properties": { "Field1": "13264", "Field2": "Y", "Field3": "SEA", "Field4": "1273327.8", "Field5": "226351.9", "Field6": "YES", "Field7": "ACT", "Field8": "NO", "Field9": "Boylston Ave", "Field10": "98104", "Field11": "60", "Field12": "Madison St", "Field13": "0", "Field14": "Madison St & Boylston Ave", "Field15": 2 }, "geometry": null },
{ "type": "Feature", "properties": { "Field1": "13266", "Field2": "Y", "Field3": "SEA", "Field4": "1272591.6000000001", "Field5": "225916", "Field6": "YES", "Field7": "ACT", "Field8": "NO", "Field9": "Boren Ave", "Field10": "98104", "Field11": "60", "Field12": "Madison St", "Field13": "0", "Field14": "Madison St & Boren Ave", "Field15": 2 }, "geometry": null },
{ "type": "Feature", "properties": { "Field1": "11570", "Field2": "Y", "Field3": "SEA", "Field4": "1275633.8", "Field5": "230744.8", "Field6": "YES", "Field7": "ACT", "Field8": "NO", "Field9": "E Republican St", "Field10": "98112", "Field11": "10", "Field12": "15th Ave E", "Field13": "0", "Field14": "15th Ave E & E Republican St", "Field15": 2 }, "geometry": null },
{ "type": "Feature", "properties": { "Field1": "11590", "Field2": "Y", "Field3": "SEA", "Field4": "1275661.8999999999", "Field5": "231642.6", "Field6": "YES", "Field7": "ACT", "Field8": "NO", "Field9": "E Roy St", "Field10": "98112", "Field11": "10", "Field12": "15th Ave E", "Field13": "0", "Field14": "15th Ave E & E Roy St", "Field15": 2 }, "geometry": null },
{ "type": "Feature", "properties": { "Field1": "11600", "Field2": "Y", "Field3": "SEA", "Field4": "1275678.1000000001", "Field5": "232251.6", "Field6": "YES", "Field7": "ACT", "Field8": "NO", "Field9": "E Aloha St", "Field10": "98112", "Field11": "10", "Field12": "15th Ave E", "Field13": "0", "Field14": "15th Ave E & E Aloha St", "Field15": 2 }, "geometry": null },
{ "type": "Feature", "properties": { "Field1": "11610", "Field2": "Y", "Field3": "SEA", "Field4": "1275694.6000000001", "Field5": "232909.6", "Field6": "YES", "Field7": "ACT", "Field8": "NO", "Field9": "E Prospect St", "Field10": "98112", "Field11": "10", "Field12": "15th Ave E", "Field13": "0", "Field14": "15th Ave E & E Prospect St", "Field15": 2 }, "geometry": null },
{ "type": "Feature", "properties": { "Field1": "12980", "Field2": "Y", "Field3": "SEA", "Field4": "1276184.1000000001", "Field5": "224609.8", "Field6": "YES", "Field7": "ACT", "Field8": "NO", "Field9": "17th Ave", "Field10": "98122", "Field11": "193E 3 303 4", "Field12": "E Jefferson St", "Field13": "1", "Field14": "E Jefferson St & 17th Ave", "Field15": 3 }, "geometry": null },
{ "type": "Feature", "properties": { "Field1": "12991", "Field2": "Y", "Field3": "SEA", "Field4": "1277160", "Field5": "224586.5", "Field6": "YES", "Field7": "ACT", "Field8": "NO", "Field9": "20th Ave", "Field10": "98122", "Field11": "3 4", "Field12": "E Jefferson St", "Field13": "0", "Field14": "E Jefferson St & 20th Ave", "Field15": 2 }, "geometry": null },
{ "type": "Feature", "properties": { "Field1": "13020", "Field2": "Y", "Field3": "SEA", "Field4": "1278071.3", "Field5": "225238.7", "Field6": "YES", "Field7": "ACT", "Field8": "NO", "Field9": "23rd Ave", "Field10": "98122", "Field11": "3", "Field12": "E Cherry St", "Field13": "0", "Field14": "E Cherry St & 23rd Ave", "Field15": 2 }, "geometry": null },
{ "type": "Feature", "properties": { "Field1": "10350", "Field2": "Y", "Field3": "SEA", "Field4": "1271584.8999999999", "Field5": "233395.1", "Field6": "YES", "Field7": "ACT", "Field8": "NO", "Field9": "Yale Ave N", "Field10": "98109", "Field11": "70", "Field12": "Fairview Ave N", "Field13": "0", "Field14": "Fairview Ave N & Yale Ave N", "Field15": 2 }, "geometry": null },
{ "type": "Feature", "properties": { "Field1": "11620", "Field2": "Y", "Field3": "SEA", "Field4": "1275714.5", "Field5": "233614.3", "Field6": "YES", "Field7": "ACT", "Field8": "NO", "Field9": "E Highland Dr", "Field10": "98112", "Field11": "10", "Field12": "15th Ave E", "Field13": "0", "Field14": "15th Ave E & E Highland Dr", "Field15": 2 }, "geometry": null },
{ "type": "Feature", "properties": { "Field1": "11630", "Field2": "Y", "Field3": "SEA", "Field4": "1275876", "Field5": "234227", "Field6": "YES", "Field7": "ACT", "Field8": "NO", "Field9": "E Galer St", "Field10": "98112", "Field11": "10", "Field12": "Grandview Pl E", "Field13": "0", "Field14": "Grandview Pl E & E Galer St", "Field15": 2 }, "geometry": null },
{ "type": "Feature", "properties": { "Field1": "11640", "Field2": "Y", "Field3": "SEA", "Field4": "1275892", "Field5": "234793.7", "Field6": "YES", "Field7": "ACT", "Field8": "NO", "Field9": "E Garfield St", "Field10": "98112", "Field11": "10", "Field12": "Grandview Pl E", "Field13": "0", "Field14": "Grandview Pl E & E Garfield St", "Field15": 2 }, "geometry": null },
{ "type": "Feature", "properties": { "Field1": "11680", "Field2": "Y", "Field3": "SEA", "Field4": "1282136.1000000001", "Field5": "213351", "Field6": "YES", "Field7": "ACT", "Field8": "NO", "Field9": "S Hanford St", "Field10": "98144", "Field11": "14", "Field12": "Mount Rainier Dr S", "Field13": "0", "Field14": "Mount Rainier Dr S & S Hanford St", "Field15": 2 }, "geometry": null },
{ "type": "Feature", "properties": { "Field1": "11700", "Field2": "Y", "Field3": "SEA", "Field4": "1281252.8", "Field5": "214357.1", "Field6": "YES", "Field7": "ACT", "Field8": "NO", "Field9": "Lake Park Dr S", "Field10": "98144", "Field11": "14", "Field12": "S McClellan St", "Field13": "1", "Field14": "S McClellan St & Lake Park Dr S", "Field15": 3 }, "geometry": null },
{ "type": "Feature", "properties": { "Field1": "11720", "Field2": "Y", "Field3": "SEA", "Field4": "1280246.3", "Field5": "214378.2", "Field6": "YES", "Field7": "ACT", "Field8": "NO", "Field9": "31st Ave S", "Field10": "98144", "Field11": "14", "Field12": "S McClellan St", "Field13": "0", "Field14": "S McClellan St & 31st Ave S", "Field15": 2 }, "geometry": null },
{ "type": "Feature", "properties": { "Field1": "11730", "Field2": "Y", "Field3": "SEA", "Field4": "1280176.5", "Field5": "214930.7", "Field6": "YES", "Field7": "ACT", "Field8": "NO", "Field9": "S Lander St", "Field10": "98144", "Field11": "14", "Field12": "31st Ave S", "Field13": "0", "Field14": "31st Ave S & S Lander St", "Field15": 2 }, "geometry": null },
{ "type": "Feature", "properties": { "Field1": "11750", "Field2": "Y", "Field3": "SEA", "Field4": "1280196.5", "Field5": "215969.3", "Field6": "YES", "Field7": "ACT", "Field8": "NO", "Field9": "S College St", "Field10": "98144", "Field11": "14", "Field12": "31st Ave S", "Field13": "0", "Field14": "31st Ave S & S College St", "Field15": 2 }, "geometry": null },
{ "type": "Feature", "properties": { "Field1": "13270", "Field2": "Y", "Field3": "SEA", "Field4": "1276894.1000000001", "Field5": "229004", "Field6": "YES", "Field7": "ACT", "Field8": "NO", "Field9": "E Denny Way", "Field10": "98122", "Field11": "12", "Field12": "19th Ave", "Field13": "0", "Field14": "19th Ave & E Denny Way", "Field15": 2 }, "geometry": null },
{ "type": "Feature", "properties": { "Field1": "13030", "Field2": "Y", "Field3": "SEA", "Field4": "1278700.2", "Field5": "225227.4", "Field6": "YES", "Field7": "ACT", "Field8": "NO", "Field9": "25th Ave", "Field10": "98122", "Field11": "3", "Field12": "E Cherry St", "Field13": "0", "Field14": "E Cherry St & 25th Ave", "Field15": 2 }, "geometry": null },
{ "type": "Feature", "properties": { "Field1": "13040", "Field2": "Y", "Field3": "SEA", "Field4": "1279542.6000000001", "Field5": "225209", "Field6": "YES", "Field7": "ACT", "Field8": "NO", "Field9": "Martin L King Jr Way", "Field10": "98122", "Field11": "3", "Field12": "E Cherry St", "Field13": "0", "Field14": "E Cherry St & Martin L King Jr Way", "Field15": 2 }, "geometry": null },
{ "type": "Feature", "properties": { "Field1": "13060", "Field2": "Y", "Field3": "SEA", "Field4": "1280544.2", "Field5": "225181", "Field6": "YES", "Field7": "ACT", "Field8": "NO", "Field9": "31st Ave", "Field10": "98122", "Field11": "3", "Field12": "E Cherry St", "Field13": "0", "Field14": "E Cherry St & 31st Ave", "Field15": 2 }, "geometry": null },
{ "type": "Feature", "properties": { "Field1": "15190", "Field2": "Y", "Field3": "SEA", "Field4": "1269982.3999999999", "Field5": "212385.9", "Field6": "YES", "Field7": "ACT", "Field8": "NO", "Field9": "S Spokane St", "Field10": "98134", "Field11": "21 50", "Field12": "1st Ave S", "Field13": "1", "Field14": "1st Ave S & S Spokane St", "Field15": 3 }, "geometry": null },
{ "type": "Feature", "properties": { "Field1": "15201", "Field2": "Y", "Field3": "SEA", "Field4": "1270081.8999999999", "Field5": "218789.3", "Field6": "YES", "Field7": "ACT", "Field8": "NO", "Field9": "S Atlantic St", "Field10": "98134", "Field11": "21", "Field12": "1st Ave S", "Field13": "0", "Field14": "1st Ave S & S Atlantic St", "Field15": 2 }, "geometry": null },
{ "type": "Feature", "properties": { "Field1": "15202", "Field2": "Y", "Field3": "SEA", "Field4": "1270052", "Field5": "217279.6", "Field6": "YES", "Field7": "ACT", "Field8": "NO", "Field9": "S Holgate St", "Field10": "98134", "Field11": "21", "Field12": "1st Ave S", "Field13": "0", "Field14": "1st Ave S & S Holgate St", "Field15": 2 }, "geometry": null },
{ "type": "Feature", "properties": { "Field1": "15203", "Field2": "Y", "Field3": "SEA", "Field4": "1270021.5", "Field5": "215744.7", "Field6": "YES", "Field7": "ACT", "Field8": "NO", "Field9": "S Stacy St", "Field10": "98134", "Field11": "21", "Field12": "1st Ave S", "Field13": "0", "Field14": "1st Ave S & S Stacy St", "Field15": 2 }, "geometry": null },
{ "type": "Feature", "properties": { "Field1": "15204", "Field2": "Y", "Field3": "SEA", "Field4": "1270264.3", "Field5": "218918.2", "Field6": "YES", "Field7": "ACT", "Field8": "NO", "Field9": "Occidental Ave S", "Field10": "98134", "Field11": "21", "Field12": "Edgar Martinez Dr S", "Field13": "0", "Field14": "Edgar Martinez Dr S & Occidental Ave S", "Field15": 2 }, "geometry": null },
{ "type": "Feature", "properties": { "Field1": "13070", "Field2": "Y", "Field3": "SEA", "Field4": "1281047.7", "Field5": "225163.4", "Field6": "YES", "Field7": "ACT", "Field8": "NO", "Field9": "33rd Ave", "Field10": "98122", "Field11": "3", "Field12": "E Cherry St", "Field13": "0", "Field14": "E Cherry St & 33rd Ave", "Field15": 2 }, "geometry": null },
{ "type": "Feature", "properties": { "Field1": "13080", "Field2": "Y", "Field3": "SEA", "Field4": "1281270.5", "Field5": "225715.5", "Field6": "YES", "Field7": "ACT", "Field8": "NO", "Field9": "E Columbia St", "Field10": "98122", "Field11": "3", "Field12": "34th Ave", "Field13": "0", "Field14": "34th Ave & E Columbia St", "Field15": 2 }, "geometry": null },
{ "type": "Feature", "properties": { "Field1": "13090", "Field2": "Y", "Field3": "SEA", "Field4": "1281076.3", "Field5": "226512.2", "Field6": "YES", "Field7": "ACT", "Field8": "NO", "Field9": "34th Ave", "Field10": "98122", "Field11": "3", "Field12": "E Spring St", "Field13": "0", "Field14": "E Spring St & 34th Ave", "Field15": 2 }, "geometry": null },
{ "type": "Feature", "properties": { "Field1": "13210", "Field2": "Y", "Field3": "SEA", "Field4": "1277013.6000000001", "Field5": "233444.5", "Field6": "YES", "Field7": "ACT", "Field8": "NO", "Field9": "E Highland Dr", "Field10": "98112", "Field11": "12", "Field12": "19th Ave E", "Field13": "0", "Field14": "19th Ave E & E Highland Dr", "Field15": 2 }, "geometry": null },
{ "type": "Feature", "properties": { "Field1": "13220", "Field2": "Y", "Field3": "SEA", "Field4": "1276993.5", "Field5": "232734.8", "Field6": "YES", "Field7": "ACT", "Field8": "NO", "Field9": "E Prospect St", "Field10": "98112", "Field11": "12", "Field12": "19th Ave E", "Field13": "0", "Field14": "19th Ave E & E Prospect St", "Field15": 2 }, "geometry": null },
{ "type": "Feature", "properties": { "Field1": "13230", "Field2": "Y", "Field3": "SEA", "Field4": "1276974.3999999999", "Field5": "232062", "Field6": "YES", "Field7": "ACT", "Field8": "NO", "Field9": "E Aloha St", "Field10": "98112", "Field11": "12", "Field12": "19th Ave E", "Field13": "1", "Field14": "19th Ave E & E Aloha St", "Field15": 3 }, "geometry": null },
{ "type": "Feature", "properties": { "Field1": "13240", "Field2": "Y", "Field3": "SEA", "Field4": "1276960", "Field5": "231168.9", "Field6": "YES", "Field7": "ACT", "Field8": "NO", "Field9": "E Mercer St", "Field10": "98112", "Field11": "12", "Field12": "19th Ave E", "Field13": "1", "Field14": "19th Ave E & E Mercer St", "Field15": 3 }, "geometry": null },
{ "type": "Feature", "properties": { "Field1": "13250", "Field2": "Y", "Field3": "SEA", "Field4": "1276934.6000000001", "Field5": "230331.6", "Field6": "YES", "Field7": "ACT", "Field8": "NO", "Field9": "E Harrison St", "Field10": "98112", "Field11": "12", "Field12": "19th Ave E", "Field13": "1", "Field14": "19th Ave E & E Harrison St", "Field15": 3 }, "geometry": null },
{ "type": "Feature", "properties": { "Field1": "15207", "Field2": "Y", "Field3": "SEA", "Field4": "1270057.3999999999", "Field5": "217554.6", "Field6": "YES", "Field7": "ACT", "Field8": "NO", "Field9": "S Holgate St", "Field10": "98134", "Field11": "21", "Field12": "1st Ave S", "Field13": "0", "Field14": "1st Ave S & S Holgate St", "Field15": 2 }, "geometry": null },
{ "type": "Feature", "properties": { "Field1": "15380", "Field2": "Y", "Field3": "SEA", "Field4": "1270005", "Field5": "214905", "Field6": "YES", "Field7": "ACT", "Field8": "NO", "Field9": "S Lander St", "Field10": "98134", "Field11": "21 50", "Field12": "1st Ave S", "Field13": "2", "Field14": "1st Ave S & S Lander St", "Field15": 3 }, "geometry": null },
{ "type": "Feature", "properties": { "Field1": "17070", "Field2": "Y", "Field3": "SEA", "Field4": "1270239.2", "Field5": "254770.2", "Field6": "YES", "Field7": "ACT", "Field8": "NO", "Field9": "N 82nd St", "Field10": "98103", "Field11": "45", "Field12": "Wallingford Ave N", "Field13": "1", "Field14": "Wallingford Ave N & N 82nd St", "Field15": 3 }, "geometry": null },
{ "type": "Feature", "properties": { "Field1": "17080", "Field2": "Y", "Field3": "SEA", "Field4": "1270230.6000000001", "Field5": "254228.8", "Field6": "YES", "Field7": "ACT", "Field8": "NO", "Field9": "N 80th St", "Field10": "98103", "Field11": "45", "Field12": "Wallingford Ave N", "Field13": "1", "Field14": "Wallingford Ave N & N 80th St", "Field15": 3 }, "geometry": null },
{ "type": "Feature", "properties": { "Field1": "17081", "Field2": "Y", "Field3": "SEA", "Field4": "1270132.3999999999", "Field5": "253772.3", "Field6": "YES", "Field7": "ACT", "Field8": "NO", "Field9": "East Green Lake Dr N", "Field10": "98103", "Field11": "45", "Field12": "Wallingford Ave N", "Field13": "1", "Field14": "Wallingford Ave N & East Green Lake Dr N", "Field15": 3 }, "geometry": null },
{ "type": "Feature", "properties": { "Field1": "15205", "Field2": "Y", "Field3": "SEA", "Field4": "1269980.8", "Field5": "213690.5", "Field6": "YES", "Field7": "ACT", "Field8": "NO", "Field9": "S Hanford St", "Field10": "98134", "Field11": "21 50", "Field12": "1st Ave S", "Field13": "1", "Field14": "1st Ave S & S Hanford St", "Field15": 3 }, "geometry": null },
{ "type": "Feature", "properties": { "Field1": "15206", "Field2": "Y", "Field3": "SEA", "Field4": "1270026.5", "Field5": "215994.6", "Field6": "YES", "Field7": "ACT", "Field8": "NO", "Field9": "S Stacy St", "Field10": "98134", "Field11": "21", "Field12": "1st Ave S", "Field13": "0", "Field14": "1st Ave S & S Stacy St", "Field15": 2 }, "geometry": null },
{ "type": "Feature", "properties": { "Field1": "16920", "Field2": "Y", "Field3": "SEA", "Field4": "1270998.8", "Field5": "264775.59999999998", "Field6": "YES", "Field7": "ACT", "Field8": "NO", "Field9": "N 120th St", "Field10": "98133", "Field11": "345 365", "Field12": "Meridian Ave N", "Field13": "1", "Field14": "Meridian Ave N & N 120th St", "Field15": 3 }, "geometry": null },
{ "type": "Feature", "properties": { "Field1": "16940", "Field2": "Y", "Field3": "SEA", "Field4": "1270986", "Field5": "263306", "Field6": "YES", "Field7": "ACT", "Field8": "NO", "Field9": "N 115th St", "Field10": "98133", "Field11": "345 365", "Field12": "Meridian Ave N", "Field13": "1", "Field14": "Meridian Ave N & N 115th St", "Field15": 3 }, "geometry": null },
{ "type": "Feature", "properties": { "Field1": "15211", "Field2": "Y", "Field3": "SEA", "Field4": "1270036.7", "Field5": "216509.6", "Field6": "YES", "Field7": "ACT", "Field8": "NO", "Field9": "S Walker St", "Field10": "98134", "Field11": "21", "Field12": "1st Ave S", "Field13": "0", "Field14": "1st Ave S & S Walker St", "Field15": 2 }, "geometry": null },
{ "type": "Feature", "properties": { "Field1": "15212", "Field2": "Y", "Field3": "SEA", "Field4": "1270041", "Field5": "216725.5", "Field6": "YES", "Field7": "ACT", "Field8": "NO", "Field9": "S Walker St", "Field10": "98134", "Field11": "21", "Field12": "1st Ave S", "Field13": "0", "Field14": "1st Ave S & S Walker St", "Field15": 2 }, "geometry": null },
{ "type": "Feature", "properties": { "Field1": "15230", "Field2": "Y", "Field3": "SEA", "Field4": "1270008.1000000001", "Field5": "215064.7", "Field6": "YES", "Field7": "ACT", "Field8": "NO", "Field9": "S Lander St", "Field10": "98134", "Field11": "21 50", "Field12": "1st Ave S", "Field13": "1", "Field14": "1st Ave S & S Lander St", "Field15": 3 }, "geometry": null },
{ "type": "Feature", "properties": { "Field1": "16980", "Field2": "Y", "Field3": "SEA", "Field4": "1270966.7", "Field5": "260807.6", "Field6": "YES", "Field7": "ACT", "Field8": "NO", "Field9": "N 105th St", "Field10": "98133", "Field11": "345 365 40", "Field12": "Meridian Ave N", "Field13": "1", "Field14": "Meridian Ave N & N 105th St", "Field15": 3 }, "geometry": null },
{ "type": "Feature", "properties": { "Field1": "17170", "Field2": "Y", "Field3": "SEA", "Field4": "1272797.1000000001", "Field5": "250924.5", "Field6": "YES", "Field7": "ACT", "Field8": "NO", "Field9": "5th Ave NE", "Field10": "98115", "Field11": "62", "Field12": "Woodlawn Ave NE", "Field13": "1", "Field14": "Woodlawn Ave NE & 5th Ave NE", "Field15": 3 }, "geometry": null },
{ "type": "Feature", "properties": { "Field1": "18610", "Field2": "Y", "Field3": "SEA", "Field4": "1265254.3999999999", "Field5": "240357.4", "Field6": "YES", "Field7": "ACT", "Field8": "NO", "Field9": "Dravus St", "Field10": "98109", "Field11": "31 32", "Field12": "Nickerson St", "Field13": "0", "Field14": "Nickerson St & Dravus St", "Field15": 2 }, "geometry": null },
{ "type": "Feature", "properties": { "Field1": "18620", "Field2": "Y", "Field3": "SEA", "Field4": "1264799.7", "Field5": "240682", "Field6": "YES", "Field7": "ACT", "Field8": "NO", "Field9": "Cremona St", "Field10": "98109", "Field11": "31 32", "Field12": "Nickerson St", "Field13": "0", "Field14": "Nickerson St & Cremona St", "Field15": 2 }, "geometry": null },
{ "type": "Feature", "properties": { "Field1": "18630", "Field2": "Y", "Field3": "SEA", "Field4": "1263841.5", "Field5": "241174.2", "Field6": "YES", "Field7": "ACT", "Field8": "NO", "Field9": "3rd Ave W", "Field10": "98119", "Field11": "31 32", "Field12": "W Nickerson St", "Field13": "1", "Field14": "W Nickerson St & 3rd Ave W", "Field15": 3 }, "geometry": null },
{ "type": "Feature", "properties": { "Field1": "18640", "Field2": "Y", "Field3": "SEA", "Field4": "1262968.8999999999", "Field5": "241485.4", "Field6": "YES", "Field7": "ACT", "Field8": "NO", "Field9": "6th Ave W", "Field10": "98119", "Field11": "31 32", "Field12": "W Nickerson St", "Field13": "0", "Field14": "W Nickerson St & 6th Ave W", "Field15": 2 }, "geometry": null },
{ "type": "Feature", "properties": { "Field1": "18650", "Field2": "Y", "Field3": "SEA", "Field4": "1262373.3", "Field5": "241701.1", "Field6": "YES", "Field7": "ACT", "Field8": "NO", "Field9": "8th Ave W", "Field10": "98119", "Field11": "31 32", "Field12": "W Nickerson St", "Field13": "0", "Field14": "W Nickerson St & 8th Ave W", "Field15": 2 }, "geometry": null },
{ "type": "Feature", "properties": { "Field1": "18660", "Field2": "Y", "Field3": "SEA", "Field4": "1261674.8999999999", "Field5": "242307.8", "Field6": "YES", "Field7": "ACT", "Field8": "NO", "Field9": "Jesse Ave W", "Field10": "98119", "Field11": "31 32", "Field12": "W Nickerson St", "Field13": "0", "Field14": "W Nickerson St & Jesse Ave W", "Field15": 2 }, "geometry": null },
{ "type": "Feature", "properties": { "Field1": "18670", "Field2": "Y", "Field3": "SEA", "Field4": "1261288.2", "Field5": "242659.6", "Field6": "YES", "Field7": "ACT", "Field8": "NO", "Field9": "11th Ave W", "Field10": "98119", "Field11": "31 32", "Field12": "W Nickerson St", "Field13": "0", "Field14": "W Nickerson St & 11th Ave W", "Field15": 2 }, "geometry": null },
{ "type": "Feature", "properties": { "Field1": "19260", "Field2": "Y", "Field3": "SEA", "Field4": "1257620.5", "Field5": "254304.2", "Field6": "YES", "Field7": "ACT", "Field8": "NO", "Field9": "NW 80th St", "Field10": "98117", "Field11": "40", "Field12": "24th Ave NW", "Field13": "1", "Field14": "24th Ave NW & NW 80th St", "Field15": 3 }, "geometry": null },
{ "type": "Feature", "properties": { "Field1": "21170", "Field2": "Y", "Field3": "SEA", "Field4": "1267594.3999999999", "Field5": "192345.3", "Field6": "YES", "Field7": "ACT", "Field8": "NO", "Field9": "5th Pl SW", "Field10": "98106", "Field11": "113 60", "Field12": "SW Roxbury St", "Field13": "0", "Field14": "SW Roxbury St & 5th Pl SW", "Field15": 2 }, "geometry": null },
{ "type": "Feature", "properties": { "Field1": "21250", "Field2": "Y", "Field3": "SEA", "Field4": "1261867.8999999999", "Field5": "192486.9", "Field6": "YES", "Field7": "ACT", "Field8": "NO", "Field9": "26th Ave SW", "Field10": "98106", "Field11": "113 H", "Field12": "SW Roxbury St", "Field13": "1", "Field14": "SW Roxbury St & 26th Ave SW", "Field15": 3 }, "geometry": null },
{ "type": "Feature", "properties": { "Field1": "21280", "Field2": "Y", "Field3": "SEA", "Field4": "1263484.6000000001", "Field5": "192454.6", "Field6": "YES", "Field7": "ACT", "Field8": "NO", "Field9": "20th Ave SW", "Field10": "98106", "Field11": "113 H", "Field12": "SW Roxbury St", "Field13": "1", "Field14": "SW Roxbury St & 20th Ave SW", "Field15": 3 }, "geometry": null },
{ "type": "Feature", "properties": { "Field1": "19300", "Field2": "Y", "Field3": "SEA", "Field4": "1257578.7", "Field5": "251618.4", "Field6": "YES", "Field7": "ACT", "Field8": "NO", "Field9": "NW 70th St", "Field10": "98117", "Field11": "40", "Field12": "24th Ave NW", "Field13": "1", "Field14": "24th Ave NW & NW 70th St", "Field15": 3 }, "geometry": null },
{ "type": "Feature", "properties": { "Field1": "19320", "Field2": "Y", "Field3": "SEA", "Field4": "1257540.3", "Field5": "250287.9", "Field6": "YES", "Field7": "ACT", "Field8": "NO", "Field9": "NW 65th St", "Field10": "98107", "Field11": "40", "Field12": "24th Ave NW", "Field13": "1", "Field14": "24th Ave NW & NW 65th St", "Field15": 3 }, "geometry": null },
{ "type": "Feature", "properties": { "Field1": "19340", "Field2": "Y", "Field3": "SEA", "Field4": "1257521.1000000001", "Field5": "249319", "Field6": "YES", "Field7": "ACT", "Field8": "NO", "Field9": "NW 61st St", "Field10": "98107", "Field11": "40", "Field12": "24th Ave NW", "Field13": "1", "Field14": "24th Ave NW & NW 61st St", "Field15": 3 }, "geometry": null },
{ "type": "Feature", "properties": { "Field1": "19360", "Field2": "Y", "Field3": "SEA", "Field4": "1257499.3", "Field5": "248250.5", "Field6": "YES", "Field7": "ACT", "Field8": "NO", "Field9": "NW 57th St", "Field10": "98107", "Field11": "40", "Field12": "24th Ave NW", "Field13": "1", "Field14": "24th Ave NW & NW 57th St", "Field15": 3 }, "geometry": null },
{ "type": "Feature", "properties": { "Field1": "19380", "Field2": "Y", "Field3": "SEA", "Field4": "1262003.8", "Field5": "232248.2", "Field6": "YES", "Field7": "ACT", "Field8": "NO", "Field9": "W Roy St", "Field10": "98119", "Field11": "24 33", "Field12": "Elliott Ave W", "Field13": "0", "Field14": "Elliott Ave W & W Roy St", "Field15": 2 }, "geometry": null },
{ "type": "Feature", "properties": { "Field1": "19390", "Field2": "Y", "Field3": "SEA", "Field4": "1262533.6000000001", "Field5": "231653.8", "Field6": "YES", "Field7": "ACT", "Field8": "NO", "Field9": "W Mercer St", "Field10": "98119", "Field11": "24 33", "Field12": "Elliott Ave W", "Field13": "0", "Field14": "Elliott Ave W & W Mercer St", "Field15": 2 }, "geometry": null },
{ "type": "Feature", "properties": { "Field1": "21292", "Field2": "Y", "Field3": "SEA", "Field4": "1264390.2", "Field5": "192613.8", "Field6": "YES", "Field7": "ACT", "Field8": "NO", "Field9": "SW Roxbury St", "Field10": "98106", "Field11": "128", "Field12": "16th Ave SW", "Field13": "1", "Field14": "16th Ave SW & SW Roxbury St", "Field15": 3 }, "geometry": null },
{ "type": "Feature", "properties": { "Field1": "21295", "Field2": "Y", "Field3": "SEA", "Field4": "1264424.2", "Field5": "193865", "Field6": "YES", "Field7": "ACT", "Field8": "NO", "Field9": "SW Barton St", "Field10": "98106", "Field11": "128", "Field12": "16th Ave SW", "Field13": "1", "Field14": "16th Ave SW & SW Barton St", "Field15": 3 }, "geometry": null },
{ "type": "Feature", "properties": { "Field1": "21310", "Field2": "Y", "Field3": "SEA", "Field4": "1263951.7", "Field5": "193182.7", "Field6": "YES", "Field7": "ACT", "Field8": "NO", "Field9": "SW Cambridge St", "Field10": "98106", "Field11": "60", "Field12": "Delridge Way SW", "Field13": "0", "Field14": "Delridge Way SW & SW Cambridge St", "Field15": 2 }, "geometry": null },
{ "type": "Feature", "properties": { "Field1": "21480", "Field2": "Y", "Field3": "SEA", "Field4": "1263080.1000000001", "Field5": "201906.6", "Field6": "YES", "Field7": "ACT", "Field8": "NO", "Field9": "SW Holly St", "Field10": "98106", "Field11": "H", "Field12": "Delridge Way SW", "Field13": "1", "Field14": "Delridge Way SW & SW Holly St", "Field15": 3 }, "geometry": null },
{ "type": "Feature", "properties": { "Field1": "22700", "Field2": "Y", "Field3": "SEA", "Field4": "1259307.3999999999", "Field5": "201941.3", "Field6": "YES", "Field7": "ACT", "Field8": "NO", "Field9": "SW Holly St", "Field10": "98126", "Field11": "21 21E", "Field12": "35th Ave SW", "Field13": "0", "Field14": "35th Ave SW & SW Holly St", "Field15": 2 }, "geometry": null },
{ "type": "Feature", "properties": { "Field1": "22710", "Field2": "Y", "Field3": "SEA", "Field4": "1259333.3", "Field5": "202654.7", "Field6": "YES", "Field7": "ACT", "Field8": "NO", "Field9": "SW Morgan St", "Field10": "98126", "Field11": "21 21E", "Field12": "35th Ave SW", "Field13": "1", "Field14": "35th Ave SW & SW Morgan St", "Field15": 3 }, "geometry": null },
{ "type": "Feature", "properties": { "Field1": "22730", "Field2": "Y", "Field3": "SEA", "Field4": "1259371.1000000001", "Field5": "203772.1", "Field6": "YES", "Field7": "ACT", "Field8": "NO", "Field9": "SW Raymond St", "Field10": "98126", "Field11": "21", "Field12": "35th Ave SW", "Field13": "1", "Field14": "35th Ave SW & SW Raymond St", "Field15": 3 }, "geometry": null },
{ "type": "Feature", "properties": { "Field1": "22750", "Field2": "Y", "Field3": "SEA", "Field4": "1259417.7", "Field5": "205243.6", "Field6": "YES", "Field7": "ACT", "Field8": "NO", "Field9": "SW Findlay St", "Field10": "98126", "Field11": "21", "Field12": "35th Ave SW", "Field13": "0", "Field14": "35th Ave SW & SW Findlay St", "Field15": 2 }, "geometry": null },
{ "type": "Feature", "properties": { "Field1": "22770", "Field2": "Y", "Field3": "SEA", "Field4": "1259454.3999999999", "Field5": "206539", "Field6": "YES", "Field7": "ACT", "Field8": "NO", "Field9": "SW Dawson St", "Field10": "98126", "Field11": "21", "Field12": "35th Ave SW", "Field13": "0", "Field14": "35th Ave SW & SW Dawson St", "Field15": 2 }, "geometry": null },
{ "type": "Feature", "properties": { "Field1": "22780", "Field2": "Y", "Field3": "SEA", "Field4": "1259469.1000000001", "Field5": "207112.8", "Field6": "YES", "Field7": "ACT", "Field8": "NO", "Field9": "SW Hudson St", "Field10": "98126", "Field11": "21", "Field12": "35th Ave SW", "Field13": "0", "Field14": "35th Ave SW & SW Hudson St", "Field15": 2 }, "geometry": null },
{ "type": "Feature", "properties": { "Field1": "22790", "Field2": "Y", "Field3": "SEA", "Field4": "1259485.8999999999", "Field5": "207780.2", "Field6": "YES", "Field7": "ACT", "Field8": "NO", "Field9": "SW Edmunds St", "Field10": "98126", "Field11": "21", "Field12": "35th Ave SW", "Field13": "1", "Field14": "35th Ave SW & SW Edmunds St", "Field15": 3 }, "geometry": null },
{ "type": "Feature", "properties": { "Field1": "21140", "Field2": "Y", "Field3": "SEA", "Field4": "1268570.7", "Field5": "193235", "Field6": "YES", "Field7": "ACT", "Field8": "NO", "Field9": "3rd Ave SW", "Field10": "98106", "Field11": "113 60", "Field12": "Olson Pl SW", "Field13": "0", "Field14": "Olson Pl SW & 3rd Ave SW", "Field15": 2 }, "geometry": null },
{ "type": "Feature", "properties": { "Field1": "21150", "Field2": "Y", "Field3": "SEA", "Field4": "1268526.1000000001", "Field5": "193187.8", "Field6": "YES", "Field7": "ACT", "Field8": "NO", "Field9": "3rd Ave SW", "Field10": "98106", "Field11": "113 60", "Field12": "Olson Pl SW", "Field13": "0", "Field14": "Olson Pl SW & 3rd Ave SW", "Field15": 2 }, "geometry": null },
{ "type": "Feature", "properties": { "Field1": "22380", "Field2": "Y", "Field3": "SEA", "Field4": "1256519", "Field5": "189281.7", "Field6": "YES", "Field7": "ACT", "Field8": "NO", "Field9": "California Ave SW", "Field10": "98146", "Field11": "21E 22", "Field12": "SW 106th St", "Field13": "0", "Field14": "SW 106th St & California Ave SW", "Field15": 2 }, "geometry": null },
{ "type": "Feature", "properties": { "Field1": "22390", "Field2": "Y", "Field3": "SEA", "Field4": "1257113.1000000001", "Field5": "189262.3", "Field6": "YES", "Field7": "ACT", "Field8": "NO", "Field9": "41st Ave SW", "Field10": "98146", "Field11": "21E 22", "Field12": "SW 106th St", "Field13": "0", "Field14": "SW 106th St & 41st Ave SW", "Field15": 2 }, "geometry": null },
{ "type": "Feature", "properties": { "Field1": "22400", "Field2": "Y", "Field3": "SEA", "Field4": "1257772.8", "Field5": "189240.2", "Field6": "YES", "Field7": "ACT", "Field8": "NO", "Field9": "39th Ave SW", "Field10": "98146", "Field11": "21E 22", "Field12": "SW 106th St", "Field13": "0", "Field14": "SW 106th St & 39th Ave SW", "Field15": 2 }, "geometry": null },
{ "type": "Feature", "properties": { "Field1": "22410", "Field2": "Y", "Field3": "SEA", "Field4": "1257800.3999999999", "Field5": "188613.4", "Field6": "YES", "Field7": "ACT", "Field8": "NO", "Field9": "Marine View Dr SW", "Field10": "98146", "Field11": "21E 22", "Field12": "39th Ave SW", "Field13": "0", "Field14": "39th Ave SW & Marine View Dr SW", "Field15": 2 }, "geometry": null },
{ "type": "Feature", "properties": { "Field1": "22420", "Field2": "Y", "Field3": "SEA", "Field4": "1258028.7", "Field5": "187926.1", "Field6": "NO", "Field7": "ACT", "Field8": "NO", "Field9": "SW 110th St", "Field10": "98146", "Field11": "21E 22", "Field12": "Marine View Dr SW", "Field13": "0", "Field14": "Marine View Dr SW & SW 110th St", "Field15": 0 }, "geometry": null },
{ "type": "Feature", "properties": { "Field1": "22430", "Field2": "Y", "Field3": "SEA", "Field4": "1257935.8999999999", "Field5": "187258.1", "Field6": "LTD", "Field7": "ACT", "Field8": "NO", "Field9": "SW 112th St", "Field10": "98146", "Field11": "21E 22", "Field12": "Marine View Dr SW", "Field13": "0", "Field14": "Marine View Dr SW & SW 112th St", "Field15": 0 }, "geometry": null },
{ "type": "Feature", "properties": { "Field1": "22440", "Field2": "Y", "Field3": "SEA", "Field4": "1258290.3", "Field5": "186449.5", "Field6": "YES", "Field7": "ACT", "Field8": "NO", "Field9": "SW Ocean View Dr", "Field10": "98146", "Field11": "21E 22", "Field12": "Marine View Dr SW", "Field13": "0", "Field14": "Marine View Dr SW & SW Ocean View Dr", "Field15": 2 }, "geometry": null },
{ "type": "Feature", "properties": { "Field1": "22450", "Field2": "Y", "Field3": "SEA", "Field4": "1258732.7", "Field5": "185983.2", "Field6": "YES", "Field7": "ACT", "Field8": "NO", "Field9": "SW Ocean View Dr", "Field10": "98146", "Field11": "21E 22", "Field12": "Marine View Dr SW", "Field13": "0", "Field14": "Marine View Dr SW & SW Ocean View Dr", "Field15": 2 }, "geometry": null },
{ "type": "Feature", "properties": { "Field1": "21320", "Field2": "Y", "Field3": "SEA", "Field4": "1263639", "Field5": "193721.1", "Field6": "YES", "Field7": "ACT", "Field8": "NO", "Field9": "SW Barton St", "Field10": "98106", "Field11": "60", "Field12": "Delridge Way SW", "Field13": "0", "Field14": "Delridge Way SW & SW Barton St", "Field15": 2 }, "geometry": null },
{ "type": "Feature", "properties": { "Field1": "21350", "Field2": "Y", "Field3": "SEA", "Field4": "1264442.7", "Field5": "194543.7", "Field6": "YES", "Field7": "ACT", "Field8": "NO", "Field9": "SW Henderson St", "Field10": "98106", "Field11": "125 128", "Field12": "16th Ave SW", "Field13": "1", "Field14": "16th Ave SW & SW Henderson St", "Field15": 3 }, "geometry": null },
{ "type": "Feature", "properties": { "Field1": "21360", "Field2": "Y", "Field3": "SEA", "Field4": "1264460.8", "Field5": "195208.3", "Field6": "YES", "Field7": "ACT", "Field8": "NO", "Field9": "SW Trenton St", "Field10": "98106", "Field11": "125 128", "Field12": "16th Ave SW", "Field13": "0", "Field14": "16th Ave SW & SW Trenton St", "Field15": 2 }, "geometry": null },
{ "type": "Feature", "properties": { "Field1": "21361", "Field2": "Y", "Field3": "SEA", "Field4": "1264456.8999999999", "Field5": "195054.4", "Field6": "YES", "Field7": "ACT", "Field8": "NO", "Field9": "SW Trenton St", "Field10": "98106", "Field11": "125 128", "Field12": "16th Ave SW", "Field13": "0", "Field14": "16th Ave SW & SW Trenton St", "Field15": 2 }, "geometry": null },
{ "type": "Feature", "properties": { "Field1": "22580", "Field2": "Y", "Field3": "SEA", "Field4": "1259080.6000000001", "Field5": "193979.5", "Field6": "YES", "Field7": "ACT", "Field8": "NO", "Field9": "SW Barton St", "Field10": "98126", "Field11": "21 21E", "Field12": "35th Ave SW", "Field13": "1", "Field14": "35th Ave SW & SW Barton St", "Field15": 3 }, "geometry": null },
{ "type": "Feature", "properties": { "Field1": "22590", "Field2": "Y", "Field3": "SEA", "Field4": "1259108.7", "Field5": "194630.39999999999", "Field6": "YES", "Field7": "ACT", "Field8": "NO", "Field9": "SW Henderson St", "Field10": "98126", "Field11": "21 21E", "Field12": "35th Ave SW", "Field13": "0", "Field14": "35th Ave SW & SW Henderson St", "Field15": 2 }, "geometry": null },
{ "type": "Feature", "properties": { "Field1": "22600", "Field2": "Y", "Field3": "SEA", "Field4": "1259135.3999999999", "Field5": "195290.8", "Field6": "YES", "Field7": "ACT", "Field8": "NO", "Field9": "SW Trenton St", "Field10": "98126", "Field11": "21 21E", "Field12": "35th Ave SW", "Field13": "0", "Field14": "35th Ave SW & SW Trenton St", "Field15": 2 }, "geometry": null },
{ "type": "Feature", "properties": { "Field1": "22620", "Field2": "Y", "Field3": "SEA", "Field4": "1259162.1000000001", "Field5": "196605.7", "Field6": "YES", "Field7": "ACT", "Field8": "NO", "Field9": "SW Thistle St", "Field10": "98126", "Field11": "21 21E", "Field12": "35th Ave SW", "Field13": "1", "Field14": "35th Ave SW & SW Thistle St", "Field15": 3 }, "geometry": null },
{ "type": "Feature", "properties": { "Field1": "22630", "Field2": "Y", "Field3": "SEA", "Field4": "1259175.3", "Field5": "197282.2", "Field6": "YES", "Field7": "ACT", "Field8": "NO", "Field9": "SW Elmgrove St", "Field10": "98126", "Field11": "21 21E", "Field12": "35th Ave SW", "Field13": "1", "Field14": "35th Ave SW & SW Elmgrove St", "Field15": 3 }, "geometry": null },
{ "type": "Feature", "properties": { "Field1": "22640", "Field2": "Y", "Field3": "SEA", "Field4": "1259190.2", "Field5": "197939.6", "Field6": "YES", "Field7": "ACT", "Field8": "NO", "Field9": "SW Kenyon St", "Field10": "98126", "Field11": "21 21E", "Field12": "35th Ave SW", "Field13": "0", "Field14": "35th Ave SW & SW Kenyon St", "Field15": 2 }, "geometry": null },
{ "type": "Feature", "properties": { "Field1": "22650", "Field2": "Y", "Field3": "SEA", "Field4": "1259208", "Field5": "198640.5", "Field6": "YES", "Field7": "ACT", "Field8": "NO", "Field9": "SW Holden St", "Field10": "98126", "Field11": "21 21E", "Field12": "35th Ave SW", "Field13": "1", "Field14": "35th Ave SW & SW Holden St", "Field15": 3 }, "geometry": null },
{ "type": "Feature", "properties": { "Field1": "22660", "Field2": "Y", "Field3": "SEA", "Field4": "1259223.7", "Field5": "199261.5", "Field6": "YES", "Field7": "ACT", "Field8": "NO", "Field9": "SW Webster St", "Field10": "98126", "Field11": "21 21E", "Field12": "35th Ave SW", "Field13": "1", "Field14": "35th Ave SW & SW Webster St", "Field15": 3 }, "geometry": null },
{ "type": "Feature", "properties": { "Field1": "22680", "Field2": "Y", "Field3": "SEA", "Field4": "1259259", "Field5": "200603.1", "Field6": "YES", "Field7": "ACT", "Field8": "NO", "Field9": "SW Myrtle St", "Field10": "98126", "Field11": "21 21E", "Field12": "35th Ave SW", "Field13": "1", "Field14": "35th Ave SW & SW Myrtle St", "Field15": 3 }, "geometry": null },
{ "type": "Feature", "properties": { "Field1": "24560", "Field2": "Y", "Field3": "SEA", "Field4": "1255969.7", "Field5": "238175.8", "Field6": "YES", "Field7": "ACT", "Field8": "NO", "Field9": "W Halladay St", "Field10": "98199", "Field11": "24", "Field12": "28th Ave W", "Field13": "0", "Field14": "28th Ave W & W Halladay St", "Field15": 2 }, "geometry": null },
{ "type": "Feature", "properties": { "Field1": "24570", "Field2": "Y", "Field3": "SEA", "Field4": "1255983.5", "Field5": "238658", "Field6": "YES", "Field7": "ACT", "Field8": "NO", "Field9": "W Raye St", "Field10": "98199", "Field11": "24", "Field12": "28th Ave W", "Field13": "0", "Field14": "28th Ave W & W Raye St", "Field15": 2 }, "geometry": null },
{ "type": "Feature", "properties": { "Field1": "24580", "Field2": "Y", "Field3": "SEA", "Field4": "1256005.7", "Field5": "239424.2", "Field6": "YES", "Field7": "ACT", "Field8": "NO", "Field9": "W Fulton St", "Field10": "98199", "Field11": "24", "Field12": "28th Ave W", "Field13": "0", "Field14": "28th Ave W & W Fulton St", "Field15": 2 }, "geometry": null },
{ "type": "Feature", "properties": { "Field1": "24590", "Field2": "Y", "Field3": "SEA", "Field4": "1256019.7", "Field5": "239920.3", "Field6": "YES", "Field7": "ACT", "Field8": "NO", "Field9": "W Barrett St", "Field10": "98199", "Field11": "24", "Field12": "28th Ave W", "Field13": "0", "Field14": "28th Ave W & W Barrett St", "Field15": 2 }, "geometry": null },
{ "type": "Feature", "properties": { "Field1": "24600", "Field2": "Y", "Field3": "SEA", "Field4": "1256034.1000000001", "Field5": "240547.20000000001", "Field6": "YES", "Field7": "ACT", "Field8": "NO", "Field9": "W Dravus St", "Field10": "98199", "Field11": "24", "Field12": "28th Ave W", "Field13": "0", "Field14": "28th Ave W & W Dravus St", "Field15": 2 }, "geometry": null },
{ "type": "Feature", "properties": { "Field1": "24610", "Field2": "Y", "Field3": "SEA", "Field4": "1256050.6000000001", "Field5": "241214.1", "Field6": "YES", "Field7": "ACT", "Field8": "NO", "Field9": "W Bertona St", "Field10": "98199", "Field11": "24", "Field12": "28th Ave W", "Field13": "0", "Field14": "28th Ave W & W Bertona St", "Field15": 2 }, "geometry": null },
{ "type": "Feature", "properties": { "Field1": "24620", "Field2": "Y", "Field3": "SEA", "Field4": "1256063.3999999999", "Field5": "241806.7", "Field6": "YES", "Field7": "ACT", "Field8": "NO", "Field9": "W Ruffner St", "Field10": "98199", "Field11": "24", "Field12": "28th Ave W", "Field13": "0", "Field14": "28th Ave W & W Ruffner St", "Field15": 2 }, "geometry": null },
{ "type": "Feature", "properties": { "Field1": "24270", "Field2": "Y", "Field3": "SEA", "Field4": "1254003.7", "Field5": "238505.9", "Field6": "YES", "Field7": "ACT", "Field8": "NO", "Field9": "W Raye St", "Field10": "98199", "Field11": "24", "Field12": "34th Ave W", "Field13": "1", "Field14": "34th Ave W & W Raye St", "Field15": 3 }, "geometry": null },
{ "type": "Feature", "properties": { "Field1": "24280", "Field2": "Y", "Field3": "SEA", "Field4": "1254025.3", "Field5": "239285.3", "Field6": "YES", "Field7": "ACT", "Field8": "NO", "Field9": "W Armour St", "Field10": "98199", "Field11": "24", "Field12": "34th Ave W", "Field13": "0", "Field14": "34th Ave W & W Armour St", "Field15": 2 }, "geometry": null },
{ "type": "Feature", "properties": { "Field1": "24290", "Field2": "Y", "Field3": "SEA", "Field4": "1254043.5", "Field5": "239961.5", "Field6": "YES", "Field7": "ACT", "Field8": "NO", "Field9": "W Barrett St", "Field10": "98199", "Field11": "24", "Field12": "34th Ave W", "Field13": "0", "Field14": "34th Ave W & W Barrett St", "Field15": 2 }, "geometry": null },
{ "type": "Feature", "properties": { "Field1": "24300", "Field2": "Y", "Field3": "SEA", "Field4": "1254058.7", "Field5": "240617.1", "Field6": "YES", "Field7": "ACT", "Field8": "NO", "Field9": "W Dravus St", "Field10": "98199", "Field11": "24", "Field12": "34th Ave W", "Field13": "0", "Field14": "34th Ave W & W Dravus St", "Field15": 2 }, "geometry": null },
{ "type": "Feature", "properties": { "Field1": "24310", "Field2": "Y", "Field3": "SEA", "Field4": "1254073.3", "Field5": "241269.9", "Field6": "YES", "Field7": "ACT", "Field8": "NO", "Field9": "W Bertona St", "Field10": "98199", "Field11": "24", "Field12": "34th Ave W", "Field13": "0", "Field14": "34th Ave W & W Bertona St", "Field15": 2 }, "geometry": null },
{ "type": "Feature", "properties": { "Field1": "24320", "Field2": "Y", "Field3": "SEA", "Field4": "1254088.6000000001", "Field5": "241927.7", "Field6": "YES", "Field7": "ACT", "Field8": "NO", "Field9": "W Ruffner St", "Field10": "98199", "Field11": "24", "Field12": "34th Ave W", "Field13": "0", "Field14": "34th Ave W & W Ruffner St", "Field15": 2 }, "geometry": null },
{ "type": "Feature", "properties": { "Field1": "25960", "Field2": "Y", "Field3": "SEA", "Field4": "1281506.8", "Field5": "255276.2", "Field6": "YES", "Field7": "ACT", "Field8": "NO", "Field9": "NE 85th St", "Field10": "98115", "Field11": "65", "Field12": "35th Ave NE", "Field13": "0", "Field14": "35th Ave NE & NE 85th St", "Field15": 2 }, "geometry": null },
{ "type": "Feature", "properties": { "Field1": "25980", "Field2": "Y", "Field3": "SEA", "Field4": "1281543.8", "Field5": "256307.5", "Field6": "YES", "Field7": "ACT", "Field8": "NO", "Field9": "NE 89th St", "Field10": "98115", "Field11": "65", "Field12": "35th Ave NE", "Field13": "0", "Field14": "35th Ave NE & NE 89th St", "Field15": 2 }, "geometry": null },
{ "type": "Feature", "properties": { "Field1": "26000", "Field2": "Y", "Field3": "SEA", "Field4": "1281578.8", "Field5": "257354", "Field6": "YES", "Field7": "ACT", "Field8": "NO", "Field9": "NE 93rd St", "Field10": "98115", "Field11": "65", "Field12": "35th Ave NE", "Field13": "0", "Field14": "35th Ave NE & NE 93rd St", "Field15": 2 }, "geometry": null },
{ "type": "Feature", "properties": { "Field1": "26010", "Field2": "Y", "Field3": "SEA", "Field4": "1281589.1000000001", "Field5": "257899", "Field6": "YES", "Field7": "ACT", "Field8": "NO", "Field9": "NE 95th St", "Field10": "98115", "Field11": "65", "Field12": "35th Ave NE", "Field13": "0", "Field14": "35th Ave NE & NE 95th St", "Field15": 2 }, "geometry": null },
{ "type": "Feature", "properties": { "Field1": "22460", "Field2": "Y", "Field3": "SEA", "Field4": "1259065.7", "Field5": "186181.6", "Field6": "YES", "Field7": "ACT", "Field8": "NO", "Field9": "37th Ave SW", "Field10": "98146", "Field11": "21E 22", "Field12": "35th Ave SW", "Field13": "0", "Field14": "35th Ave SW & 37th Ave SW", "Field15": 2 }, "geometry": null },
{ "type": "Feature", "properties": { "Field1": "22470", "Field2": "Y", "Field3": "SEA", "Field4": "1259080.8", "Field5": "186660.4", "Field6": "YES", "Field7": "ACT", "Field8": "NO", "Field9": "SW 114th St", "Field10": "98146", "Field11": "21E 22", "Field12": "35th Ave SW", "Field13": "0", "Field14": "35th Ave SW & SW 114th St", "Field15": 2 }, "geometry": null },
{ "type": "Feature", "properties": { "Field1": "22480", "Field2": "Y", "Field3": "SEA", "Field4": "1259096.8999999999", "Field5": "187171.5", "Field6": "YES", "Field7": "ACT", "Field8": "NO", "Field9": "SW 112th St", "Field10": "98146", "Field11": "21E 22", "Field12": "35th Ave SW", "Field13": "0", "Field14": "35th Ave SW & SW 112th St", "Field15": 2 }, "geometry": null },
{ "type": "Feature", "properties": { "Field1": "22490", "Field2": "Y", "Field3": "SEA", "Field4": "1259127.8999999999", "Field5": "187875.4", "Field6": "YES", "Field7": "ACT", "Field8": "NO", "Field9": "SW 110th St", "Field10": "98146", "Field11": "21E 22", "Field12": "35th Ave SW", "Field13": "0", "Field14": "35th Ave SW & SW 110th St", "Field15": 2 }, "geometry": null },
{ "type": "Feature", "properties": { "Field1": "24321", "Field2": "Y", "Field3": "SEA", "Field4": "1254085.2", "Field5": "241779.8", "Field6": "YES", "Field7": "ACT", "Field8": "NO", "Field9": "W Ruffner St", "Field10": "98199", "Field11": "24", "Field12": "34th Ave W", "Field13": "0", "Field14": "34th Ave W & W Ruffner St", "Field15": 2 }, "geometry": null },
{ "type": "Feature", "properties": { "Field1": "24330", "Field2": "Y", "Field3": "SEA", "Field4": "1254103.3999999999", "Field5": "242585.3", "Field6": "YES", "Field7": "ACT", "Field8": "NO", "Field9": "W Emerson St", "Field10": "98199", "Field11": "24", "Field12": "34th Ave W", "Field13": "1", "Field14": "34th Ave W & W Emerson St", "Field15": 3 }, "geometry": null },
{ "type": "Feature", "properties": { "Field1": "24340", "Field2": "Y", "Field3": "SEA", "Field4": "1254117.7", "Field5": "243251.20000000001", "Field6": "YES", "Field7": "ACT", "Field8": "NO", "Field9": "W Thurman St", "Field10": "98199", "Field11": "24", "Field12": "34th Ave W", "Field13": "0", "Field14": "34th Ave W & W Thurman St", "Field15": 2 }, "geometry": null },
{ "type": "Feature", "properties": { "Field1": "24350", "Field2": "Y", "Field3": "SEA", "Field4": "1254132.3", "Field5": "243926.7", "Field6": "YES", "Field7": "ACT", "Field8": "NO", "Field9": "W Elmore St", "Field10": "98199", "Field11": "24", "Field12": "34th Ave W", "Field13": "0", "Field14": "34th Ave W & W Elmore St", "Field15": 2 }, "geometry": null },
{ "type": "Feature", "properties": { "Field1": "24370", "Field2": "Y", "Field3": "SEA", "Field4": "1254712.3999999999", "Field5": "244695.7", "Field6": "YES", "Field7": "ACT", "Field8": "NO", "Field9": "32nd Ave W", "Field10": "98199", "Field11": "24 33", "Field12": "W Government Way", "Field13": "1", "Field14": "W Government Way & 32nd Ave W", "Field15": 3 }, "geometry": null },
{ "type": "Feature", "properties": { "Field1": "24380", "Field2": "Y", "Field3": "SEA", "Field4": "1255218.7", "Field5": "244020.1", "Field6": "YES", "Field7": "ACT", "Field8": "NO", "Field9": "W Mansell St", "Field10": "98199", "Field11": "24", "Field12": "30th Ave W", "Field13": "0", "Field14": "30th Ave W & W Mansell St", "Field15": 2 }, "geometry": null },
{ "type": "Feature", "properties": { "Field1": "24390", "Field2": "Y", "Field3": "SEA", "Field4": "1255404.7", "Field5": "243116.6", "Field6": "YES", "Field7": "ACT", "Field8": "NO", "Field9": "W Thurman St", "Field10": "98199", "Field11": "24", "Field12": "30th Ave W", "Field13": "0", "Field14": "30th Ave W & W Thurman St", "Field15": 2 }, "geometry": null },
{ "type": "Feature", "properties": { "Field1": "24400", "Field2": "Y", "Field3": "SEA", "Field4": "1255395.8999999999", "Field5": "242512.8", "Field6": "YES", "Field7": "ACT", "Field8": "NO", "Field9": "W Emerson St", "Field10": "98199", "Field11": "24", "Field12": "30th Ave W", "Field13": "0", "Field14": "30th Ave W & W Emerson St", "Field15": 2 }, "geometry": null },
{ "type": "Feature", "properties": { "Field1": "24410", "Field2": "Y", "Field3": "SEA", "Field4": "1255501.8", "Field5": "242160.8", "Field6": "YES", "Field7": "ACT", "Field8": "NO", "Field9": "30th Ave W", "Field10": "98199", "Field11": "24", "Field12": "W Tilden St", "Field13": "1", "Field14": "W Tilden St & 30th Ave W", "Field15": 3 }, "geometry": null },
{ "type": "Feature", "properties": { "Field1": "22500", "Field2": "Y", "Field3": "SEA", "Field4": "1259157", "Field5": "188519.5", "Field6": "YES", "Field7": "ACT", "Field8": "NO", "Field9": "SW 108th St", "Field10": "98146", "Field11": "21E 22", "Field12": "35th Ave SW", "Field13": "1", "Field14": "35th Ave SW & SW 108th St", "Field15": 3 }, "geometry": null },
{ "type": "Feature", "properties": { "Field1": "22510", "Field2": "Y", "Field3": "SEA", "Field4": "1259191.2", "Field5": "189278.3", "Field6": "YES", "Field7": "ACT", "Field8": "NO", "Field9": "SW 106th St", "Field10": "98146", "Field11": "21E", "Field12": "35th Ave SW", "Field13": "0", "Field14": "35th Ave SW & SW 106th St", "Field15": 2 }, "geometry": null },
{ "type": "Feature", "properties": { "Field1": "22520", "Field2": "Y", "Field3": "SEA", "Field4": "1259211.6000000001", "Field5": "189926.5", "Field6": "YES", "Field7": "ACT", "Field8": "NO", "Field9": "SW 104th St", "Field10": "98146", "Field11": "21E", "Field12": "35th Ave SW", "Field13": "0", "Field14": "35th Ave SW & SW 104th St", "Field15": 2 }, "geometry": null },
{ "type": "Feature", "properties": { "Field1": "22530", "Field2": "Y", "Field3": "SEA", "Field4": "1259162.5", "Field5": "190627.8", "Field6": "YES", "Field7": "ACT", "Field8": "NO", "Field9": "SW 102nd St", "Field10": "98146", "Field11": "21E", "Field12": "35th Ave SW", "Field13": "0", "Field14": "35th Ave SW & SW 102nd St", "Field15": 2 }, "geometry": null },
{ "type": "Feature", "properties": { "Field1": "22540", "Field2": "Y", "Field3": "SEA", "Field4": "1259112.3999999999", "Field5": "191304.1", "Field6": "YES", "Field7": "ACT", "Field8": "NO", "Field9": "SW 100th St", "Field10": "98126", "Field11": "21E", "Field12": "35th Ave SW", "Field13": "0", "Field14": "35th Ave SW & SW 100th St", "Field15": 2 }, "geometry": null },
{ "type": "Feature", "properties": { "Field1": "22550", "Field2": "Y", "Field3": "SEA", "Field4": "1259068.8999999999", "Field5": "191911.7", "Field6": "YES", "Field7": "ACT", "Field8": "NO", "Field9": "SW 98th St", "Field10": "98126", "Field11": "21E", "Field12": "35th Ave SW", "Field13": "0", "Field14": "35th Ave SW & SW 98th St", "Field15": 2 }, "geometry": null },
{ "type": "Feature", "properties": { "Field1": "22570", "Field2": "Y", "Field3": "SEA", "Field4": "1259059.5", "Field5": "193321.3", "Field6": "YES", "Field7": "ACT", "Field8": "NO", "Field9": "SW Cambridge St", "Field10": "98126", "Field11": "21 21E", "Field12": "35th Ave SW", "Field13": "0", "Field14": "35th Ave SW & SW Cambridge St", "Field15": 2 }, "geometry": null },
{ "type": "Feature", "properties": { "Field1": "24440", "Field2": "Y", "Field3": "SEA", "Field4": "1256046.6000000001", "Field5": "241040.2", "Field6": "YES", "Field7": "ACT", "Field8": "NO", "Field9": "W Bertona St", "Field10": "98199", "Field11": "24", "Field12": "28th Ave W", "Field13": "0", "Field14": "28th Ave W & W Bertona St", "Field15": 2 }, "geometry": null },
{ "type": "Feature", "properties": { "Field1": "24630", "Field2": "Y", "Field3": "SEA", "Field4": "1255663.6000000001", "Field5": "242158.2", "Field6": "YES", "Field7": "ACT", "Field8": "NO", "Field9": "29th Ave W", "Field10": "98199", "Field11": "24", "Field12": "W Tilden St", "Field13": "0", "Field14": "W Tilden St & 29th Ave W", "Field15": 2 }, "geometry": null },
{ "type": "Feature", "properties": { "Field1": "24640", "Field2": "Y", "Field3": "SEA", "Field4": "1255395.7", "Field5": "242582.8", "Field6": "YES", "Field7": "ACT", "Field8": "NO", "Field9": "W Emerson St", "Field10": "98199", "Field11": "24", "Field12": "30th Ave W", "Field13": "0", "Field14": "30th Ave W & W Emerson St", "Field15": 2 }, "geometry": null },
{ "type": "Feature", "properties": { "Field1": "24650", "Field2": "Y", "Field3": "SEA", "Field4": "1255409.3", "Field5": "243292.1", "Field6": "YES", "Field7": "ACT", "Field8": "NO", "Field9": "W Thurman St", "Field10": "98199", "Field11": "24", "Field12": "30th Ave W", "Field13": "0", "Field14": "30th Ave W & W Thurman St", "Field15": 2 }, "geometry": null },
{ "type": "Feature", "properties": { "Field1": "24660", "Field2": "Y", "Field3": "SEA", "Field4": "1255145.2", "Field5": "244155.4", "Field6": "YES", "Field7": "ACT", "Field8": "NO", "Field9": "W Mansell St", "Field10": "98199", "Field11": "24", "Field12": "31st Ave W", "Field13": "0", "Field14": "31st Ave W & W Mansell St", "Field15": 2 }, "geometry": null },
{ "type": "Feature", "properties": { "Field1": "24670", "Field2": "Y", "Field3": "SEA", "Field4": "1254968.5", "Field5": "244652.7", "Field6": "YES", "Field7": "ACT", "Field8": "NO", "Field9": "W Jameson St", "Field10": "98199", "Field11": "24", "Field12": "31st Ave W", "Field13": "0", "Field14": "31st Ave W & W Jameson St", "Field15": 2 }, "geometry": null },
{ "type": "Feature", "properties": { "Field1": "26020", "Field2": "Y", "Field3": "SEA", "Field4": "1281587.7", "Field5": "258592.5", "Field6": "YES", "Field7": "ACT", "Field8": "NO", "Field9": "NE 97th St", "Field10": "98115", "Field11": "65", "Field12": "35th Ave NE", "Field13": "0", "Field14": "35th Ave NE & NE 97th St", "Field15": 2 }, "geometry": null },
{ "type": "Feature", "properties": { "Field1": "26030", "Field2": "Y", "Field3": "SEA", "Field4": "1281578.8999999999", "Field5": "259295.4", "Field6": "YES", "Field7": "ACT", "Field8": "NO", "Field9": "NE 100th St", "Field10": "98125", "Field11": "65", "Field12": "35th Ave NE", "Field13": "0", "Field14": "35th Ave NE & NE 100th St", "Field15": 2 }, "geometry": null },
{ "type": "Feature", "properties": { "Field1": "26050", "Field2": "Y", "Field3": "SEA", "Field4": "1281568", "Field5": "260587", "Field6": "YES", "Field7": "ACT", "Field8": "NO", "Field9": "NE 105th St", "Field10": "98125", "Field11": "65", "Field12": "35th Ave NE", "Field13": "0", "Field14": "35th Ave NE & NE 105th St", "Field15": 2 }, "geometry": null },
{ "type": "Feature", "properties": { "Field1": "26060", "Field2": "Y", "Field3": "SEA", "Field4": "1281619.7", "Field5": "261879.8", "Field6": "YES", "Field7": "ACT", "Field8": "NO", "Field9": "NE 110th St", "Field10": "98125", "Field11": "65", "Field12": "35th Ave NE", "Field13": "1", "Field14": "35th Ave NE & NE 110th St", "Field15": 3 }, "geometry": null },
{ "type": "Feature", "properties": { "Field1": "320", "Field2": "Y", "Field3": "SEA", "Field4": "1269722.8999999999", "Field5": "224759.5", "Field6": "YES", "Field7": "ACT", "Field8": "NO", "Field9": "Seneca St", "Field10": "98101", "Field11": "111 212 218 256N 550E 554E", "Field12": "2nd Ave", "Field13": "3", "Field14": "2nd Ave & Seneca St", "Field15": 3 }, "geometry": null },
{ "type": "Feature", "properties": { "Field1": "340", "Field2": "Y", "Field3": "SEA", "Field4": "1270103.8", "Field5": "224116.1", "Field6": "YES", "Field7": "ACT", "Field8": "NO", "Field9": "Marion St", "Field10": "98104", "Field11": "101 102 113 150 162 177", "Field12": "2nd Ave", "Field13": "2", "Field14": "2nd Ave & Marion St", "Field15": 3 }, "geometry": null },
{ "type": "Feature", "properties": { "Field1": "360", "Field2": "Y", "Field3": "SEA", "Field4": "1270420.1000000001", "Field5": "223581.6", "Field6": "YES", "Field7": "ACT", "Field8": "NO", "Field9": "Cherry St", "Field10": "98104", "Field11": "111 212 218 256N 550E 554E", "Field12": "2nd Ave", "Field13": "0", "Field14": "2nd Ave & Cherry St", "Field15": 2 }, "geometry": null },
{ "type": "Feature", "properties": { "Field1": "361", "Field2": "Y", "Field3": "SEA", "Field4": "1270537.7", "Field5": "223382.9", "Field6": "YES", "Field7": "ACT", "Field8": "NO", "Field9": "James St", "Field10": "98104", "Field11": "101 102 150 162 177", "Field12": "2nd Ave", "Field13": "0", "Field14": "2nd Ave & James St", "Field15": 2 }, "geometry": null },
{ "type": "Feature", "properties": { "Field1": "375", "Field2": "Y", "Field3": "SEA", "Field4": "1270805.3", "Field5": "222930.6", "Field6": "YES", "Field7": "ACT", "Field8": "NO", "Field9": "Yesler Way", "Field10": "98104", "Field11": "111 212 218 256 550E 554E", "Field12": "2nd Ave Ext S", "Field13": "1", "Field14": "2nd Ave Ext S & Yesler Way", "Field15": 3 }, "geometry": null },
{ "type": "Feature", "properties": { "Field1": "24430", "Field2": "Y", "Field3": "SEA", "Field4": "1256061.5", "Field5": "241725.9", "Field6": "YES", "Field7": "ACT", "Field8": "NO", "Field9": "W Ruffner St", "Field10": "98199", "Field11": "24", "Field12": "28th Ave W", "Field13": "1", "Field14": "28th Ave W & W Ruffner St", "Field15": 3 }, "geometry": null },
{ "type": "Feature", "properties": { "Field1": "26080", "Field2": "Y", "Field3": "SEA", "Field4": "1281668.8999999999", "Field5": "263168.59999999998", "Field6": "YES", "Field7": "ACT", "Field8": "NO", "Field9": "NE 115th St", "Field10": "98125", "Field11": "65", "Field12": "35th Ave NE", "Field13": "0", "Field14": "35th Ave NE & NE 115th St", "Field15": 2 }, "geometry": null },
{ "type": "Feature", "properties": { "Field1": "26100", "Field2": "Y", "Field3": "SEA", "Field4": "1281489.2", "Field5": "264481.90000000002", "Field6": "YES", "Field7": "ACT", "Field8": "NO", "Field9": "NE 120th St", "Field10": "98125", "Field11": "65", "Field12": "35th Ave NE", "Field13": "0", "Field14": "35th Ave NE & NE 120th St", "Field15": 2 }, "geometry": null },
{ "type": "Feature", "properties": { "Field1": "26110", "Field2": "Y", "Field3": "SEA", "Field4": "1281534.8999999999", "Field5": "265129.59999999998", "Field6": "YES", "Field7": "ACT", "Field8": "NO", "Field9": "NE 123rd St", "Field10": "98125", "Field11": "65", "Field12": "35th Ave NE", "Field13": "0", "Field14": "35th Ave NE & NE 123rd St", "Field15": 2 }, "geometry": null },
{ "type": "Feature", "properties": { "Field1": "24450", "Field2": "Y", "Field3": "SEA", "Field4": "1256030.2", "Field5": "240381.1", "Field6": "YES", "Field7": "ACT", "Field8": "NO", "Field9": "W Dravus St", "Field10": "98199", "Field11": "24", "Field12": "28th Ave W", "Field13": "1", "Field14": "28th Ave W & W Dravus St", "Field15": 3 }, "geometry": null },
{ "type": "Feature", "properties": { "Field1": "24460", "Field2": "Y", "Field3": "SEA", "Field4": "1256018.2", "Field5": "239855.3", "Field6": "YES", "Field7": "ACT", "Field8": "NO", "Field9": "W Barrett St", "Field10": "98199", "Field11": "24", "Field12": "28th Ave W", "Field13": "0", "Field14": "28th Ave W & W Barrett St", "Field15": 2 }, "geometry": null },
{ "type": "Feature", "properties": { "Field1": "24470", "Field2": "Y", "Field3": "SEA", "Field4": "1256007.5", "Field5": "239488.3", "Field6": "YES", "Field7": "ACT", "Field8": "NO", "Field9": "W Fulton St", "Field10": "98199", "Field11": "24", "Field12": "28th Ave W", "Field13": "0", "Field14": "28th Ave W & W Fulton St", "Field15": 2 }, "geometry": null },
{ "type": "Feature", "properties": { "Field1": "24480", "Field2": "Y", "Field3": "SEA", "Field4": "1255980.5", "Field5": "238559.6", "Field6": "YES", "Field7": "ACT", "Field8": "NO", "Field9": "W Raye St", "Field10": "98199", "Field11": "24", "Field12": "28th Ave W", "Field13": "0", "Field14": "28th Ave W & W Raye St", "Field15": 2 }, "geometry": null },
{ "type": "Feature", "properties": { "Field1": "24490", "Field2": "Y", "Field3": "SEA", "Field4": "1255958.7", "Field5": "237790.8", "Field6": "YES", "Field7": "ACT", "Field8": "NO", "Field9": "W Smith St", "Field10": "98199", "Field11": "24", "Field12": "28th Ave W", "Field13": "0", "Field14": "28th Ave W & W Smith St", "Field15": 2 }, "geometry": null },
{ "type": "Feature", "properties": { "Field1": "24500", "Field2": "Y", "Field3": "SEA", "Field4": "1255934.3", "Field5": "236950.1", "Field6": "YES", "Field7": "ACT", "Field8": "NO", "Field9": "W Lynn St", "Field10": "98199", "Field11": "24", "Field12": "28th Ave W", "Field13": "0", "Field14": "28th Ave W & W Lynn St", "Field15": 2 }, "geometry": null },
{ "type": "Feature", "properties": { "Field1": "24510", "Field2": "Y", "Field3": "SEA", "Field4": "1255918.7", "Field5": "236443.3", "Field6": "YES", "Field7": "ACT", "Field8": "NO", "Field9": "W Crockett St", "Field10": "98199", "Field11": "24", "Field12": "28th Ave W", "Field13": "0", "Field14": "28th Ave W & W Crockett St", "Field15": 2 }, "geometry": null },
{ "type": "Feature", "properties": { "Field1": "24540", "Field2": "Y", "Field3": "SEA", "Field4": "1255922.7", "Field5": "236571.3", "Field6": "YES", "Field7": "ACT", "Field8": "NO", "Field9": "W Crockett St", "Field10": "98199", "Field11": "24", "Field12": "28th Ave W", "Field13": "0", "Field14": "28th Ave W & W Crockett St", "Field15": 2 }, "geometry": null },
{ "type": "Feature", "properties": { "Field1": "24544", "Field2": "Y", "Field3": "SEA", "Field4": "1255937.5", "Field5": "237091.1", "Field6": "YES", "Field7": "ACT", "Field8": "NO", "Field9": "W Lynn St", "Field10": "98199", "Field11": "24", "Field12": "28th Ave W", "Field13": "0", "Field14": "28th Ave W & W Lynn St", "Field15": 2 }, "geometry": null },
{ "type": "Feature", "properties": { "Field1": "26369", "Field2": "Y", "Field3": "SEA", "Field4": "1272218.8", "Field5": "242697.7", "Field6": "YES", "Field7": "ACT", "Field8": "NO", "Field9": "1st Ave NE", "Field10": "98105", "Field11": "31 32", "Field12": "NE 40th St", "Field13": "0", "Field14": "NE 40th St & 1st Ave NE", "Field15": 2 }, "geometry": null },
{ "type": "Feature", "properties": { "Field1": "26370", "Field2": "Y", "Field3": "SEA", "Field4": "1271736.8", "Field5": "242712", "Field6": "YES", "Field7": "ACT", "Field8": "NO", "Field9": "Eastern Ave N", "Field10": "98103", "Field11": "31 32", "Field12": "N 40th St", "Field13": "0", "Field14": "N 40th St & Eastern Ave N", "Field15": 2 }, "geometry": null },
{ "type": "Feature", "properties": { "Field1": "26381", "Field2": "Y", "Field3": "SEA", "Field4": "1270807.3", "Field5": "242743.3", "Field6": "YES", "Field7": "ACT", "Field8": "NO", "Field9": "Bagley Ave N", "Field10": "98103", "Field11": "31 32", "Field12": "N 40th St", "Field13": "1", "Field14": "N 40th St & Bagley Ave N", "Field15": 3 }, "geometry": null },
{ "type": "Feature", "properties": { "Field1": "531", "Field2": "Y", "Field3": "SEA", "Field4": "1270896.7", "Field5": "223408.7", "Field6": "YES", "Field7": "ACT", "Field8": "NO", "Field9": "James St", "Field10": "98104", "Field11": "124N 131N 132N 17E 21N 24 27N 28E 33 40 5 62", "Field12": "3rd Ave", "Field13": "3", "Field14": "3rd Ave & James St", "Field15": 3 }, "geometry": null },
{ "type": "Feature", "properties": { "Field1": "538", "Field2": "Y", "Field3": "SEA", "Field4": "1270579.5", "Field5": "223944.4", "Field6": "YES", "Field7": "ACT", "Field8": "NO", "Field9": "Columbia St", "Field10": "98104", "Field11": "1 13 14N 2N 3 36N 4 70 7N D E", "Field12": "3rd Ave", "Field13": "3", "Field14": "3rd Ave & Columbia St", "Field15": 3 }, "geometry": null },
{ "type": "Feature", "properties": { "Field1": "539", "Field2": "Y", "Field3": "SEA", "Field4": "1270423.8", "Field5": "224207.6", "Field6": "YES", "Field7": "ACT", "Field8": "NO", "Field9": "Marion St", "Field10": "98104", "Field11": "125 C", "Field12": "3rd Ave", "Field13": "0", "Field14": "3rd Ave & Marion St", "Field15": 2 }, "geometry": null },
{ "type": "Feature", "properties": { "Field1": "548", "Field2": "Y", "Field3": "SEA", "Field4": "1270262.8", "Field5": "224479.6", "Field6": "YES", "Field7": "ACT", "Field8": "NO", "Field9": "Madison St", "Field10": "98104", "Field11": "113N 124N 131N 132N 17E 21EN 21N 24 27N 28E 33 40 5 56N 57N 62 HN", "Field12": "3rd Ave", "Field13": "0", "Field14": "3rd Ave & Madison St", "Field15": 2 }, "geometry": null },
{ "type": "Feature", "properties": { "Field1": "558", "Field2": "Y", "Field3": "SEA", "Field4": "1269933.8999999999", "Field5": "225035.5", "Field6": "YES", "Field7": "ACT", "Field8": "NO", "Field9": "Seneca St", "Field10": "98101", "Field11": "1 125 13 14N 2N 3 36N 4 70 7N C D E", "Field12": "3rd Ave", "Field13": "0", "Field14": "3rd Ave & Seneca St", "Field15": 2 }, "geometry": null },
{ "type": "Feature", "properties": { "Field1": "390", "Field2": "Y", "Field3": "SEA", "Field4": "1271240.1000000001", "Field5": "222195.9", "Field6": "YES", "Field7": "ACT", "Field8": "NO", "Field9": "S Jackson St", "Field10": "98104", "Field11": "101 102 150 162 177", "Field12": "2nd Ave Ext S", "Field13": "2", "Field14": "2nd Ave Ext S & S Jackson St", "Field15": 3 }, "geometry": null },
{ "type": "Feature", "properties": { "Field1": "400", "Field2": "Y", "Field3": "SEA", "Field4": "1267789.2", "Field5": "227755.1", "Field6": "YES", "Field7": "ACT", "Field8": "NO", "Field9": "Bell St", "Field10": "98121", "Field11": "124 131 132 13N 14 17EN 1N 2 21 24N 27 33N 4 56 57 DN EN", "Field12": "3rd Ave", "Field13": "2", "Field14": "3rd Ave & Bell St", "Field15": 3 }, "geometry": null },
{ "type": "Feature", "properties": { "Field1": "1340", "Field2": "Y", "Field3": "SEA", "Field4": "1271305.2", "Field5": "223075.8", "Field6": "YES", "Field7": "ACT", "Field8": "NO", "Field9": "Dilling Way", "Field10": "98104", "Field11": "27", "Field12": "Yesler Way", "Field13": "0", "Field14": "Yesler Way & Dilling Way", "Field15": 2 }, "geometry": null },
{ "type": "Feature", "properties": { "Field1": "1350", "Field2": "Y", "Field3": "SEA", "Field4": "1272421.2", "Field5": "223051.5", "Field6": "YES", "Field7": "ACT", "Field8": "NO", "Field9": "6th Ave S", "Field10": "98104", "Field11": "27", "Field12": "Yesler Way", "Field13": "0", "Field14": "Yesler Way & 6th Ave S", "Field15": 2 }, "geometry": null },
{ "type": "Feature", "properties": { "Field1": "1360", "Field2": "Y", "Field3": "SEA", "Field4": "1271907.6000000001", "Field5": "223063.6", "Field6": "YES", "Field7": "ACT", "Field8": "NO", "Field9": "6th Ave", "Field10": "98104", "Field11": "27", "Field12": "Yesler Way", "Field13": "0", "Field14": "Yesler Way & 6th Ave", "Field15": 2 }, "geometry": null },
{ "type": "Feature", "properties": { "Field1": "1370", "Field2": "Y", "Field3": "SEA", "Field4": "1271250.2", "Field5": "223077.1", "Field6": "YES", "Field7": "ACT", "Field8": "NO", "Field9": "3rd Ave", "Field10": "98104", "Field11": "27N 33", "Field12": "Yesler Way", "Field13": "0", "Field14": "Yesler Way & 3rd Ave", "Field15": 2 }, "geometry": null },
{ "type": "Feature", "properties": { "Field1": "420", "Field2": "Y", "Field3": "SEA", "Field4": "1268553.5", "Field5": "227059.9", "Field6": "YES", "Field7": "ACT", "Field8": "NO", "Field9": "Virginia St", "Field10": "98121", "Field11": "124 131 132 13N 14 17EN 1N 2 21 21E 24N 27 33N 4 40N 56 57 62N C DN EN H", "Field12": "3rd Ave", "Field13": "2", "Field14": "3rd Ave & Virginia St", "Field15": 3 }, "geometry": null },
{ "type": "Feature", "properties": { "Field1": "430", "Field2": "Y", "Field3": "SEA", "Field4": "1269075.8999999999", "Field5": "226483.1", "Field6": "YES", "Field7": "ACT", "Field8": "NO", "Field9": "Pine St", "Field10": "98101", "Field11": "13N 14 17EN 1N 2 3 36 4 40N 62N 7 70N", "Field12": "3rd Ave", "Field13": "0", "Field14": "3rd Ave & Pine St", "Field15": 2 }, "geometry": null },
{ "type": "Feature", "properties": { "Field1": "468", "Field2": "Y", "Field3": "SEA", "Field4": "1270050.8999999999", "Field5": "224837.6", "Field6": "YES", "Field7": "ACT", "Field8": "NO", "Field9": "Seneca St", "Field10": "98101", "Field11": "124 125 131 132 21 21E 24N 27 33N 56 57 C DN EN H", "Field12": "3rd Ave", "Field13": "0", "Field14": "3rd Ave & Seneca St", "Field15": 2 }, "geometry": null },
{ "type": "Feature", "properties": { "Field1": "480", "Field2": "Y", "Field3": "SEA", "Field4": "1270366.7", "Field5": "224304.1", "Field6": "YES", "Field7": "ACT", "Field8": "NO", "Field9": "Marion St", "Field10": "98104", "Field11": "13N 14 17EN 1N 2N 3 36 4 40N 49N 62N 7 70N", "Field12": "3rd Ave", "Field13": "0", "Field14": "3rd Ave & Marion St", "Field15": 2 }, "geometry": null },
{ "type": "Feature", "properties": { "Field1": "481", "Field2": "Y", "Field3": "SEA", "Field4": "1270526.3", "Field5": "224034.3", "Field6": "YES", "Field7": "ACT", "Field8": "NO", "Field9": "Columbia St", "Field10": "98104", "Field11": "125 21E 56 57 C H", "Field12": "3rd Ave", "Field13": "0", "Field14": "3rd Ave & Columbia St", "Field15": 2 }, "geometry": null },
{ "type": "Feature", "properties": { "Field1": "1490", "Field2": "Y", "Field3": "SEA", "Field4": "1273146.3", "Field5": "222119.6", "Field6": "YES", "Field7": "ACT", "Field8": "NO", "Field9": "8th Ave S", "Field10": "98104", "Field11": "106 14 36 7", "Field12": "S Jackson St", "Field13": "0", "Field14": "S Jackson St & 8th Ave S", "Field15": 2 }, "geometry": null },
{ "type": "Feature", "properties": { "Field1": "1500", "Field2": "Y", "Field3": "SEA", "Field4": "1273076.8", "Field5": "222121.1", "Field6": "YES", "Field7": "ACT", "Field8": "NO", "Field9": "8th Ave S", "Field10": "98104", "Field11": "1 106 14 36 7", "Field12": "S Jackson St", "Field13": "0", "Field14": "S Jackson St & 8th Ave S", "Field15": 2 }, "geometry": null },
{ "type": "Feature", "properties": { "Field1": "1510", "Field2": "Y", "Field3": "SEA", "Field4": "1272302.8", "Field5": "222135.7", "Field6": "YES", "Field7": "ACT", "Field8": "NO", "Field9": "Maynard Ave S", "Field10": "98104", "Field11": "1 106N 14N 36 7", "Field12": "S Jackson St", "Field13": "0", "Field14": "S Jackson St & Maynard Ave S", "Field15": 2 }, "geometry": null },
{ "type": "Feature", "properties": { "Field1": "1530", "Field2": "Y", "Field3": "SEA", "Field4": "1271582.8", "Field5": "222151.3", "Field6": "YES", "Field7": "ACT", "Field8": "NO", "Field9": "5th Ave S", "Field10": "98104", "Field11": "1 13 14N 2N 36N 3N 4N 62 7 70", "Field12": "S Jackson St", "Field13": "0", "Field14": "S Jackson St & 5th Ave S", "Field15": 2 }, "geometry": null },
{ "type": "Feature", "properties": { "Field1": "2330", "Field2": "Y", "Field3": "SEA", "Field4": "1265047", "Field5": "229548.9", "Field6": "YES", "Field7": "ACT", "Field8": "NO", "Field9": "Denny Way", "Field10": "98109", "Field11": "1 13 2 8 D", "Field12": "1st Ave N", "Field13": "1", "Field14": "1st Ave N & Denny Way", "Field15": 3 }, "geometry": null },
{ "type": "Feature", "properties": { "Field1": "2360", "Field2": "Y", "Field3": "SEA", "Field4": "1265088.1000000001", "Field5": "231007.2", "Field6": "YES", "Field7": "ACT", "Field8": "NO", "Field9": "Republican St", "Field10": "98109", "Field11": "1 13 2 8 D", "Field12": "1st Ave N", "Field13": "2", "Field14": "1st Ave N & Republican St", "Field15": 3 }, "geometry": null },
{ "type": "Feature", "properties": { "Field1": "490", "Field2": "Y", "Field3": "SEA", "Field4": "1270675.5", "Field5": "223782.2", "Field6": "YES", "Field7": "ACT", "Field8": "NO", "Field9": "Cherry St", "Field10": "98104", "Field11": "124 131 132 21 24N 27 33N DN EN", "Field12": "3rd Ave", "Field13": "3", "Field14": "3rd Ave & Cherry St", "Field15": 3 }, "geometry": null },
{ "type": "Feature", "properties": { "Field1": "500", "Field2": "Y", "Field3": "SEA", "Field4": "1270843.1000000001", "Field5": "223499.1", "Field6": "YES", "Field7": "ACT", "Field8": "NO", "Field9": "James St", "Field10": "98104", "Field11": "13N 14 17EN 1N 2N 36 3N 40N 49N 4N 62N 7 70N", "Field12": "3rd Ave", "Field13": "1", "Field14": "3rd Ave & James St", "Field15": 3 }, "geometry": null },
{ "type": "Feature", "properties": { "Field1": "510", "Field2": "Y", "Field3": "SEA", "Field4": "1270988.8999999999", "Field5": "222776.5", "Field6": "YES", "Field7": "ACT", "Field8": "NO", "Field9": "3rd Ave S", "Field10": "98104", "Field11": "E", "Field12": "S Washington St", "Field13": "0", "Field14": "S Washington St & 3rd Ave S", "Field15": 2 }, "geometry": null },
{ "type": "Feature", "properties": { "Field1": "515", "Field2": "Y", "Field3": "SEA", "Field4": "1271123.2", "Field5": "222542", "Field6": "YES", "Field7": "ACT", "Field8": "NO", "Field9": "S Main St", "Field10": "98104", "Field11": "124 131 132 13N 14 17E 1N 21 24 2N 33 36 3N 40 49N 4N 7 70N D", "Field12": "3rd Ave S", "Field13": "0", "Field14": "3rd Ave S & S Main St", "Field15": 2 }, "geometry": null },
{ "type": "Feature", "properties": { "Field1": "1540", "Field2": "Y", "Field3": "SEA", "Field4": "1271452.5", "Field5": "223813", "Field6": "YES", "Field7": "ACT", "Field8": "NO", "Field9": "5th Ave", "Field10": "98104", "Field11": "3 4", "Field12": "James St", "Field13": "0", "Field14": "James St & 5th Ave", "Field15": 2 }, "geometry": null },
{ "type": "Feature", "properties": { "Field1": "1550", "Field2": "Y", "Field3": "SEA", "Field4": "1271009.6000000001", "Field5": "223556.7", "Field6": "YES", "Field7": "ACT", "Field8": "NO", "Field9": "4th Ave", "Field10": "98104", "Field11": "3 4", "Field12": "James St", "Field13": "0", "Field14": "James St & 4th Ave", "Field15": 2 }, "geometry": null },
{ "type": "Feature", "properties": { "Field1": "2630", "Field2": "Y", "Field3": "SEA", "Field4": "1264391.6000000001", "Field5": "234377.1", "Field6": "YES", "Field7": "ACT", "Field8": "NO", "Field9": "2nd Ave W", "Field10": "98119", "Field11": "2", "Field12": "W Galer St", "Field13": "1", "Field14": "W Galer St & 2nd Ave W", "Field15": 3 }, "geometry": null },
{ "type": "Feature", "properties": { "Field1": "2640", "Field2": "Y", "Field3": "SEA", "Field4": "1264858.3", "Field5": "234190.5", "Field6": "YES", "Field7": "ACT", "Field8": "NO", "Field9": "W Lee St", "Field10": "98109", "Field11": "13 2", "Field12": "Queen Anne Ave N", "Field13": "0", "Field14": "Queen Anne Ave N & W Lee St", "Field15": 2 }, "geometry": null },
{ "type": "Feature", "properties": { "Field1": "2660", "Field2": "Y", "Field3": "SEA", "Field4": "1264835.8", "Field5": "233379.1", "Field6": "YES", "Field7": "ACT", "Field8": "NO", "Field9": "W Highland Dr", "Field10": "98109", "Field11": "13 2", "Field12": "Queen Anne Ave N", "Field13": "1", "Field14": "Queen Anne Ave N & W Highland Dr", "Field15": 3 }, "geometry": null },
{ "type": "Feature", "properties": { "Field1": "2670", "Field2": "Y", "Field3": "SEA", "Field4": "1264813.7", "Field5": "232978.1", "Field6": "YES", "Field7": "ACT", "Field8": "NO", "Field9": "W Prospect St", "Field10": "98109", "Field11": "13 2", "Field12": "Queen Anne Ave N", "Field13": "0", "Field14": "Queen Anne Ave N & W Prospect St", "Field15": 2 }, "geometry": null },
{ "type": "Feature", "properties": { "Field1": "2672", "Field2": "Y", "Field3": "SEA", "Field4": "1264775.7", "Field5": "231356.2", "Field6": "YES", "Field7": "ACT", "Field8": "NO", "Field9": "W Mercer St", "Field10": "98109", "Field11": "1 13 2 32N 8 D", "Field12": "Queen Anne Ave N", "Field13": "0", "Field14": "Queen Anne Ave N & W Mercer St", "Field15": 2 }, "geometry": null },
{ "type": "Feature", "properties": { "Field1": "2680", "Field2": "Y", "Field3": "SEA", "Field4": "1264795.6000000001", "Field5": "232262.5", "Field6": "YES", "Field7": "ACT", "Field8": "NO", "Field9": "Valley St", "Field10": "98109", "Field11": "13 2", "Field12": "Queen Anne Ave N", "Field13": "1", "Field14": "Queen Anne Ave N & Valley St", "Field15": 3 }, "geometry": null },
{ "type": "Feature", "properties": { "Field1": "2690", "Field2": "Y", "Field3": "SEA", "Field4": "1265101.3999999999", "Field5": "231596.7", "Field6": "YES", "Field7": "ACT", "Field8": "NO", "Field9": "Mercer St", "Field10": "98109", "Field11": "13 2", "Field12": "1st Ave N", "Field13": "1", "Field14": "1st Ave N & Mercer St", "Field15": 3 }, "geometry": null },
{ "type": "Feature", "properties": { "Field1": "2370", "Field2": "Y", "Field3": "SEA", "Field4": "1264818", "Field5": "231545", "Field6": "YES", "Field7": "ACT", "Field8": "NO", "Field9": "Queen Anne Ave N", "Field10": "98109", "Field11": "1 32 8 D", "Field12": "Mercer St", "Field13": "1", "Field14": "Mercer St & Queen Anne Ave N", "Field15": 3 }, "geometry": null },
{ "type": "Feature", "properties": { "Field1": "2390", "Field2": "Y", "Field3": "SEA", "Field4": "1264147.8", "Field5": "232074", "Field6": "YES", "Field7": "ACT", "Field8": "NO", "Field9": "W Roy St", "Field10": "98119", "Field11": "1", "Field12": "2nd Ave W", "Field13": "0", "Field14": "2nd Ave W & W Roy St", "Field15": 2 }, "geometry": null },
{ "type": "Feature", "properties": { "Field1": "3960", "Field2": "Y", "Field3": "SEA", "Field4": "1266922.7", "Field5": "236492.2", "Field6": "YES", "Field7": "ACT", "Field8": "NO", "Field9": "Bigelow Ave N", "Field10": "98109", "Field11": "4", "Field12": "Boston St", "Field13": "1", "Field14": "Boston St & Bigelow Ave N", "Field15": 3 }, "geometry": null },
{ "type": "Feature", "properties": { "Field1": "3980", "Field2": "Y", "Field3": "SEA", "Field4": "1267225", "Field5": "235776", "Field6": "YES", "Field7": "ACT", "Field8": "NO", "Field9": "Newton St", "Field10": "98109", "Field11": "4", "Field12": "5th Ave N", "Field13": "1", "Field14": "5th Ave N & Newton St", "Field15": 3 }, "geometry": null },
{ "type": "Feature", "properties": { "Field1": "3990", "Field2": "Y", "Field3": "SEA", "Field4": "1267134.5", "Field5": "235173.1", "Field6": "YES", "Field7": "ACT", "Field8": "NO", "Field9": "5th Ave N", "Field10": "98109", "Field11": "4", "Field12": "Taylor Ave N", "Field13": "1", "Field14": "Taylor Ave N & 5th Ave N", "Field15": 3 }, "geometry": null },
{ "type": "Feature", "properties": { "Field1": "4000", "Field2": "Y", "Field3": "SEA", "Field4": "1267490.8999999999", "Field5": "234618.6", "Field6": "YES", "Field7": "ACT", "Field8": "NO", "Field9": "Garfield St", "Field10": "98109", "Field11": "4", "Field12": "Taylor Ave N", "Field13": "1", "Field14": "Taylor Ave N & Garfield St", "Field15": 3 }, "geometry": null },
{ "type": "Feature", "properties": { "Field1": "4010", "Field2": "Y", "Field3": "SEA", "Field4": "1267399.1000000001", "Field5": "233872.1", "Field6": "YES", "Field7": "ACT", "Field8": "NO", "Field9": "Lee St", "Field10": "98109", "Field11": "4", "Field12": "Taylor Ave N", "Field13": "1", "Field14": "Taylor Ave N & Lee St", "Field15": 3 }, "geometry": null },
{ "type": "Feature", "properties": { "Field1": "4020", "Field2": "Y", "Field3": "SEA", "Field4": "1267391.3", "Field5": "233097.7", "Field6": "YES", "Field7": "ACT", "Field8": "NO", "Field9": "Prospect St", "Field10": "98109", "Field11": "4", "Field12": "Taylor Ave N", "Field13": "0", "Field14": "Taylor Ave N & Prospect St", "Field15": 2 }, "geometry": null },
{ "type": "Feature", "properties": { "Field1": "4040", "Field2": "Y", "Field3": "SEA", "Field4": "1267045.6000000001", "Field5": "231996", "Field6": "YES", "Field7": "ACT", "Field8": "NO", "Field9": "Valley St", "Field10": "98109", "Field11": "4", "Field12": "5th Ave N", "Field13": "2", "Field14": "5th Ave N & Valley St", "Field15": 3 }, "geometry": null },
{ "type": "Feature", "properties": { "Field1": "4050", "Field2": "Y", "Field3": "SEA", "Field4": "1267024.6000000001", "Field5": "231147.6", "Field6": "YES", "Field7": "ACT", "Field8": "NO", "Field9": "Republican St", "Field10": "98109", "Field11": "4", "Field12": "5th Ave N", "Field13": "1", "Field14": "5th Ave N & Republican St", "Field15": 3 }, "geometry": null },
{ "type": "Feature", "properties": { "Field1": "2400", "Field2": "Y", "Field3": "SEA", "Field4": "1263851.2", "Field5": "232347", "Field6": "YES", "Field7": "ACT", "Field8": "NO", "Field9": "3rd Ave W", "Field10": "98119", "Field11": "1", "Field12": "W Olympic Pl", "Field13": "0", "Field14": "W Olympic Pl & 3rd Ave W", "Field15": 2 }, "geometry": null },
{ "type": "Feature", "properties": { "Field1": "2410", "Field2": "Y", "Field3": "SEA", "Field4": "1263204.5", "Field5": "232363.2", "Field6": "YES", "Field7": "ACT", "Field8": "NO", "Field9": "5th Ave W", "Field10": "98119", "Field11": "1", "Field12": "W Olympic Pl", "Field13": "0", "Field14": "W Olympic Pl & 5th Ave W", "Field15": 2 }, "geometry": null },
{ "type": "Feature", "properties": { "Field1": "2420", "Field2": "Y", "Field3": "SEA", "Field4": "1262407.6000000001", "Field5": "232762.4", "Field6": "YES", "Field7": "ACT", "Field8": "NO", "Field9": "7th Ave W", "Field10": "98119", "Field11": "1", "Field12": "W Olympic Pl", "Field13": "0", "Field14": "W Olympic Pl & 7th Ave W", "Field15": 2 }, "geometry": null },
{ "type": "Feature", "properties": { "Field1": "2430", "Field2": "Y", "Field3": "SEA", "Field4": "1262012.5", "Field5": "233221.6", "Field6": "YES", "Field7": "ACT", "Field8": "NO", "Field9": "W Prospect St", "Field10": "98119", "Field11": "1", "Field12": "Olympic Way W", "Field13": "0", "Field14": "Olympic Way W & W Prospect St", "Field15": 2 }, "geometry": null },
{ "type": "Feature", "properties": { "Field1": "2440", "Field2": "Y", "Field3": "SEA", "Field4": "1261501.6000000001", "Field5": "234040.5", "Field6": "YES", "Field7": "ACT", "Field8": "NO", "Field9": "10th Ave W", "Field10": "98119", "Field11": "1", "Field12": "Olympic Way W", "Field13": "0", "Field14": "Olympic Way W & 10th Ave W", "Field15": 2 }, "geometry": null },
{ "type": "Feature", "properties": { "Field1": "2450", "Field2": "Y", "Field3": "SEA", "Field4": "1261459.1000000001", "Field5": "234502.9", "Field6": "YES", "Field7": "ACT", "Field8": "NO", "Field9": "W Galer St", "Field10": "98119", "Field11": "1", "Field12": "10th Ave W", "Field13": "0", "Field14": "10th Ave W & W Galer St", "Field15": 2 }, "geometry": null },
{ "type": "Feature", "properties": { "Field1": "2460", "Field2": "Y", "Field3": "SEA", "Field4": "1261485.8", "Field5": "235398.8", "Field6": "YES", "Field7": "ACT", "Field8": "NO", "Field9": "W Blaine St", "Field10": "98119", "Field11": "1", "Field12": "10th Ave W", "Field13": "0", "Field14": "10th Ave W & W Blaine St", "Field15": 2 }, "geometry": null },
{ "type": "Feature", "properties": { "Field1": "2470", "Field2": "Y", "Field3": "SEA", "Field4": "1261498.5", "Field5": "235833.2", "Field6": "LTD", "Field7": "ACT", "Field8": "NO", "Field9": "W Howe St", "Field10": "98119", "Field11": "1", "Field12": "10th Ave W", "Field13": "0", "Field14": "10th Ave W & W Howe St", "Field15": 0 }, "geometry": null },
{ "type": "Feature", "properties": { "Field1": "2480", "Field2": "Y", "Field3": "SEA", "Field4": "1261518.3", "Field5": "236498", "Field6": "YES", "Field7": "ACT", "Field8": "NO", "Field9": "W Crockett St", "Field10": "98119", "Field11": "1", "Field12": "10th Ave W", "Field13": "0", "Field14": "10th Ave W & W Crockett St", "Field15": 2 }, "geometry": null },
{ "type": "Feature", "properties": { "Field1": "2490", "Field2": "Y", "Field3": "SEA", "Field4": "1261566.7", "Field5": "237161.4", "Field6": "LTD", "Field7": "ACT", "Field8": "NO", "Field9": "W McGraw St", "Field10": "98119", "Field11": "1", "Field12": "10th Ave W", "Field13": "0", "Field14": "10th Ave W & W McGraw St", "Field15": 0 }, "geometry": null },
{ "type": "Feature", "properties": { "Field1": "2500", "Field2": "Y", "Field3": "SEA", "Field4": "1261614.3999999999", "Field5": "238033", "Field6": "YES", "Field7": "ACT", "Field8": "NO", "Field9": "W Halladay St", "Field10": "98119", "Field11": "1", "Field12": "10th Ave W", "Field13": "0", "Field14": "10th Ave W & W Halladay St", "Field15": 2 }, "geometry": null },
{ "type": "Feature", "properties": { "Field1": "2510", "Field2": "Y", "Field3": "SEA", "Field4": "1261599.7", "Field5": "238861.9", "Field6": "YES", "Field7": "ACT", "Field8": "NO", "Field9": "W Newell St", "Field10": "98119", "Field11": "1", "Field12": "10th Ave W", "Field13": "0", "Field14": "10th Ave W & W Newell St", "Field15": 2 }, "geometry": null },
{ "type": "Feature", "properties": { "Field1": "4080", "Field2": "Y", "Field3": "SEA", "Field4": "1266982.2", "Field5": "229545.2", "Field6": "YES", "Field7": "ACT", "Field8": "NO", "Field9": "Denny Way", "Field10": "98109", "Field11": "4", "Field12": "5th Ave N", "Field13": "0", "Field14": "5th Ave N & Denny Way", "Field15": 2 }, "geometry": null },
{ "type": "Feature", "properties": { "Field1": "1466", "Field2": "Y", "Field3": "SEA", "Field4": "1270884", "Field5": "222166.39999999999", "Field6": "YES", "Field7": "ACT", "Field8": "NO", "Field9": "2nd Ave S", "Field10": "98104", "Field12": "S Jackson St", "Field13": "0", "Field14": "S Jackson St & 2nd Ave S", "Field15": 2 }, "geometry": null },
{ "type": "Feature", "properties": { "Field1": "1471", "Field2": "Y", "Field3": "SEA", "Field4": "1271667.8", "Field5": "222149.4", "Field6": "YES", "Field7": "ACT", "Field8": "NO", "Field9": "5th Ave S", "Field10": "98104", "Field11": "1 106 13 14 2 3 36 4 49 7 70", "Field12": "S Jackson St", "Field13": "3", "Field14": "S Jackson St & 5th Ave S", "Field15": 3 }, "geometry": null },
{ "type": "Feature", "properties": { "Field1": "1480", "Field2": "Y", "Field3": "SEA", "Field4": "1272522.7", "Field5": "222130.9", "Field6": "YES", "Field7": "ACT", "Field8": "NO", "Field9": "Maynard Ave S", "Field10": "98104", "Field11": "106 14 36 554E 7", "Field12": "S Jackson St", "Field13": "1", "Field14": "S Jackson St & Maynard Ave S", "Field15": 3 }, "geometry": null },
{ "type": "Feature", "properties": { "Field1": "2520", "Field2": "Y", "Field3": "SEA", "Field4": "1261806", "Field5": "239171.9", "Field6": "YES", "Field7": "ACT", "Field8": "NO", "Field9": "W Armour St", "Field10": "98119", "Field11": "1", "Field12": "9th Ave W", "Field13": "0", "Field14": "9th Ave W & W Armour St", "Field15": 2 }, "geometry": null },
{ "type": "Feature", "properties": { "Field1": "2570", "Field2": "Y", "Field3": "SEA", "Field4": "1262765", "Field5": "237060.4", "Field6": "YES", "Field7": "ACT", "Field8": "NO", "Field9": "6th Ave W", "Field10": "98119", "Field11": "2", "Field12": "W McGraw St", "Field13": "1", "Field14": "W McGraw St & 6th Ave W", "Field15": 3 }, "geometry": null },
{ "type": "Feature", "properties": { "Field1": "4370", "Field2": "Y", "Field3": "SEA", "Field4": "1264993.2", "Field5": "236579.20000000001", "Field6": "YES", "Field7": "ACT", "Field8": "NO", "Field9": "1st Ave N", "Field10": "98109", "Field11": "4", "Field12": "Boston St", "Field13": "0", "Field14": "Boston St & 1st Ave N", "Field15": 2 }, "geometry": null },
{ "type": "Feature", "properties": { "Field1": "4070", "Field2": "Y", "Field3": "SEA", "Field4": "1267000.1000000001", "Field5": "230302", "Field6": "YES", "Field7": "ACT", "Field8": "NO", "Field9": "Broad St", "Field10": "98109", "Field11": "4", "Field12": "5th Ave N", "Field13": "2", "Field14": "5th Ave N & Broad St", "Field15": 3 }, "geometry": null },
{ "type": "Feature", "properties": { "Field1": "6380", "Field2": "Y", "Field3": "SEA", "Field4": "1266676.3", "Field5": "243300.3", "Field6": "YES", "Field7": "ACT", "Field8": "NO", "Field9": "N 41st St", "Field10": "98103", "Field11": "5", "Field12": "Fremont Ave N", "Field13": "0", "Field14": "Fremont Ave N & N 41st St", "Field15": 2 }, "geometry": null },
{ "type": "Feature", "properties": { "Field1": "6400", "Field2": "Y", "Field3": "SEA", "Field4": "1266580.7", "Field5": "244051.3", "Field6": "YES", "Field7": "ACT", "Field8": "NO", "Field9": "Fremont Ave N", "Field10": "98103", "Field11": "5", "Field12": "N 43rd St", "Field13": "0", "Field14": "N 43rd St & Fremont Ave N", "Field15": 2 }, "geometry": null },
{ "type": "Feature", "properties": { "Field1": "6420", "Field2": "Y", "Field3": "SEA", "Field4": "1265600.8999999999", "Field5": "244191.3", "Field6": "YES", "Field7": "ACT", "Field8": "NO", "Field9": "N 43rd St", "Field10": "98103", "Field11": "5", "Field12": "Phinney Ave N", "Field13": "0", "Field14": "Phinney Ave N & N 43rd St", "Field15": 2 }, "geometry": null },
{ "type": "Feature", "properties": { "Field1": "6440", "Field2": "Y", "Field3": "SEA", "Field4": "1265724", "Field5": "245330.6", "Field6": "YES", "Field7": "ACT", "Field8": "NO", "Field9": "N 46th St", "Field10": "98103", "Field11": "5", "Field12": "Phinney Ave N", "Field13": "1", "Field14": "Phinney Ave N & N 46th St", "Field15": 3 }, "geometry": null },
{ "type": "Feature", "properties": { "Field1": "6460", "Field2": "Y", "Field3": "SEA", "Field4": "1265744.3999999999", "Field5": "246254.9", "Field6": "YES", "Field7": "ACT", "Field8": "NO", "Field9": "N 50th St", "Field10": "98103", "Field11": "5", "Field12": "Phinney Ave N", "Field13": "0", "Field14": "Phinney Ave N & N 50th St", "Field15": 2 }, "geometry": null },
{ "type": "Feature", "properties": { "Field1": "6480", "Field2": "Y", "Field3": "SEA", "Field4": "1265646.8999999999", "Field5": "246967.2", "Field6": "LTD", "Field7": "ACT", "Field8": "NO", "Field9": "N 53rd St", "Field10": "98103", "Field11": "5", "Field12": "Phinney Ave N", "Field13": "0", "Field14": "Phinney Ave N & N 53rd St", "Field15": 0 }, "geometry": null },
{ "type": "Feature", "properties": { "Field1": "4200", "Field2": "Y", "Field3": "SEA", "Field4": "1266975.6000000001", "Field5": "229297.8", "Field6": "YES", "Field7": "ACT", "Field8": "NO", "Field9": "Denny Way", "Field10": "98121", "Field11": "4", "Field12": "Cedar St", "Field13": "0", "Field14": "Cedar St & Denny Way", "Field15": 2 }, "geometry": null },
{ "type": "Feature", "properties": { "Field1": "4220", "Field2": "Y", "Field3": "SEA", "Field4": "1267000.1000000001", "Field5": "230304", "Field6": "YES", "Field7": "ACT", "Field8": "NO", "Field9": "Broad St", "Field10": "98109", "Field11": "4", "Field12": "5th Ave N", "Field13": "0", "Field14": "5th Ave N & Broad St", "Field15": 2 }, "geometry": null },
{ "type": "Feature", "properties": { "Field1": "4230", "Field2": "Y", "Field3": "SEA", "Field4": "1267024.5", "Field5": "231141.7", "Field6": "YES", "Field7": "ACT", "Field8": "NO", "Field9": "Republican St", "Field10": "98109", "Field11": "4", "Field12": "5th Ave N", "Field13": "1", "Field14": "5th Ave N & Republican St", "Field15": 3 }, "geometry": null },
{ "type": "Feature", "properties": { "Field1": "4245", "Field2": "Y", "Field3": "SEA", "Field4": "1267278", "Field5": "232112.4", "Field6": "YES", "Field7": "ACT", "Field8": "NO", "Field9": "Taylor Ave N", "Field10": "98109", "Field11": "4", "Field12": "Valley St", "Field13": "1", "Field14": "Valley St & Taylor Ave N", "Field15": 3 }, "geometry": null },
{ "type": "Feature", "properties": { "Field1": "6510", "Field2": "Y", "Field3": "SEA", "Field4": "1265683.7", "Field5": "248447.2", "Field6": "YES", "Field7": "ACT", "Field8": "NO", "Field9": "N 58th St", "Field10": "98103", "Field11": "5", "Field12": "Phinney Ave N", "Field13": "0", "Field14": "Phinney Ave N & N 58th St", "Field15": 2 }, "geometry": null },
{ "type": "Feature", "properties": { "Field1": "2580", "Field2": "Y", "Field3": "SEA", "Field4": "1262833.8", "Field5": "236320.7", "Field6": "YES", "Field7": "ACT", "Field8": "NO", "Field9": "W Crockett St", "Field10": "98119", "Field11": "2", "Field12": "6th Ave W", "Field13": "1", "Field14": "6th Ave W & W Crockett St", "Field15": 3 }, "geometry": null },
{ "type": "Feature", "properties": { "Field1": "2590", "Field2": "Y", "Field3": "SEA", "Field4": "1262817.3999999999", "Field5": "235759.3", "Field6": "YES", "Field7": "ACT", "Field8": "NO", "Field9": "W Howe St", "Field10": "98119", "Field11": "2", "Field12": "6th Ave W", "Field13": "1", "Field14": "6th Ave W & W Howe St", "Field15": 3 }, "geometry": null },
{ "type": "Feature", "properties": { "Field1": "2600", "Field2": "Y", "Field3": "SEA", "Field4": "1262801.5", "Field5": "235213.7", "Field6": "YES", "Field7": "ACT", "Field8": "NO", "Field9": "W Blaine St", "Field10": "98119", "Field11": "2", "Field12": "6th Ave W", "Field13": "0", "Field14": "6th Ave W & W Blaine St", "Field15": 2 }, "geometry": null },
{ "type": "Feature", "properties": { "Field1": "2610", "Field2": "Y", "Field3": "SEA", "Field4": "1262779.2", "Field5": "234457.8", "Field6": "YES", "Field7": "ACT", "Field8": "NO", "Field9": "W Galer St", "Field10": "98119", "Field11": "2", "Field12": "6th Ave W", "Field13": "1", "Field14": "6th Ave W & W Galer St", "Field15": 3 }, "geometry": null },
{ "type": "Feature", "properties": { "Field1": "2620", "Field2": "Y", "Field3": "SEA", "Field4": "1263336.5", "Field5": "234400.3", "Field6": "YES", "Field7": "ACT", "Field8": "NO", "Field9": "5th Aly W", "Field10": "98119", "Field11": "2", "Field12": "W Galer St", "Field13": "1", "Field14": "W Galer St & 5th Aly W", "Field15": 3 }, "geometry": null },
{ "type": "Feature", "properties": { "Field1": "4265", "Field2": "Y", "Field3": "SEA", "Field4": "1267392.7", "Field5": "233153.2", "Field6": "YES", "Field7": "ACT", "Field8": "NO", "Field9": "Prospect St", "Field10": "98109", "Field11": "4", "Field12": "Taylor Ave N", "Field13": "0", "Field14": "Taylor Ave N & Prospect St", "Field15": 2 }, "geometry": null },
{ "type": "Feature", "properties": { "Field1": "4280", "Field2": "Y", "Field3": "SEA", "Field4": "1267399.2", "Field5": "233965.9", "Field6": "YES", "Field7": "ACT", "Field8": "NO", "Field9": "Lee St", "Field10": "98109", "Field11": "4", "Field12": "Taylor Ave N", "Field13": "0", "Field14": "Taylor Ave N & Lee St", "Field15": 2 }, "geometry": null },
{ "type": "Feature", "properties": { "Field1": "4290", "Field2": "Y", "Field3": "SEA", "Field4": "1267484.5", "Field5": "234385.2", "Field6": "YES", "Field7": "ACT", "Field8": "NO", "Field9": "Galer St", "Field10": "98109", "Field11": "4", "Field12": "Taylor Ave N", "Field13": "0", "Field14": "Taylor Ave N & Galer St", "Field15": 2 }, "geometry": null },
{ "type": "Feature", "properties": { "Field1": "4300", "Field2": "Y", "Field3": "SEA", "Field4": "1267409.8999999999", "Field5": "234986.8", "Field6": "YES", "Field7": "ACT", "Field8": "NO", "Field9": "5th Ave N", "Field10": "98109", "Field11": "4", "Field12": "Taylor Ave N", "Field13": "0", "Field14": "Taylor Ave N & 5th Ave N", "Field15": 2 }, "geometry": null },
{ "type": "Feature", "properties": { "Field1": "6685", "Field2": "Y", "Field3": "SEA", "Field4": "1265644.8999999999", "Field5": "259046.9", "Field6": "YES", "Field7": "ACT", "Field8": "NO", "Field9": "N 97th St", "Field10": "98103", "Field11": "5", "Field12": "Greenwood Ave N", "Field13": "1", "Field14": "Greenwood Ave N & N 97th St", "Field15": 3 }, "geometry": null },
{ "type": "Feature", "properties": { "Field1": "6693", "Field2": "Y", "Field3": "SEA", "Field4": "1265653.3999999999", "Field5": "259677.5", "Field6": "YES", "Field7": "ACT", "Field8": "NO", "Field9": "N 100th St", "Field10": "98133", "Field11": "5", "Field12": "Greenwood Ave N", "Field13": "0", "Field14": "Greenwood Ave N & N 100th St", "Field15": 2 }, "geometry": null },
{ "type": "Feature", "properties": { "Field1": "6710", "Field2": "Y", "Field3": "SEA", "Field4": "1265662.8999999999", "Field5": "260460.3", "Field6": "YES", "Field7": "ACT", "Field8": "NO", "Field9": "N 103rd St", "Field10": "98133", "Field11": "5", "Field12": "Greenwood Ave N", "Field13": "0", "Field14": "Greenwood Ave N & N 103rd St", "Field15": 2 }, "geometry": null },
{ "type": "Feature", "properties": { "Field1": "6730", "Field2": "Y", "Field3": "SEA", "Field4": "1265688", "Field5": "261674.1", "Field6": "YES", "Field7": "ACT", "Field8": "NO", "Field9": "N 107th St", "Field10": "98133", "Field11": "5", "Field12": "Greenwood Ave N", "Field13": "0", "Field14": "Greenwood Ave N & N 107th St", "Field15": 2 }, "geometry": null },
{ "type": "Feature", "properties": { "Field1": "6740", "Field2": "Y", "Field3": "SEA", "Field4": "1265704.7", "Field5": "262368.09999999998", "Field6": "YES", "Field7": "ACT", "Field8": "NO", "Field9": "N 110th St", "Field10": "98133", "Field11": "5", "Field12": "Greenwood Ave N", "Field13": "0", "Field14": "Greenwood Ave N & N 110th St", "Field15": 2 }, "geometry": null },
{ "type": "Feature", "properties": { "Field1": "6750", "Field2": "Y", "Field3": "SEA", "Field4": "1265698.8", "Field5": "262975.09999999998", "Field6": "YES", "Field7": "ACT", "Field8": "NO", "Field9": "N 112th St", "Field10": "98133", "Field11": "5", "Field12": "Greenwood Ave N", "Field13": "0", "Field14": "Greenwood Ave N & N 112th St", "Field15": 2 }, "geometry": null },
{ "type": "Feature", "properties": { "Field1": "6770", "Field2": "Y", "Field3": "SEA", "Field4": "1265719.8999999999", "Field5": "264297.8", "Field6": "YES", "Field7": "ACT", "Field8": "NO", "Field9": "N 117th St", "Field10": "98133", "Field11": "5", "Field12": "Greenwood Ave N", "Field13": "0", "Field14": "Greenwood Ave N & N 117th St", "Field15": 2 }, "geometry": null },
{ "type": "Feature", "properties": { "Field1": "6490", "Field2": "Y", "Field3": "SEA", "Field4": "1265660.7", "Field5": "247496.6", "Field6": "YES", "Field7": "ACT", "Field8": "NO", "Field9": "N 55th St", "Field10": "98103", "Field11": "5", "Field12": "Phinney Ave N", "Field13": "1", "Field14": "Phinney Ave N & N 55th St", "Field15": 3 }, "geometry": null },
{ "type": "Feature", "properties": { "Field1": "8231", "Field2": "Y", "Field3": "SEA", "Field4": "1283901.6000000001", "Field5": "203682", "Field6": "YES", "Field7": "ACT", "Field8": "NO", "Field9": "S Kenny St", "Field10": "98118", "Field11": "7", "Field12": "Rainier Ave S", "Field13": "1", "Field14": "Rainier Ave S & S Kenny St", "Field15": 3 }, "geometry": null },
{ "type": "Feature", "properties": { "Field1": "8250", "Field2": "Y", "Field3": "SEA", "Field4": "1283728.8999999999", "Field5": "204500.2", "Field6": "YES", "Field7": "ACT", "Field8": "NO", "Field9": "S Orcas St", "Field10": "98118", "Field11": "7 9E", "Field12": "Rainier Ave S", "Field13": "2", "Field14": "Rainier Ave S & S Orcas St", "Field15": 3 }, "geometry": null },
{ "type": "Feature", "properties": { "Field1": "8270", "Field2": "Y", "Field3": "SEA", "Field4": "1283242.2", "Field5": "205253.3", "Field6": "YES", "Field7": "ACT", "Field8": "NO", "Field9": "S Brandon St", "Field10": "98118", "Field11": "7", "Field12": "Rainier Ave S", "Field13": "1", "Field14": "Rainier Ave S & S Brandon St", "Field15": 3 }, "geometry": null },
{ "type": "Feature", "properties": { "Field1": "8285", "Field2": "Y", "Field3": "SEA", "Field4": "1282298.8999999999", "Field5": "206234.2", "Field6": "YES", "Field7": "ACT", "Field8": "NO", "Field9": "39th Ave S", "Field10": "98118", "Field11": "7", "Field12": "Rainier Ave S", "Field13": "1", "Field14": "Rainier Ave S & 39th Ave S", "Field15": 3 }, "geometry": null },
{ "type": "Feature", "properties": { "Field1": "8300", "Field2": "Y", "Field3": "SEA", "Field4": "1281863.3", "Field5": "207247.4", "Field6": "YES", "Field7": "ACT", "Field8": "NO", "Field9": "S Edmunds St", "Field10": "98118", "Field11": "7 9E", "Field12": "Rainier Ave S", "Field13": "1", "Field14": "Rainier Ave S & S Edmunds St", "Field15": 3 }, "geometry": null },
{ "type": "Feature", "properties": { "Field1": "8310", "Field2": "Y", "Field3": "SEA", "Field4": "1281452.5", "Field5": "208063.8", "Field6": "YES", "Field7": "ACT", "Field8": "NO", "Field9": "S Alaska St", "Field10": "98118", "Field11": "50 7", "Field12": "Rainier Ave S", "Field13": "1", "Field14": "Rainier Ave S & S Alaska St", "Field15": 3 }, "geometry": null },
{ "type": "Feature", "properties": { "Field1": "8330", "Field2": "Y", "Field3": "SEA", "Field4": "1281231", "Field5": "209308", "Field6": "YES", "Field7": "ACT", "Field8": "NO", "Field9": "S Genesee St", "Field10": "98118", "Field11": "7 9E", "Field12": "Rainier Ave S", "Field13": "1", "Field14": "Rainier Ave S & S Genesee St", "Field15": 3 }, "geometry": null },
{ "type": "Feature", "properties": { "Field1": "6520", "Field2": "Y", "Field3": "SEA", "Field4": "1265700.1000000001", "Field5": "249106.4", "Field6": "YES", "Field7": "ACT", "Field8": "NO", "Field9": "N 60th St", "Field10": "98103", "Field11": "5", "Field12": "Phinney Ave N", "Field13": "0", "Field14": "Phinney Ave N & N 60th St", "Field15": 2 }, "geometry": null },
{ "type": "Feature", "properties": { "Field1": "6540", "Field2": "Y", "Field3": "SEA", "Field4": "1265728.7", "Field5": "250220.5", "Field6": "YES", "Field7": "ACT", "Field8": "NO", "Field9": "N 64th St", "Field10": "98103", "Field11": "5", "Field12": "Phinney Ave N", "Field13": "0", "Field14": "Phinney Ave N & N 64th St", "Field15": 2 }, "geometry": null },
{ "type": "Feature", "properties": { "Field1": "6550", "Field2": "Y", "Field3": "SEA", "Field4": "1265740.3", "Field5": "250753.6", "Field6": "YES", "Field7": "ACT", "Field8": "NO", "Field9": "N 67th St", "Field10": "98103", "Field11": "5", "Field12": "Phinney Ave N", "Field13": "0", "Field14": "Phinney Ave N & N 67th St", "Field15": 2 }, "geometry": null },
{ "type": "Feature", "properties": { "Field1": "6565", "Field2": "Y", "Field3": "SEA", "Field4": "1265514.1000000001", "Field5": "251363.7", "Field6": "YES", "Field7": "ACT", "Field8": "NO", "Field9": "N 68th St", "Field10": "98103", "Field11": "5", "Field12": "Greenwood Ave N", "Field13": "0", "Field14": "Greenwood Ave N & N 68th St", "Field15": 2 }, "geometry": null },
{ "type": "Feature", "properties": { "Field1": "6580", "Field2": "Y", "Field3": "SEA", "Field4": "1265533.8", "Field5": "252254.6", "Field6": "YES", "Field7": "ACT", "Field8": "NO", "Field9": "N 72nd St", "Field10": "98103", "Field11": "5", "Field12": "Greenwood Ave N", "Field13": "0", "Field14": "Greenwood Ave N & N 72nd St", "Field15": 2 }, "geometry": null },
{ "type": "Feature", "properties": { "Field1": "6590", "Field2": "Y", "Field3": "SEA", "Field4": "1265551.3", "Field5": "253039.6", "Field6": "YES", "Field7": "ACT", "Field8": "NO", "Field9": "N 75th St", "Field10": "98103", "Field11": "5", "Field12": "Greenwood Ave N", "Field13": "0", "Field14": "Greenwood Ave N & N 75th St", "Field15": 2 }, "geometry": null },
{ "type": "Feature", "properties": { "Field1": "8350", "Field2": "Y", "Field3": "SEA", "Field4": "1280960.5", "Field5": "210699.1", "Field6": "YES", "Field7": "ACT", "Field8": "NO", "Field9": "S Andover St", "Field10": "98118", "Field11": "7 9E", "Field12": "Rainier Ave S", "Field13": "1", "Field14": "Rainier Ave S & S Andover St", "Field15": 3 }, "geometry": null },
{ "type": "Feature", "properties": { "Field1": "8360", "Field2": "Y", "Field3": "SEA", "Field4": "1280507.6000000001", "Field5": "211361.4", "Field6": "YES", "Field7": "ACT", "Field8": "NO", "Field9": "33rd Ave S", "Field10": "98144", "Field11": "7", "Field12": "Rainier Ave S", "Field13": "1", "Field14": "Rainier Ave S & 33rd Ave S", "Field15": 3 }, "geometry": null },
{ "type": "Feature", "properties": { "Field1": "4325", "Field2": "Y", "Field3": "SEA", "Field4": "1267230.3", "Field5": "235966", "Field6": "YES", "Field7": "ACT", "Field8": "NO", "Field9": "Newton St", "Field10": "98109", "Field11": "4", "Field12": "5th Ave N", "Field13": "0", "Field14": "5th Ave N & Newton St", "Field15": 2 }, "geometry": null },
{ "type": "Feature", "properties": { "Field1": "4340", "Field2": "Y", "Field3": "SEA", "Field4": "1266582.8", "Field5": "236500", "Field6": "YES", "Field7": "ACT", "Field8": "NO", "Field9": "4th Ave N", "Field10": "98109", "Field11": "4", "Field12": "Boston St", "Field13": "0", "Field14": "Boston St & 4th Ave N", "Field15": 2 }, "geometry": null },
{ "type": "Feature", "properties": { "Field1": "4355", "Field2": "Y", "Field3": "SEA", "Field4": "1265687.1000000001", "Field5": "236518.8", "Field6": "YES", "Field7": "ACT", "Field8": "NO", "Field9": "2nd Ave N", "Field10": "98109", "Field11": "4", "Field12": "Boston St", "Field13": "0", "Field14": "Boston St & 2nd Ave N", "Field15": 2 }, "geometry": null },
{ "type": "Feature", "properties": { "Field1": "6615", "Field2": "Y", "Field3": "SEA", "Field4": "1265578.3", "Field5": "254423.9", "Field6": "YES", "Field7": "ACT", "Field8": "NO", "Field9": "N 80th St", "Field10": "98103", "Field11": "5", "Field12": "Greenwood Ave N", "Field13": "0", "Field14": "Greenwood Ave N & N 80th St", "Field15": 2 }, "geometry": null },
{ "type": "Feature", "properties": { "Field1": "6640", "Field2": "Y", "Field3": "SEA", "Field4": "1265603.1000000001", "Field5": "255749.2", "Field6": "YES", "Field7": "ACT", "Field8": "NO", "Field9": "N 85th St", "Field10": "98103", "Field11": "5 61", "Field12": "Greenwood Ave N", "Field13": "0", "Field14": "Greenwood Ave N & N 85th St", "Field15": 2 }, "geometry": null },
{ "type": "Feature", "properties": { "Field1": "6650", "Field2": "Y", "Field3": "SEA", "Field4": "1265611.6000000001", "Field5": "256434.3", "Field6": "YES", "Field7": "ACT", "Field8": "NO", "Field9": "N 87th St", "Field10": "98103", "Field11": "5 61", "Field12": "Greenwood Ave N", "Field13": "0", "Field14": "Greenwood Ave N & N 87th St", "Field15": 2 }, "geometry": null },
{ "type": "Feature", "properties": { "Field1": "8485", "Field2": "Y", "Field3": "SEA", "Field4": "1276885.2", "Field5": "218486.7", "Field6": "YES", "Field7": "ACT", "Field8": "NO", "Field9": "I-90 Ramp", "Field10": "98144", "Field11": "106 7 9E", "Field12": "Rainier Ave S", "Field13": "1", "Field14": "Rainier Ave S & I-90 Ramp", "Field15": 3 }, "geometry": null },
{ "type": "Feature", "properties": { "Field1": "8494", "Field2": "Y", "Field3": "SEA", "Field4": "1275981", "Field5": "220322.9", "Field6": "YES", "Field7": "ACT", "Field8": "NO", "Field9": "S Charles St", "Field10": "98144", "Field11": "106 212 554E 7 9E", "Field12": "Rainier Ave S", "Field13": "1", "Field14": "Rainier Ave S & S Charles St", "Field15": 3 }, "geometry": null },
{ "type": "Feature", "properties": { "Field1": "8510", "Field2": "Y", "Field3": "SEA", "Field4": "1275675.3999999999", "Field5": "220942.1", "Field6": "YES", "Field7": "ACT", "Field8": "NO", "Field9": "S Dearborn St", "Field10": "98144", "Field11": "106 630 7 9E", "Field12": "Rainier Ave S", "Field13": "0", "Field14": "Rainier Ave S & S Dearborn St", "Field15": 2 }, "geometry": null },
{ "type": "Feature", "properties": { "Field1": "8530", "Field2": "Y", "Field3": "SEA", "Field4": "1274845.7", "Field5": "222092.3", "Field6": "YES", "Field7": "ACT", "Field8": "NO", "Field9": "Boren Ave S", "Field10": "98144", "Field11": "106 14 7", "Field12": "S Jackson St", "Field13": "1", "Field14": "S Jackson St & Boren Ave S", "Field15": 3 }, "geometry": null },
{ "type": "Feature", "properties": { "Field1": "8541", "Field2": "Y", "Field3": "SEA", "Field4": "1274233.3", "Field5": "222101.1", "Field6": "YES", "Field7": "ACT", "Field8": "NO", "Field9": "12th Ave S", "Field10": "98104", "Field11": "106 14 7", "Field12": "S Jackson St", "Field13": "0", "Field14": "S Jackson St & 12th Ave S", "Field15": 2 }, "geometry": null },
{ "type": "Feature", "properties": { "Field1": "8550", "Field2": "Y", "Field3": "SEA", "Field4": "1275239.3999999999", "Field5": "221827.4", "Field6": "YES", "Field7": "ACT", "Field8": "NO", "Field9": "S King St", "Field10": "98144", "Field11": "106 7 9E", "Field12": "Rainier Ave S", "Field13": "1", "Field14": "Rainier Ave S & S King St", "Field15": 3 }, "geometry": null },
{ "type": "Feature", "properties": { "Field1": "9970", "Field2": "Y", "Field3": "SEA", "Field4": "1285323.3", "Field5": "247107.5", "Field6": "YES", "Field7": "ACT", "Field8": "NO", "Field9": "Ivanhoe Pl NE", "Field10": "98105", "Field11": "75 79", "Field12": "Sand Point Way NE", "Field13": "0", "Field14": "Sand Point Way NE & Ivanhoe Pl NE", "Field15": 2 }, "geometry": null },
{ "type": "Feature", "properties": { "Field1": "9670", "Field2": "Y", "Field3": "SEA", "Field4": "1280721.5", "Field5": "265784.8", "Field6": "YES", "Field7": "ACT", "Field8": "NO", "Field9": "Lake City Way NE", "Field10": "98125", "Field11": "65 75", "Field12": "NE 125th St", "Field13": "1", "Field14": "NE 125th St & Lake City Way NE", "Field15": 3 }, "geometry": null },
{ "type": "Feature", "properties": { "Field1": "9680", "Field2": "Y", "Field3": "SEA", "Field4": "1281176.8", "Field5": "265772.40000000002", "Field6": "YES", "Field7": "ACT", "Field8": "NO", "Field9": "33rd Ave NE", "Field10": "98125", "Field11": "65 75", "Field12": "NE 125th St", "Field13": "0", "Field14": "NE 125th St & 33rd Ave NE", "Field15": 2 }, "geometry": null },
{ "type": "Feature", "properties": { "Field1": "9690", "Field2": "Y", "Field3": "SEA", "Field4": "1281610.7", "Field5": "265760.5", "Field6": "YES", "Field7": "ACT", "Field8": "NO", "Field9": "35th Ave NE", "Field10": "98125", "Field11": "65 75", "Field12": "NE 125th St", "Field13": "1", "Field14": "NE 125th St & 35th Ave NE", "Field15": 3 }, "geometry": null },
{ "type": "Feature", "properties": { "Field1": "9710", "Field2": "Y", "Field3": "SEA", "Field4": "1282763.8999999999", "Field5": "265724.59999999998", "Field6": "YES", "Field7": "ACT", "Field8": "NO", "Field9": "39th Ave NE", "Field10": "98125", "Field11": "75", "Field12": "NE 125th St", "Field13": "0", "Field14": "NE 125th St & 39th Ave NE", "Field15": 2 }, "geometry": null },
{ "type": "Feature", "properties": { "Field1": "9720", "Field2": "Y", "Field3": "SEA", "Field4": "1283431.3", "Field5": "264864.59999999998", "Field6": "YES", "Field7": "ACT", "Field8": "NO", "Field9": "Bartlett Ave NE", "Field10": "98125", "Field11": "75", "Field12": "Sand Point Way NE", "Field13": "1", "Field14": "Sand Point Way NE & Bartlett Ave NE", "Field15": 3 }, "geometry": null },
{ "type": "Feature", "properties": { "Field1": "9730", "Field2": "Y", "Field3": "SEA", "Field4": "1283548.1000000001", "Field5": "264554.90000000002", "Field6": "YES", "Field7": "ACT", "Field8": "NO", "Field9": "NE 120th St", "Field10": "98125", "Field11": "75", "Field12": "Sand Point Way NE", "Field13": "0", "Field14": "Sand Point Way NE & NE 120th St", "Field15": 2 }, "geometry": null },
{ "type": "Feature", "properties": { "Field1": "9750", "Field2": "Y", "Field3": "SEA", "Field4": "1283842.6000000001", "Field5": "263214.59999999998", "Field6": "YES", "Field7": "ACT", "Field8": "NO", "Field9": "NE 115th St", "Field10": "98125", "Field11": "75", "Field12": "Sand Point Way NE", "Field13": "0", "Field14": "Sand Point Way NE & NE 115th St", "Field15": 2 }, "geometry": null },
{ "type": "Feature", "properties": { "Field1": "10800", "Field2": "Y", "Field3": "SEA", "Field4": "1283820.2", "Field5": "263289.2", "Field6": "YES", "Field7": "ACT", "Field8": "NO", "Field9": "NE 115th St", "Field10": "98125", "Field11": "75", "Field12": "Sand Point Way NE", "Field13": "0", "Field14": "Sand Point Way NE & NE 115th St", "Field15": 2 }, "geometry": null },
{ "type": "Feature", "properties": { "Field1": "8380", "Field2": "Y", "Field3": "SEA", "Field4": "1279904.3", "Field5": "212355.8", "Field6": "YES", "Field7": "ACT", "Field8": "NO", "Field9": "S Walden St", "Field10": "98144", "Field11": "7", "Field12": "Rainier Ave S", "Field13": "1", "Field14": "Rainier Ave S & S Walden St", "Field15": 3 }, "geometry": null },
{ "type": "Feature", "properties": { "Field1": "8400", "Field2": "Y", "Field3": "SEA", "Field4": "1279365.3999999999", "Field5": "213457.4", "Field6": "YES", "Field7": "ACT", "Field8": "NO", "Field9": "S Mount Baker Blvd", "Field10": "98144", "Field11": "7", "Field12": "Rainier Ave S", "Field13": "1", "Field14": "Rainier Ave S & S Mount Baker Blvd", "Field15": 3 }, "geometry": null },
{ "type": "Feature", "properties": { "Field1": "8401", "Field2": "Y", "Field3": "SEA", "Field4": "1279053.2", "Field5": "214083.5", "Field6": "YES", "Field7": "ACT", "Field8": "NO", "Field9": "S Forest St", "Field10": "98144", "Field11": "106 7 987EN 9E", "Field12": "Rainier Ave S", "Field13": "1", "Field14": "Rainier Ave S & S Forest St", "Field15": 3 }, "geometry": null },
{ "type": "Feature", "properties": { "Field1": "8402", "Field2": "Y", "Field3": "SEA", "Field4": "1279121.2", "Field5": "214111.4", "Field6": "YES", "Field7": "ACT", "Field8": "NO", "Field9": "Martin L King Jr Way S", "Field10": "98144", "Field11": "48 8 987EN", "Field12": "Mt. Baker Transfer Area AcRd", "Field13": "1", "Field14": "Mt. Baker Transfer Area AcRd & Martin L King Jr Way S", "Field15": 3 }, "geometry": null },
{ "type": "Feature", "properties": { "Field1": "9770", "Field2": "Y", "Field3": "SEA", "Field4": "1284255.3999999999", "Field5": "261838.8", "Field6": "YES", "Field7": "ACT", "Field8": "NO", "Field9": "NE 110th St", "Field10": "98125", "Field11": "75", "Field12": "Sand Point Way NE", "Field13": "0", "Field14": "Sand Point Way NE & NE 110th St", "Field15": 2 }, "geometry": null },
{ "type": "Feature", "properties": { "Field1": "9790", "Field2": "Y", "Field3": "SEA", "Field4": "1284653", "Field5": "260545.1", "Field6": "YES", "Field7": "ACT", "Field8": "NO", "Field9": "NE 106th St", "Field10": "98125", "Field11": "75", "Field12": "Sand Point Way NE", "Field13": "0", "Field14": "Sand Point Way NE & NE 106th St", "Field15": 2 }, "geometry": null },
{ "type": "Feature", "properties": { "Field1": "9800", "Field2": "Y", "Field3": "SEA", "Field4": "1284799.8999999999", "Field5": "259654.1", "Field6": "YES", "Field7": "ACT", "Field8": "NO", "Field9": "NE 103rd St", "Field10": "98125", "Field11": "75", "Field12": "Sand Point Way NE", "Field13": "0", "Field14": "Sand Point Way NE & NE 103rd St", "Field15": 2 }, "geometry": null },
{ "type": "Feature", "properties": { "Field1": "6658", "Field2": "Y", "Field3": "SEA", "Field4": "1264873.1000000001", "Field5": "256954.5", "Field6": "YES", "Field7": "ACT", "Field8": "NO", "Field9": "1st Ave NW", "Field10": "98117", "Field11": "61", "Field12": "NW 90th St", "Field13": "0", "Field14": "NW 90th St & 1st Ave NW", "Field15": 2 }, "geometry": null },
{ "type": "Feature", "properties": { "Field1": "6660", "Field2": "Y", "Field3": "SEA", "Field4": "1265617.5", "Field5": "257025.2", "Field6": "YES", "Field7": "ACT", "Field8": "NO", "Field9": "N 90th St", "Field10": "98103", "Field11": "5", "Field12": "Greenwood Ave N", "Field13": "0", "Field14": "Greenwood Ave N & N 90th St", "Field15": 2 }, "geometry": null },
{ "type": "Feature", "properties": { "Field1": "6670", "Field2": "Y", "Field3": "SEA", "Field4": "1265624.5", "Field5": "257691.8", "Field6": "YES", "Field7": "ACT", "Field8": "NO", "Field9": "N 92nd St", "Field10": "98103", "Field11": "5", "Field12": "Greenwood Ave N", "Field13": "1", "Field14": "Greenwood Ave N & N 92nd St", "Field15": 3 }, "geometry": null },
{ "type": "Feature", "properties": { "Field1": "8429", "Field2": "Y", "Field3": "SEA", "Field4": "1278385.2", "Field5": "215440.6", "Field6": "YES", "Field7": "ACT", "Field8": "NO", "Field9": "S Bayview St", "Field10": "98144", "Field11": "106 48 7", "Field12": "Rainier Ave S", "Field13": "1", "Field14": "Rainier Ave S & S Bayview St", "Field15": 3 }, "geometry": null },
{ "type": "Feature", "properties": { "Field1": "8440", "Field2": "Y", "Field3": "SEA", "Field4": "1277887.3999999999", "Field5": "216448.3", "Field6": "YES", "Field7": "ACT", "Field8": "NO", "Field9": "S Walker St", "Field10": "98144", "Field11": "106 4 48 7 9E", "Field12": "Rainier Ave S", "Field13": "1", "Field14": "Rainier Ave S & S Walker St", "Field15": 3 }, "geometry": null },
{ "type": "Feature", "properties": { "Field1": "9972", "Field2": "Y", "Field3": "SEA", "Field4": "1284941.3999999999", "Field5": "247139.4", "Field6": "YES", "Field7": "ACT", "Field8": "NO", "Field9": "Princeton Ave NE", "Field10": "98105", "Field11": "75", "Field12": "Sand Point Way NE", "Field13": "1", "Field14": "Sand Point Way NE & Princeton Ave NE", "Field15": 3 }, "geometry": null },
{ "type": "Feature", "properties": { "Field1": "9974", "Field2": "Y", "Field3": "SEA", "Field4": "1283695.6000000001", "Field5": "246512.4", "Field6": "YES", "Field7": "ACT", "Field8": "NO", "Field9": "NE 52nd St", "Field10": "98105", "Field11": "75", "Field12": "Sand Point Way NE", "Field13": "1", "Field14": "Sand Point Way NE & NE 52nd St", "Field15": 3 }, "geometry": null },
{ "type": "Feature", "properties": { "Field1": "9976", "Field2": "Y", "Field3": "SEA", "Field4": "1283188", "Field5": "245816.6", "Field6": "YES", "Field7": "ACT", "Field8": "NO", "Field9": "NE 50th St", "Field10": "98105", "Field11": "75", "Field12": "Sand Point Way NE", "Field13": "1", "Field14": "Sand Point Way NE & NE 50th St", "Field15": 3 }, "geometry": null },
{ "type": "Feature", "properties": { "Field1": "9978", "Field2": "Y", "Field3": "SEA", "Field4": "1282693.3999999999", "Field5": "245106.7", "Field6": "YES", "Field7": "ACT", "Field8": "NO", "Field9": "40th Ave NE", "Field10": "98105", "Field11": "45 65 67 75", "Field12": "Sand Point Way NE", "Field13": "1", "Field14": "Sand Point Way NE & 40th Ave NE", "Field15": 3 }, "geometry": null },
{ "type": "Feature", "properties": { "Field1": "9980", "Field2": "Y", "Field3": "SEA", "Field4": "1284945.6000000001", "Field5": "247463.7", "Field6": "YES", "Field7": "ACT", "Field8": "NO", "Field9": "Princeton Ave NE", "Field10": "98105", "Field11": "79", "Field12": "NE 55th St", "Field13": "0", "Field14": "NE 55th St & Princeton Ave NE", "Field15": 2 }, "geometry": null },
{ "type": "Feature", "properties": { "Field1": "9990", "Field2": "Y", "Field3": "SEA", "Field4": "1284040.8999999999", "Field5": "247365", "Field6": "YES", "Field7": "ACT", "Field8": "NO", "Field9": "45th Ave NE", "Field10": "98105", "Field11": "79", "Field12": "NE 55th St", "Field13": "0", "Field14": "NE 55th St & 45th Ave NE", "Field15": 2 }, "geometry": null },
{ "type": "Feature", "properties": { "Field1": "11035", "Field2": "Y", "Field3": "SEA", "Field4": "1272397.7", "Field5": "225929.4", "Field6": "YES", "Field7": "ACT", "Field8": "NO", "Field9": "E Madison St", "Field10": "98104", "Field11": "630", "Field12": "Boren Ave", "Field13": "1", "Field14": "Boren Ave & E Madison St", "Field15": 3 }, "geometry": null },
{ "type": "Feature", "properties": { "Field1": "11040", "Field2": "Y", "Field3": "SEA", "Field4": "1273589.8", "Field5": "230757.8", "Field6": "YES", "Field7": "ACT", "Field8": "NO", "Field9": "E Republican St", "Field10": "98102", "Field11": "49 60 9E", "Field12": "Broadway E", "Field13": "1", "Field14": "Broadway E & E Republican St", "Field15": 3 }, "geometry": null },
{ "type": "Feature", "properties": { "Field1": "10820", "Field2": "Y", "Field3": "SEA", "Field4": "1283556.8", "Field5": "264531.8", "Field6": "YES", "Field7": "ACT", "Field8": "NO", "Field9": "NE 120th St", "Field10": "98125", "Field11": "75", "Field12": "Sand Point Way NE", "Field13": "0", "Field14": "Sand Point Way NE & NE 120th St", "Field15": 2 }, "geometry": null },
{ "type": "Feature", "properties": { "Field1": "10830", "Field2": "Y", "Field3": "SEA", "Field4": "1283337.3", "Field5": "265114", "Field6": "YES", "Field7": "ACT", "Field8": "NO", "Field9": "NE 123rd St", "Field10": "98125", "Field11": "75", "Field12": "Sand Point Way NE", "Field13": "0", "Field14": "Sand Point Way NE & NE 123rd St", "Field15": 2 }, "geometry": null },
{ "type": "Feature", "properties": { "Field1": "10840", "Field2": "Y", "Field3": "SEA", "Field4": "1282691.8", "Field5": "265726.8", "Field6": "YES", "Field7": "ACT", "Field8": "NO", "Field9": "39th Ave NE", "Field10": "98125", "Field11": "75", "Field12": "NE 125th St", "Field13": "0", "Field14": "NE 125th St & 39th Ave NE", "Field15": 2 }, "geometry": null },
{ "type": "Feature", "properties": { "Field1": "10860", "Field2": "Y", "Field3": "SEA", "Field4": "1281531", "Field5": "265762.7", "Field6": "YES", "Field7": "ACT", "Field8": "NO", "Field9": "35th Ave NE", "Field10": "98125", "Field11": "65 75", "Field12": "NE 125th St", "Field13": "1", "Field14": "NE 125th St & 35th Ave NE", "Field15": 3 }, "geometry": null },
{ "type": "Feature", "properties": { "Field1": "10870", "Field2": "Y", "Field3": "SEA", "Field4": "1281091.8", "Field5": "265774.7", "Field6": "YES", "Field7": "ACT", "Field8": "NO", "Field9": "33rd Ave NE", "Field10": "98125", "Field11": "65 75", "Field12": "NE 125th St", "Field13": "0", "Field14": "NE 125th St & 33rd Ave NE", "Field15": 2 }, "geometry": null },
{ "type": "Feature", "properties": { "Field1": "12353", "Field2": "Y", "Field3": "SEA", "Field4": "1276731.7", "Field5": "228360.7", "Field6": "YES", "Field7": "ACT", "Field8": "NO", "Field9": "19th Ave", "Field10": "98122", "Field11": "12", "Field12": "E Madison St", "Field13": "1", "Field14": "E Madison St & 19th Ave", "Field15": 3 }, "geometry": null },
{ "type": "Feature", "properties": { "Field1": "9820", "Field2": "Y", "Field3": "SEA", "Field4": "1284766.5", "Field5": "258550.7", "Field6": "YES", "Field7": "ACT", "Field8": "NO", "Field9": "NE 97th St", "Field10": "98115", "Field11": "75", "Field12": "Sand Point Way NE", "Field13": "1", "Field14": "Sand Point Way NE & NE 97th St", "Field15": 3 }, "geometry": null },
{ "type": "Feature", "properties": { "Field1": "9840", "Field2": "Y", "Field3": "SEA", "Field4": "1285042.7", "Field5": "257179.3", "Field6": "YES", "Field7": "ACT", "Field8": "NO", "Field9": "NE 93rd St", "Field10": "98115", "Field11": "75", "Field12": "Sand Point Way NE", "Field13": "0", "Field14": "Sand Point Way NE & NE 93rd St", "Field15": 2 }, "geometry": null },
{ "type": "Feature", "properties": { "Field1": "9850", "Field2": "Y", "Field3": "SEA", "Field4": "1285642.1000000001", "Field5": "256408.4", "Field6": "YES", "Field7": "ACT", "Field8": "NO", "Field9": "Mathews Ave NE", "Field10": "98115", "Field11": "75", "Field12": "Sand Point Way NE", "Field13": "0", "Field14": "Sand Point Way NE & Mathews Ave NE", "Field15": 2 }, "geometry": null },
{ "type": "Feature", "properties": { "Field1": "9860", "Field2": "Y", "Field3": "SEA", "Field4": "1286298.1000000001", "Field5": "256055.4", "Field6": "YES", "Field7": "ACT", "Field8": "NO", "Field9": "Inverness Dr NE", "Field10": "98115", "Field11": "75", "Field12": "Sand Point Way NE", "Field13": "0", "Field14": "Sand Point Way NE & Inverness Dr NE", "Field15": 2 }, "geometry": null },
{ "type": "Feature", "properties": { "Field1": "10911", "Field2": "Y", "Field3": "SEA", "Field4": "1275695", "Field5": "244719.1", "Field6": "YES", "Field7": "ACT", "Field8": "NO", "Field9": "University Way NE", "Field10": "98105", "Field11": "31 32 372E 43 44 48 49 70", "Field12": "NE 45th St", "Field13": "0", "Field14": "NE 45th St & University Way NE", "Field15": 2 }, "geometry": null },
{ "type": "Feature", "properties": { "Field1": "10912", "Field2": "Y", "Field3": "SEA", "Field4": "1276046.6000000001", "Field5": "244017.6", "Field6": "YES", "Field7": "ACT", "Field8": "NO", "Field9": "NE 43rd St", "Field10": "98195", "Field11": "271 372E 43 44 48 49 542E 556E 70", "Field12": "15th Ave NE", "Field13": "2", "Field14": "15th Ave NE & NE 43rd St", "Field15": 3 }, "geometry": null },
{ "type": "Feature", "properties": { "Field1": "10914", "Field2": "Y", "Field3": "SEA", "Field4": "1276008.7", "Field5": "242945.2", "Field6": "YES", "Field7": "ACT", "Field8": "NO", "Field9": "NE Campus Pkwy", "Field10": "98195", "Field11": "271 372E 43 44 48 49 542E 556E 70", "Field12": "15th Ave NE", "Field13": "1", "Field14": "15th Ave NE & NE Campus Pkwy", "Field15": 3 }, "geometry": null },
{ "type": "Feature", "properties": { "Field1": "8450", "Field2": "Y", "Field3": "SEA", "Field4": "1277559", "Field5": "217118.4", "Field6": "YES", "Field7": "ACT", "Field8": "NO", "Field9": "S Plum St", "Field10": "98144", "Field11": "106 7", "Field12": "Rainier Ave S", "Field13": "1", "Field14": "Rainier Ave S & S Plum St", "Field15": 3 }, "geometry": null },
{ "type": "Feature", "properties": { "Field1": "8460", "Field2": "Y", "Field3": "SEA", "Field4": "1277351.2", "Field5": "217539.9", "Field6": "YES", "Field7": "ACT", "Field8": "NO", "Field9": "S Grand St", "Field10": "98144", "Field11": "106 7", "Field12": "Rainier Ave S", "Field13": "1", "Field14": "Rainier Ave S & S Grand St", "Field15": 3 }, "geometry": null },
{ "type": "Feature", "properties": { "Field1": "9895", "Field2": "Y", "Field3": "SEA", "Field4": "1287966", "Field5": "252963.3", "Field6": "YES", "Field7": "ACT", "Field8": "NO", "Field9": "NE 77th St", "Field10": "98115", "Field11": "62 75", "Field12": "Sand Point Way NE", "Field13": "1", "Field14": "Sand Point Way NE & NE 77th St", "Field15": 3 }, "geometry": null },
{ "type": "Feature", "properties": { "Field1": "9901", "Field2": "Y", "Field3": "SEA", "Field4": "1288437.1000000001", "Field5": "250800.5", "Field6": "YES", "Field7": "ACT", "Field8": "NO", "Field9": "NE 65th St", "Field10": "98115", "Field11": "62", "Field12": "62nd Ave NE", "Field13": "0", "Field14": "62nd Ave NE & NE 65th St", "Field15": 2 }, "geometry": null },
{ "type": "Feature", "properties": { "Field1": "9912", "Field2": "Y", "Field3": "SEA", "Field4": "1288100.8", "Field5": "250985.7", "Field6": "YES", "Field7": "ACT", "Field8": "NO", "Field9": "NE 70th St", "Field10": "98115", "Field11": "62 75", "Field12": "Sand Point Way NE", "Field13": "1", "Field14": "Sand Point Way NE & NE 70th St", "Field15": 3 }, "geometry": null },
{ "type": "Feature", "properties": { "Field1": "9921", "Field2": "Y", "Field3": "SEA", "Field4": "1288055", "Field5": "249621.2", "Field6": "YES", "Field7": "ACT", "Field8": "NO", "Field9": "NE 65th St", "Field10": "98115", "Field11": "75 79", "Field12": "Sand Point Way NE", "Field13": "1", "Field14": "Sand Point Way NE & NE 65th St", "Field15": 3 }, "geometry": null },
{ "type": "Feature", "properties": { "Field1": "11050", "Field2": "Y", "Field3": "SEA", "Field4": "1273583.3", "Field5": "229999.9", "Field6": "YES", "Field7": "ACT", "Field8": "NO", "Field9": "E Thomas St", "Field10": "98102", "Field11": "49 60 9E", "Field12": "Broadway E", "Field13": "0", "Field14": "Broadway E & E Thomas St", "Field15": 2 }, "geometry": null },
{ "type": "Feature", "properties": { "Field1": "11060", "Field2": "Y", "Field3": "SEA", "Field4": "1273576.2", "Field5": "229170.2", "Field6": "YES", "Field7": "ACT", "Field8": "NO", "Field9": "E Denny Way", "Field10": "98122", "Field11": "43 49 60 9E", "Field12": "Broadway", "Field13": "0", "Field14": "Broadway & E Denny Way", "Field15": 2 }, "geometry": null },
{ "type": "Feature", "properties": { "Field1": "11070", "Field2": "Y", "Field3": "SEA", "Field4": "1273568.8999999999", "Field5": "228314.6", "Field6": "YES", "Field7": "ACT", "Field8": "NO", "Field9": "E Pine St", "Field10": "98122", "Field11": "43 49 60 9E", "Field12": "Broadway", "Field13": "2", "Field14": "Broadway & E Pine St", "Field15": 3 }, "geometry": null },
{ "type": "Feature", "properties": { "Field1": "11075", "Field2": "Y", "Field3": "SEA", "Field4": "1272220.1000000001", "Field5": "226229.7", "Field6": "YES", "Field7": "ACT", "Field8": "NO", "Field9": "Seneca St", "Field10": "98101", "Field11": "193E 303 322", "Field12": "Boren Ave", "Field13": "0", "Field14": "Boren Ave & Seneca St", "Field15": 2 }, "geometry": null },
{ "type": "Feature", "properties": { "Field1": "11080", "Field2": "Y", "Field3": "SEA", "Field4": "1273395.5", "Field5": "227966.1", "Field6": "YES", "Field7": "ACT", "Field8": "NO", "Field9": "Broadway", "Field10": "98122", "Field11": "10 12 49", "Field12": "E Pine St", "Field13": "2", "Field14": "E Pine St & Broadway", "Field15": 3 }, "geometry": null },
{ "type": "Feature", "properties": { "Field1": "12484", "Field2": "Y", "Field3": "SEA", "Field4": "1278937.8999999999", "Field5": "216559.7", "Field6": "YES", "Field7": "ACT", "Field8": "NO", "Field9": "S Hill St", "Field10": "98144", "Field11": "4 8", "Field12": "Martin L King Jr Way S", "Field13": "0", "Field14": "Martin L King Jr Way S & S Hill St", "Field15": 2 }, "geometry": null },
{ "type": "Feature", "properties": { "Field1": "13700", "Field2": "Y", "Field3": "SEA", "Field4": "1260319.6000000001", "Field5": "249092.6", "Field6": "YES", "Field7": "ACT", "Field8": "NO", "Field9": "NW 60th St", "Field10": "98107", "Field11": "D", "Field12": "15th Ave NW", "Field13": "1", "Field14": "15th Ave NW & NW 60th St", "Field15": 3 }, "geometry": null },
{ "type": "Feature", "properties": { "Field1": "10915", "Field2": "Y", "Field3": "SEA", "Field4": "1273490.8999999999", "Field5": "240627.8", "Field6": "YES", "Field7": "ACT", "Field8": "NO", "Field9": "Eastlake Ave E", "Field10": "98102", "Field11": "49", "Field12": "Harvard Ave E", "Field13": "0", "Field14": "Harvard Ave E & Eastlake Ave E", "Field15": 2 }, "geometry": null },
{ "type": "Feature", "properties": { "Field1": "10916", "Field2": "Y", "Field3": "SEA", "Field4": "1273488.3999999999", "Field5": "240511.1", "Field6": "YES", "Field7": "ACT", "Field8": "NO", "Field9": "Eastlake Ave E", "Field10": "98102", "Field11": "49", "Field12": "Harvard Ave E", "Field13": "1", "Field14": "Harvard Ave E & Eastlake Ave E", "Field15": 3 }, "geometry": null },
{ "type": "Feature", "properties": { "Field1": "10917", "Field2": "Y", "Field3": "SEA", "Field4": "1275988.8", "Field5": "242358.7", "Field6": "YES", "Field7": "ACT", "Field8": "NO", "Field9": "NE 40th St", "Field10": "98195", "Field11": "255 271 43 44 48 542E 556E 65 79", "Field12": "15th Ave NE", "Field13": "1", "Field14": "15th Ave NE & NE 40th St", "Field15": 3 }, "geometry": null },
{ "type": "Feature", "properties": { "Field1": "10920", "Field2": "Y", "Field3": "SEA", "Field4": "1273468.5", "Field5": "239556.8", "Field6": "LTD", "Field7": "ACT", "Field8": "NO", "Field9": "E Shelby St", "Field10": "98102", "Field11": "49", "Field12": "Harvard Ave E", "Field13": "0", "Field14": "Harvard Ave E & E Shelby St", "Field15": 0 }, "geometry": null },
{ "type": "Feature", "properties": { "Field1": "10940", "Field2": "Y", "Field3": "SEA", "Field4": "1273943", "Field5": "238014.2", "Field6": "YES", "Field7": "ACT", "Field8": "NO", "Field9": "E Roanoke St", "Field10": "98102", "Field11": "49", "Field12": "10th Ave E", "Field13": "1", "Field14": "10th Ave E & E Roanoke St", "Field15": 3 }, "geometry": null },
{ "type": "Feature", "properties": { "Field1": "12373", "Field2": "Y", "Field3": "SEA", "Field4": "1276613.3999999999", "Field5": "228290.9", "Field6": "YES", "Field7": "ACT", "Field8": "NO", "Field9": "18th Ave", "Field10": "98122", "Field11": "12", "Field12": "E Madison St", "Field13": "0", "Field14": "E Madison St & 18th Ave", "Field15": 2 }, "geometry": null },
{ "type": "Feature", "properties": { "Field1": "9930", "Field2": "Y", "Field3": "SEA", "Field4": "1287431.1000000001", "Field5": "248990.8", "Field6": "YES", "Field7": "ACT", "Field8": "NO", "Field9": "NE 62nd St", "Field10": "98115", "Field11": "75 79", "Field12": "Sand Point Way NE", "Field13": "1", "Field14": "Sand Point Way NE & NE 62nd St", "Field15": 3 }, "geometry": null },
{ "type": "Feature", "properties": { "Field1": "9950", "Field2": "Y", "Field3": "SEA", "Field4": "1286362.6000000001", "Field5": "247898.8", "Field6": "YES", "Field7": "ACT", "Field8": "NO", "Field9": "NE 58th St", "Field10": "98105", "Field11": "75 79", "Field12": "Sand Point Way NE", "Field13": "1", "Field14": "Sand Point Way NE & NE 58th St", "Field15": 3 }, "geometry": null },
{ "type": "Feature", "properties": { "Field1": "10950", "Field2": "Y", "Field3": "SEA", "Field4": "1273930.8999999999", "Field5": "237415.4", "Field6": "YES", "Field7": "ACT", "Field8": "NO", "Field9": "E Miller St", "Field10": "98102", "Field11": "49", "Field12": "10th Ave E", "Field13": "0", "Field14": "10th Ave E & E Miller St", "Field15": 2 }, "geometry": null },
{ "type": "Feature", "properties": { "Field1": "10970", "Field2": "Y", "Field3": "SEA", "Field4": "1273896.3", "Field5": "235909.4", "Field6": "YES", "Field7": "ACT", "Field8": "NO", "Field9": "E Newton St", "Field10": "98102", "Field11": "49", "Field12": "10th Ave E", "Field13": "0", "Field14": "10th Ave E & E Newton St", "Field15": 2 }, "geometry": null },
{ "type": "Feature", "properties": { "Field1": "10990", "Field2": "Y", "Field3": "SEA", "Field4": "1273830.8999999999", "Field5": "234120.9", "Field6": "YES", "Field7": "ACT", "Field8": "NO", "Field9": "E Galer St", "Field10": "98102", "Field11": "49", "Field12": "10th Ave E", "Field13": "1", "Field14": "10th Ave E & E Galer St", "Field15": 3 }, "geometry": null },
{ "type": "Feature", "properties": { "Field1": "11010", "Field2": "Y", "Field3": "SEA", "Field4": "1273806.3", "Field5": "232917.5", "Field6": "YES", "Field7": "ACT", "Field8": "NO", "Field9": "E Prospect St", "Field10": "98102", "Field11": "49", "Field12": "10th Ave E", "Field13": "1", "Field14": "10th Ave E & E Prospect St", "Field15": 3 }, "geometry": null },
{ "type": "Feature", "properties": { "Field1": "12486", "Field2": "Y", "Field3": "SEA", "Field4": "1279239.8", "Field5": "215376.5", "Field6": "LTD", "Field7": "ACT", "Field8": "NO", "Field9": "S Bayview St", "Field10": "98144", "Field11": "8", "Field12": "Martin L King Jr Way S", "Field13": "0", "Field14": "Martin L King Jr Way S & S Bayview St", "Field15": 0 }, "geometry": null },
{ "type": "Feature", "properties": { "Field1": "12487", "Field2": "Y", "Field3": "SEA", "Field4": "1278977.1000000001", "Field5": "217920.6", "Field6": "YES", "Field7": "ACT", "Field8": "NO", "Field9": "S Massachusetts St", "Field10": "98144", "Field11": "4 8", "Field12": "Martin L King Jr Way S", "Field13": "0", "Field14": "Martin L King Jr Way S & S Massachusetts St", "Field15": 2 }, "geometry": null },
{ "type": "Feature", "properties": { "Field1": "14035", "Field2": "Y", "Field3": "SEA", "Field4": "1266232", "Field5": "228301.1", "Field6": "YES", "Field7": "ACT", "Field8": "NO", "Field9": "Cedar St", "Field10": "98121", "Field12": "1st Ave", "Field13": "0", "Field14": "1st Ave & Cedar St", "Field15": 2 }, "geometry": null },
{ "type": "Feature", "properties": { "Field1": "14038", "Field2": "Y", "Field3": "SEA", "Field4": "1263681.8999999999", "Field5": "231574.9", "Field6": "YES", "Field7": "ACT", "Field8": "NO", "Field9": "3rd Ave W", "Field10": "98119", "Field11": "32 D", "Field12": "W Mercer St", "Field13": "1", "Field14": "W Mercer St & 3rd Ave W", "Field15": 3 }, "geometry": null },
{ "type": "Feature", "properties": { "Field1": "13721", "Field2": "Y", "Field3": "SEA", "Field4": "1260293.1000000001", "Field5": "247807.3", "Field6": "YES", "Field7": "ACT", "Field8": "NO", "Field9": "NW Market St", "Field10": "98107", "Field11": "D", "Field12": "15th Ave NW", "Field13": "0", "Field14": "15th Ave NW & NW Market St", "Field15": 2 }, "geometry": null },
{ "type": "Feature", "properties": { "Field1": "13760", "Field2": "Y", "Field3": "SEA", "Field4": "1260210.8999999999", "Field5": "245704.8", "Field6": "YES", "Field7": "ACT", "Field8": "NO", "Field9": "NW Leary Way", "Field10": "98107", "Field11": "17E D", "Field12": "15th Ave NW", "Field13": "2", "Field14": "15th Ave NW & NW Leary Way", "Field15": 3 }, "geometry": null },
{ "type": "Feature", "properties": { "Field1": "13770", "Field2": "Y", "Field3": "SEA", "Field4": "1260177.2", "Field5": "242153.5", "Field6": "YES", "Field7": "ACT", "Field8": "NO", "Field9": "W Emerson St", "Field10": "98119", "Field11": "D", "Field12": "15th Ave W", "Field13": "1", "Field14": "15th Ave W & W Emerson St", "Field15": 3 }, "geometry": null },
{ "type": "Feature", "properties": { "Field1": "13775", "Field2": "Y", "Field3": "SEA", "Field4": "1258337", "Field5": "243045.6", "Field6": "YES", "Field7": "ACT", "Field8": "NO", "Field9": "21st Ave W", "Field10": "98119", "Field11": "31", "Field12": "W Emerson Pl", "Field13": "0", "Field14": "W Emerson Pl & 21st Ave W", "Field15": 2 }, "geometry": null },
{ "type": "Feature", "properties": { "Field1": "13800", "Field2": "Y", "Field3": "SEA", "Field4": "1260005.1000000001", "Field5": "240207.9", "Field6": "YES", "Field7": "ACT", "Field8": "NO", "Field9": "W Dravus St", "Field10": "98119", "Field11": "32 D", "Field12": "15th Ave W", "Field13": "1", "Field14": "15th Ave W & W Dravus St", "Field15": 3 }, "geometry": null },
{ "type": "Feature", "properties": { "Field1": "13810", "Field2": "Y", "Field3": "SEA", "Field4": "1260115", "Field5": "239024.6", "Field6": "YES", "Field7": "ACT", "Field8": "NO", "Field9": "W Armour St", "Field10": "98119", "Field11": "32 D", "Field12": "15th Ave W", "Field13": "1", "Field14": "15th Ave W & W Armour St", "Field15": 3 }, "geometry": null },
{ "type": "Feature", "properties": { "Field1": "13830", "Field2": "Y", "Field3": "SEA", "Field4": "1260085", "Field5": "237332.7", "Field6": "YES", "Field7": "ACT", "Field8": "NO", "Field9": "W Wheeler St", "Field10": "98119", "Field11": "32 D", "Field12": "15th Ave W", "Field13": "1", "Field14": "15th Ave W & W Wheeler St", "Field15": 3 }, "geometry": null },
{ "type": "Feature", "properties": { "Field1": "13840", "Field2": "Y", "Field3": "SEA", "Field4": "1260067.3", "Field5": "236276.6", "Field6": "YES", "Field7": "ACT", "Field8": "NO", "Field9": "W Armory Way", "Field10": "98119", "Field11": "32 D", "Field12": "15th Ave W", "Field13": "1", "Field14": "15th Ave W & W Armory Way", "Field15": 3 }, "geometry": null },
{ "type": "Feature", "properties": { "Field1": "11025", "Field2": "Y", "Field3": "SEA", "Field4": "1273176.2", "Field5": "224614.1", "Field6": "YES", "Field7": "ACT", "Field8": "NO", "Field9": "Jefferson St", "Field10": "98104", "Field11": "630", "Field12": "Boren Ave", "Field13": "0", "Field14": "Boren Ave & Jefferson St", "Field15": 2 }, "geometry": null },
{ "type": "Feature", "properties": { "Field1": "11030", "Field2": "Y", "Field3": "SEA", "Field4": "1273678.3", "Field5": "231604.6", "Field6": "YES", "Field7": "ACT", "Field8": "NO", "Field9": "Broadway E", "Field10": "98102", "Field11": "49 9E", "Field12": "E Roy St", "Field13": "0", "Field14": "E Roy St & Broadway E", "Field15": 2 }, "geometry": null },
{ "type": "Feature", "properties": { "Field1": "11033", "Field2": "Y", "Field3": "SEA", "Field4": "1272661.1000000001", "Field5": "225484.2", "Field6": "YES", "Field7": "ACT", "Field8": "NO", "Field9": "Marion St", "Field10": "98104", "Field11": "630", "Field12": "Boren Ave", "Field13": "1", "Field14": "Boren Ave & Marion St", "Field15": 3 }, "geometry": null },
{ "type": "Feature", "properties": { "Field1": "12390", "Field2": "Y", "Field3": "SEA", "Field4": "1279927.1000000001", "Field5": "231081.60000000001", "Field6": "YES", "Field7": "ACT", "Field8": "NO", "Field9": "29th Ave E", "Field10": "98112", "Field11": "11", "Field12": "E Madison St", "Field13": "0", "Field14": "E Madison St & 29th Ave E", "Field15": 2 }, "geometry": null },
{ "type": "Feature", "properties": { "Field1": "12400", "Field2": "Y", "Field3": "SEA", "Field4": "1280701.8999999999", "Field5": "231828.9", "Field6": "YES", "Field7": "ACT", "Field8": "NO", "Field9": "Lake Washington Blvd", "Field10": "98112", "Field11": "11", "Field12": "E Madison St", "Field13": "0", "Field14": "E Madison St & Lake Washington Blvd", "Field15": 2 }, "geometry": null },
{ "type": "Feature", "properties": { "Field1": "12410", "Field2": "Y", "Field3": "SEA", "Field4": "1281456.7", "Field5": "232556.9", "Field6": "YES", "Field7": "ACT", "Field8": "NO", "Field9": "33rd Ave E", "Field10": "98112", "Field11": "11", "Field12": "E Madison St", "Field13": "0", "Field14": "E Madison St & 33rd Ave E", "Field15": 2 }, "geometry": null },
{ "type": "Feature", "properties": { "Field1": "12420", "Field2": "Y", "Field3": "SEA", "Field4": "1282104.5", "Field5": "233182.7", "Field6": "YES", "Field7": "ACT", "Field8": "NO", "Field9": "36th Ave E", "Field10": "98112", "Field11": "11", "Field12": "E Madison St", "Field13": "0", "Field14": "E Madison St & 36th Ave E", "Field15": 2 }, "geometry": null },
{ "type": "Feature", "properties": { "Field1": "12430", "Field2": "Y", "Field3": "SEA", "Field4": "1282661.8", "Field5": "233720.5", "Field6": "YES", "Field7": "ACT", "Field8": "NO", "Field9": "38th Ave E", "Field10": "98112", "Field11": "11", "Field12": "E Madison St", "Field13": "0", "Field14": "E Madison St & 38th Ave E", "Field15": 2 }, "geometry": null },
{ "type": "Feature", "properties": { "Field1": "12440", "Field2": "Y", "Field3": "SEA", "Field4": "1283030.1000000001", "Field5": "234073.9", "Field6": "YES", "Field7": "ACT", "Field8": "NO", "Field9": "39th Ave E", "Field10": "98112", "Field11": "11", "Field12": "E Madison St", "Field13": "0", "Field14": "E Madison St & 39th Ave E", "Field15": 2 }, "geometry": null },
{ "type": "Feature", "properties": { "Field1": "12450", "Field2": "Y", "Field3": "SEA", "Field4": "1283736.7", "Field5": "234756.6", "Field6": "YES", "Field7": "ACT", "Field8": "NO", "Field9": "41st Ave E", "Field10": "98112", "Field11": "11", "Field12": "E Madison St", "Field13": "0", "Field14": "E Madison St & 41st Ave E", "Field15": 2 }, "geometry": null },
{ "type": "Feature", "properties": { "Field1": "12460", "Field2": "Y", "Field3": "SEA", "Field4": "1284466.6000000001", "Field5": "234925.3", "Field6": "YES", "Field7": "ACT", "Field8": "NO", "Field9": "E Blaine St", "Field10": "98112", "Field11": "11", "Field12": "43rd Ave E", "Field13": "0", "Field14": "43rd Ave E & E Blaine St", "Field15": 2 }, "geometry": null },
{ "type": "Feature", "properties": { "Field1": "12470", "Field2": "Y", "Field3": "SEA", "Field4": "1284484", "Field5": "235563.3", "Field6": "YES", "Field7": "ACT", "Field8": "NO", "Field9": "E Madison St", "Field10": "98112", "Field11": "11", "Field12": "43rd Ave E", "Field13": "1", "Field14": "43rd Ave E & E Madison St", "Field15": 3 }, "geometry": null },
{ "type": "Feature", "properties": { "Field1": "12479", "Field2": "Y", "Field3": "SEA", "Field4": "1279130.6000000001", "Field5": "218655.4", "Field6": "YES", "Field7": "ACT", "Field8": "NO", "Field9": "S Irving St", "Field10": "98144", "Field11": "4 8", "Field12": "Martin L King Jr Way S", "Field13": "0", "Field14": "Martin L King Jr Way S & S Irving St", "Field15": 2 }, "geometry": null },
{ "type": "Feature", "properties": { "Field1": "12480", "Field2": "Y", "Field3": "SEA", "Field4": "1284508.1000000001", "Field5": "236458.2", "Field6": "YES", "Field7": "ACT", "Field8": "NO", "Field9": "E Lynn St", "Field10": "98112", "Field11": "11", "Field12": "43rd Ave E", "Field13": "0", "Field14": "43rd Ave E & E Lynn St", "Field15": 2 }, "geometry": null },
{ "type": "Feature", "properties": { "Field1": "14070", "Field2": "Y", "Field3": "SEA", "Field4": "1261165.8", "Field5": "233217.5", "Field6": "YES", "Field7": "ACT", "Field8": "NO", "Field9": "W Prospect St", "Field10": "98119", "Field11": "17E 24 32 33 D", "Field12": "Elliott Ave W", "Field13": "1", "Field14": "Elliott Ave W & W Prospect St", "Field15": 3 }, "geometry": null },
{ "type": "Feature", "properties": { "Field1": "14090", "Field2": "Y", "Field3": "SEA", "Field4": "1260232.1000000001", "Field5": "234360.3", "Field6": "YES", "Field7": "ACT", "Field8": "NO", "Field9": "W Galer St", "Field10": "98119", "Field11": "32 D", "Field12": "Elliott Ave W", "Field13": "0", "Field14": "Elliott Ave W & W Galer St", "Field15": 2 }, "geometry": null },
{ "type": "Feature", "properties": { "Field1": "14110", "Field2": "Y", "Field3": "SEA", "Field4": "1260066.1000000001", "Field5": "236204", "Field6": "YES", "Field7": "ACT", "Field8": "NO", "Field9": "W Newton St", "Field10": "98119", "Field11": "32 D", "Field12": "15th Ave W", "Field13": "1", "Field14": "15th Ave W & W Newton St", "Field15": 3 }, "geometry": null },
{ "type": "Feature", "properties": { "Field1": "16380", "Field2": "Y", "Field3": "SEA", "Field4": "1272284.8", "Field5": "259652", "Field6": "YES", "Field7": "ACT", "Field8": "NO", "Field9": "NE 100th St", "Field10": "98125", "Field12": "1st Ave NE", "Field13": "0", "Field14": "1st Ave NE & NE 100th St", "Field15": 2 }, "geometry": null },
{ "type": "Feature", "properties": { "Field1": "16390", "Field2": "Y", "Field3": "SEA", "Field4": "1273035.6000000001", "Field5": "251055.3", "Field6": "YES", "Field7": "ACT", "Field8": "NO", "Field9": "Woodlawn Ave NE", "Field10": "98115", "Field11": "45 62", "Field12": "NE Ravenna Blvd", "Field13": "1", "Field14": "NE Ravenna Blvd & Woodlawn Ave NE", "Field15": 3 }, "geometry": null },
{ "type": "Feature", "properties": { "Field1": "16400", "Field2": "Y", "Field3": "SEA", "Field4": "1273286.2", "Field5": "250628.6", "Field6": "YES", "Field7": "ACT", "Field8": "NO", "Field9": "NE 68th St", "Field10": "98115", "Field11": "45 62", "Field12": "NE Ravenna Blvd", "Field13": "0", "Field14": "NE Ravenna Blvd & NE 68th St", "Field15": 2 }, "geometry": null },
{ "type": "Feature", "properties": { "Field1": "17680", "Field2": "Y", "Field3": "SEA", "Field4": "1270262.1000000001", "Field5": "256895.9", "Field6": "YES", "Field7": "ACT", "Field8": "NO", "Field9": "N 90th St", "Field10": "98103", "Field11": "61", "Field12": "Wallingford Ave N", "Field13": "0", "Field14": "Wallingford Ave N & N 90th St", "Field15": 2 }, "geometry": null },
{ "type": "Feature", "properties": { "Field1": "17694", "Field2": "Y", "Field3": "SEA", "Field4": "1271207.1000000001", "Field5": "258117.9", "Field6": "YES", "Field7": "ACT", "Field8": "NO", "Field9": "College Way N", "Field10": "98103", "Field11": "345 365", "Field12": "North Seattle College AcRd", "Field13": "1", "Field14": "North Seattle College AcRd & College Way N", "Field15": 3 }, "geometry": null },
{ "type": "Feature", "properties": { "Field1": "17695", "Field2": "Y", "Field3": "SEA", "Field4": "1271252.3999999999", "Field5": "258116.7", "Field6": "YES", "Field7": "ACT", "Field8": "NO", "Field9": "College Way N", "Field10": "98103", "Field11": "345 365", "Field12": "North Seattle College AcRd", "Field13": "0", "Field14": "North Seattle College AcRd & College Way N", "Field15": 2 }, "geometry": null },
{ "type": "Feature", "properties": { "Field1": "13870", "Field2": "Y", "Field3": "SEA", "Field4": "1260267.6000000001", "Field5": "234315.6", "Field6": "YES", "Field7": "ACT", "Field8": "NO", "Field9": "W Galer St", "Field10": "98119", "Field11": "24 32 33 D", "Field12": "Elliott Ave W", "Field13": "0", "Field14": "Elliott Ave W & W Galer St", "Field15": 2 }, "geometry": null },
{ "type": "Feature", "properties": { "Field1": "13890", "Field2": "Y", "Field3": "SEA", "Field4": "1261100.3", "Field5": "233297", "Field6": "YES", "Field7": "ACT", "Field8": "NO", "Field9": "W Prospect St", "Field10": "98119", "Field11": "17E 24 32 33 D", "Field12": "Elliott Ave W", "Field13": "1", "Field14": "Elliott Ave W & W Prospect St", "Field15": 3 }, "geometry": null },
{ "type": "Feature", "properties": { "Field1": "13910", "Field2": "Y", "Field3": "SEA", "Field4": "1263766.8999999999", "Field5": "231572.8", "Field6": "YES", "Field7": "ACT", "Field8": "NO", "Field9": "3rd Ave W", "Field10": "98119", "Field11": "32 D", "Field12": "W Mercer St", "Field13": "1", "Field14": "W Mercer St & 3rd Ave W", "Field15": 3 }, "geometry": null },
{ "type": "Feature", "properties": { "Field1": "13950", "Field2": "Y", "Field3": "SEA", "Field4": "1266747.8", "Field5": "227831.7", "Field6": "YES", "Field7": "ACT", "Field8": "NO", "Field9": "Wall St", "Field10": "98121", "Field12": "1st Ave", "Field13": "0", "Field14": "1st Ave & Wall St", "Field15": 2 }, "geometry": null },
{ "type": "Feature", "properties": { "Field1": "16416", "Field2": "Y", "Field3": "SEA", "Field4": "1274157.1000000001", "Field5": "250068.3", "Field6": "YES", "Field7": "ACT", "Field8": "NO", "Field9": "8th Ave NE", "Field10": "98115", "Field11": "45 62", "Field12": "NE 65th St", "Field13": "1", "Field14": "NE 65th St & 8th Ave NE", "Field15": 3 }, "geometry": null },
{ "type": "Feature", "properties": { "Field1": "16419", "Field2": "Y", "Field3": "SEA", "Field4": "1274173.3", "Field5": "249894.3", "Field6": "YES", "Field7": "ACT", "Field8": "NO", "Field9": "NE 64th St", "Field10": "98115", "Field11": "79", "Field12": "8th Ave NE", "Field13": "0", "Field14": "8th Ave NE & NE 64th St", "Field15": 2 }, "geometry": null },
{ "type": "Feature", "properties": { "Field1": "17970", "Field2": "Y", "Field3": "SEA", "Field4": "1254992.7", "Field5": "254883.20000000001", "Field6": "YES", "Field7": "ACT", "Field8": "NO", "Field9": "NW 80th St", "Field10": "98117", "Field11": "17E", "Field12": "32nd Ave NW", "Field13": "0", "Field14": "32nd Ave NW & NW 80th St", "Field15": 2 }, "geometry": null },
{ "type": "Feature", "properties": { "Field1": "17980", "Field2": "Y", "Field3": "SEA", "Field4": "1254983.7", "Field5": "254279.2", "Field6": "YES", "Field7": "ACT", "Field8": "NO", "Field9": "NW 80th St", "Field10": "98117", "Field11": "17E", "Field12": "32nd Ave NW", "Field13": "0", "Field14": "32nd Ave NW & NW 80th St", "Field15": 2 }, "geometry": null },
{ "type": "Feature", "properties": { "Field1": "17990", "Field2": "Y", "Field3": "SEA", "Field4": "1254969", "Field5": "253778.7", "Field6": "YES", "Field7": "ACT", "Field8": "NO", "Field9": "NW 77th St", "Field10": "98117", "Field11": "17E", "Field12": "32nd Ave NW", "Field13": "0", "Field14": "32nd Ave NW & NW 77th St", "Field15": 2 }, "geometry": null },
{ "type": "Feature", "properties": { "Field1": "18000", "Field2": "Y", "Field3": "SEA", "Field4": "1254931.2", "Field5": "253013.8", "Field6": "YES", "Field7": "ACT", "Field8": "NO", "Field9": "NW 75th St", "Field10": "98117", "Field11": "17E", "Field12": "32nd Ave NW", "Field13": "0", "Field14": "32nd Ave NW & NW 75th St", "Field15": 2 }, "geometry": null },
{ "type": "Feature", "properties": { "Field1": "18010", "Field2": "Y", "Field3": "SEA", "Field4": "1254924.1000000001", "Field5": "252575.8", "Field6": "YES", "Field7": "ACT", "Field8": "NO", "Field9": "NW 73rd St", "Field10": "98117", "Field11": "17E", "Field12": "32nd Ave NW", "Field13": "0", "Field14": "32nd Ave NW & NW 73rd St", "Field15": 2 }, "geometry": null },
{ "type": "Feature", "properties": { "Field1": "18020", "Field2": "Y", "Field3": "SEA", "Field4": "1254918", "Field5": "252222.6", "Field6": "YES", "Field7": "ACT", "Field8": "NO", "Field9": "NW 72nd St", "Field10": "98117", "Field11": "17E", "Field12": "32nd Ave NW", "Field13": "0", "Field14": "32nd Ave NW & NW 72nd St", "Field15": 2 }, "geometry": null },
{ "type": "Feature", "properties": { "Field1": "18030", "Field2": "Y", "Field3": "SEA", "Field4": "1254908.8", "Field5": "251688.2", "Field6": "YES", "Field7": "ACT", "Field8": "NO", "Field9": "NW 70th St", "Field10": "98117", "Field11": "17E", "Field12": "32nd Ave NW", "Field13": "0", "Field14": "32nd Ave NW & NW 70th St", "Field15": 2 }, "geometry": null },
{ "type": "Feature", "properties": { "Field1": "17697", "Field2": "Y", "Field3": "SEA", "Field4": "1272262.8", "Field5": "258088.2", "Field6": "YES", "Field7": "ACT", "Field8": "NO", "Field9": "NE 95th St", "Field10": "98115", "Field11": "345 365 40 61", "Field12": "1st Ave NE", "Field13": "0", "Field14": "1st Ave NE & NE 95th St", "Field15": 2 }, "geometry": null },
{ "type": "Feature", "properties": { "Field1": "17698", "Field2": "Y", "Field3": "SEA", "Field4": "1271743.7", "Field5": "257438.4", "Field6": "YES", "Field7": "ACT", "Field8": "NO", "Field9": "Corliss Ave N", "Field10": "98103", "Field11": "345 365 40 61", "Field12": "N 92nd St", "Field13": "0", "Field14": "N 92nd St & Corliss Ave N", "Field15": 2 }, "geometry": null },
{ "type": "Feature", "properties": { "Field1": "17710", "Field2": "Y", "Field3": "SEA", "Field4": "1270658.3", "Field5": "258678.9", "Field6": "YES", "Field7": "ACT", "Field8": "NO", "Field9": "N 97th St", "Field10": "98103", "Field11": "345 365 40", "Field12": "College Way N", "Field13": "1", "Field14": "College Way N & N 97th St", "Field15": 3 }, "geometry": null },
{ "type": "Feature", "properties": { "Field1": "17730", "Field2": "Y", "Field3": "SEA", "Field4": "1270964.3999999999", "Field5": "260100.3", "Field6": "YES", "Field7": "ACT", "Field8": "NO", "Field9": "N 103rd St", "Field10": "98103", "Field11": "345 365 40", "Field12": "College Way N", "Field13": "0", "Field14": "College Way N & N 103rd St", "Field15": 2 }, "geometry": null },
{ "type": "Feature", "properties": { "Field1": "19010", "Field2": "Y", "Field3": "SEA", "Field4": "1258158.3", "Field5": "206634.9", "Field6": "YES", "Field7": "ACT", "Field8": "NO", "Field9": "SW Dawson St", "Field10": "98136", "Field11": "773", "Field12": "Fauntleroy Way SW", "Field13": "0", "Field14": "Fauntleroy Way SW & SW Dawson St", "Field15": 2 }, "geometry": null },
{ "type": "Feature", "properties": { "Field1": "19020", "Field2": "Y", "Field3": "SEA", "Field4": "1258203.8999999999", "Field5": "208296.2", "Field6": "YES", "Field7": "ACT", "Field8": "NO", "Field9": "SW Alaska St", "Field10": "98116", "Field11": "773N", "Field12": "Fauntleroy Way SW", "Field13": "0", "Field14": "Fauntleroy Way SW & SW Alaska St", "Field15": 2 }, "geometry": null },
{ "type": "Feature", "properties": { "Field1": "19050", "Field2": "Y", "Field3": "SEA", "Field4": "1258204.3", "Field5": "208321.2", "Field6": "YES", "Field7": "ACT", "Field8": "NO", "Field9": "SW Alaska St", "Field10": "98116", "Field12": "Fauntleroy Way SW", "Field13": "0", "Field14": "Fauntleroy Way SW & SW Alaska St", "Field15": 2 }, "geometry": null },
{ "type": "Feature", "properties": { "Field1": "19060", "Field2": "Y", "Field3": "SEA", "Field4": "1258150.3", "Field5": "206452.3", "Field6": "YES", "Field7": "ACT", "Field8": "NO", "Field9": "SW Dawson St", "Field10": "98136", "Field11": "773", "Field12": "Fauntleroy Way SW", "Field13": "0", "Field14": "Fauntleroy Way SW & SW Dawson St", "Field15": 2 }, "geometry": null },
{ "type": "Feature", "properties": { "Field1": "17740", "Field2": "Y", "Field3": "SEA", "Field4": "1270965.5", "Field5": "260677.6", "Field6": "YES", "Field7": "ACT", "Field8": "NO", "Field9": "N 105th St", "Field10": "98133", "Field11": "345 365 40", "Field12": "Meridian Ave N", "Field13": "1", "Field14": "Meridian Ave N & N 105th St", "Field15": 3 }, "geometry": null },
{ "type": "Feature", "properties": { "Field1": "17755", "Field2": "Y", "Field3": "SEA", "Field4": "1270832.7", "Field5": "262033.6", "Field6": "YES", "Field7": "ACT", "Field8": "NO", "Field9": "Meridian Ave N", "Field10": "98133", "Field11": "40", "Field12": "N Northgate Way", "Field13": "1", "Field14": "N Northgate Way & Meridian Ave N", "Field15": 3 }, "geometry": null },
{ "type": "Feature", "properties": { "Field1": "17760", "Field2": "Y", "Field3": "SEA", "Field4": "1270977", "Field5": "262223.7", "Field6": "YES", "Field7": "ACT", "Field8": "NO", "Field9": "N Northgate Way", "Field10": "98133", "Field11": "345 365", "Field12": "Meridian Ave N", "Field13": "1", "Field14": "Meridian Ave N & N Northgate Way", "Field15": 3 }, "geometry": null },
{ "type": "Feature", "properties": { "Field1": "17780", "Field2": "Y", "Field3": "SEA", "Field4": "1270987.3999999999", "Field5": "263484", "Field6": "YES", "Field7": "ACT", "Field8": "NO", "Field9": "N 115th St", "Field10": "98133", "Field11": "345 365", "Field12": "Meridian Ave N", "Field13": "1", "Field14": "Meridian Ave N & N 115th St", "Field15": 3 }, "geometry": null },
{ "type": "Feature", "properties": { "Field1": "17800", "Field2": "Y", "Field3": "SEA", "Field4": "1270999.3", "Field5": "264830.59999999998", "Field6": "YES", "Field7": "ACT", "Field8": "NO", "Field9": "N 120th St", "Field10": "98133", "Field11": "345 365", "Field12": "Meridian Ave N", "Field13": "1", "Field14": "Meridian Ave N & N 120th St", "Field15": 3 }, "geometry": null },
{ "type": "Feature", "properties": { "Field1": "17840", "Field2": "Y", "Field3": "SEA", "Field4": "1270231.3", "Field5": "266943.90000000002", "Field6": "YES", "Field7": "ACT", "Field8": "NO", "Field9": "N 128th St", "Field10": "98133", "Field11": "345 365", "Field12": "Densmore Ave N", "Field13": "0", "Field14": "Densmore Ave N & N 128th St", "Field15": 2 }, "geometry": null },
{ "type": "Feature", "properties": { "Field1": "18040", "Field2": "Y", "Field3": "SEA", "Field4": "1254895.1000000001", "Field5": "250886.7", "Field6": "YES", "Field7": "ACT", "Field8": "NO", "Field9": "NW 67th St", "Field10": "98117", "Field11": "17E", "Field12": "32nd Ave NW", "Field13": "0", "Field14": "32nd Ave NW & NW 67th St", "Field15": 2 }, "geometry": null },
{ "type": "Feature", "properties": { "Field1": "18041", "Field2": "Y", "Field3": "SEA", "Field4": "1254874.8", "Field5": "249949.5", "Field6": "YES", "Field7": "ACT", "Field8": "NO", "Field9": "NW 64th St", "Field10": "98107", "Field11": "17E", "Field12": "32nd Ave NW", "Field13": "1", "Field14": "32nd Ave NW & NW 64th St", "Field15": 3 }, "geometry": null },
{ "type": "Feature", "properties": { "Field1": "18050", "Field2": "Y", "Field3": "SEA", "Field4": "1254865.3", "Field5": "249329.5", "Field6": "YES", "Field7": "ACT", "Field8": "NO", "Field9": "NW 61st St", "Field10": "98107", "Field11": "17E", "Field12": "32nd Ave NW", "Field13": "0", "Field14": "32nd Ave NW & NW 61st St", "Field15": 2 }, "geometry": null },
{ "type": "Feature", "properties": { "Field1": "18060", "Field2": "Y", "Field3": "SEA", "Field4": "1254863", "Field5": "248811.8", "Field6": "YES", "Field7": "ACT", "Field8": "NO", "Field9": "NW 59th St", "Field10": "98107", "Field11": "17E", "Field12": "32nd Ave NW", "Field13": "0", "Field14": "32nd Ave NW & NW 59th St", "Field15": 2 }, "geometry": null },
{ "type": "Feature", "properties": { "Field1": "18066", "Field2": "Y", "Field3": "SEA", "Field4": "1254946", "Field5": "247813.1", "Field6": "YES", "Field7": "ACT", "Field8": "NO", "Field9": "32nd Ave NW", "Field10": "98107", "Field11": "17E", "Field12": "NW Market St", "Field13": "1", "Field14": "NW Market St & 32nd Ave NW", "Field15": 3 }, "geometry": null },
{ "type": "Feature", "properties": { "Field1": "19410", "Field2": "Y", "Field3": "SEA", "Field4": "1263223.3", "Field5": "230764.5", "Field6": "YES", "Field7": "ACT", "Field8": "NO", "Field9": "W Harrison St", "Field10": "98119", "Field11": "17E 24 33", "Field12": "Elliott Ave W", "Field13": "1", "Field14": "Elliott Ave W & W Harrison St", "Field15": 3 }, "geometry": null },
{ "type": "Feature", "properties": { "Field1": "19420", "Field2": "Y", "Field3": "SEA", "Field4": "1263998.3999999999", "Field5": "229893.3", "Field6": "YES", "Field7": "ACT", "Field8": "NO", "Field9": "2nd Ave W", "Field10": "98119", "Field11": "24 33", "Field12": "Western Ave W", "Field13": "1", "Field14": "Western Ave W & 2nd Ave W", "Field15": 3 }, "geometry": null },
{ "type": "Feature", "properties": { "Field1": "19440", "Field2": "Y", "Field3": "SEA", "Field4": "1264762.6000000001", "Field5": "229356.79999999999", "Field6": "YES", "Field7": "ACT", "Field8": "NO", "Field9": "Queen Anne Ave N", "Field10": "98109", "Field11": "17E 24 33", "Field12": "Denny Way", "Field13": "2", "Field14": "Denny Way & Queen Anne Ave N", "Field15": 3 }, "geometry": null },
{ "type": "Feature", "properties": { "Field1": "19460", "Field2": "Y", "Field3": "SEA", "Field4": "1264038.3", "Field5": "229857.1", "Field6": "YES", "Field7": "ACT", "Field8": "NO", "Field9": "2nd Ave W", "Field10": "98119", "Field11": "24 33", "Field12": "Western Ave W", "Field13": "0", "Field14": "Western Ave W & 2nd Ave W", "Field15": 2 }, "geometry": null },
{ "type": "Feature", "properties": { "Field1": "19470", "Field2": "Y", "Field3": "SEA", "Field4": "1263496", "Field5": "230412", "Field6": "YES", "Field7": "ACT", "Field8": "NO", "Field9": "4th Ave W", "Field10": "98119", "Field11": "17E 24 33", "Field12": "Elliott Ave W", "Field13": "0", "Field14": "Elliott Ave W & 4th Ave W", "Field15": 2 }, "geometry": null },
{ "type": "Feature", "properties": { "Field1": "19480", "Field2": "Y", "Field3": "SEA", "Field4": "1262936.7", "Field5": "231135.8", "Field6": "YES", "Field7": "ACT", "Field8": "NO", "Field9": "6th Ave W", "Field10": "98119", "Field11": "24 33", "Field12": "Elliott Ave W", "Field13": "0", "Field14": "Elliott Ave W & 6th Ave W", "Field15": 2 }, "geometry": null },
{ "type": "Feature", "properties": { "Field1": "19070", "Field2": "Y", "Field3": "SEA", "Field4": "1257829.8999999999", "Field5": "204497.9", "Field6": "YES", "Field7": "ACT", "Field8": "NO", "Field9": "SW Juneau St", "Field10": "98136", "Field11": "773", "Field12": "Fauntleroy Way SW", "Field13": "0", "Field14": "Fauntleroy Way SW & SW Juneau St", "Field15": 2 }, "geometry": null },
{ "type": "Feature", "properties": { "Field1": "19077", "Field2": "Y", "Field3": "SEA", "Field4": "1256975.2", "Field5": "202697.5", "Field6": "YES", "Field7": "ACT", "Field8": "NO", "Field9": "42nd Ave SW", "Field10": "98136", "Field12": "Fauntleroy Way SW", "Field13": "0", "Field14": "Fauntleroy Way SW & 42nd Ave SW", "Field15": 2 }, "geometry": null },
{ "type": "Feature", "properties": { "Field1": "21080", "Field2": "Y", "Field3": "SEA", "Field4": "1264780.3999999999", "Field5": "192431.6", "Field6": "YES", "Field7": "ACT", "Field8": "NO", "Field9": "15th Ave SW", "Field10": "98106", "Field11": "113 128 60", "Field12": "SW Roxbury St", "Field13": "1", "Field14": "SW Roxbury St & 15th Ave SW", "Field15": 3 }, "geometry": null },
{ "type": "Feature", "properties": { "Field1": "21090", "Field2": "Y", "Field3": "SEA", "Field4": "1265579.8", "Field5": "192402.1", "Field6": "YES", "Field7": "ACT", "Field8": "NO", "Field9": "12th Ave SW", "Field10": "98106", "Field11": "113 128 60", "Field12": "SW Roxbury St", "Field13": "1", "Field14": "SW Roxbury St & 12th Ave SW", "Field15": 3 }, "geometry": null },
{ "type": "Feature", "properties": { "Field1": "21110", "Field2": "Y", "Field3": "SEA", "Field4": "1266881.5", "Field5": "192365.2", "Field6": "YES", "Field7": "ACT", "Field8": "NO", "Field9": "8th Ave SW", "Field10": "98106", "Field11": "113 60", "Field12": "SW Roxbury St", "Field13": "1", "Field14": "SW Roxbury St & 8th Ave SW", "Field15": 3 }, "geometry": null },
{ "type": "Feature", "properties": { "Field1": "17820", "Field2": "Y", "Field3": "SEA", "Field4": "1270432.6000000001", "Field5": "265196.59999999998", "Field6": "LTD", "Field7": "ACT", "Field8": "NO", "Field9": "Burke Ave N", "Field10": "98133", "Field11": "345 365", "Field12": "N 122nd St", "Field13": "0", "Field14": "N 122nd St & Burke Ave N", "Field15": 0 }, "geometry": null },
{ "type": "Feature", "properties": { "Field1": "17830", "Field2": "Y", "Field3": "SEA", "Field4": "1269929", "Field5": "266063.09999999998", "Field6": "YES", "Field7": "ACT", "Field8": "NO", "Field9": "N 125th St", "Field10": "98133", "Field11": "345 365", "Field12": "Densmore Ave N", "Field13": "0", "Field14": "Densmore Ave N & N 125th St", "Field15": 2 }, "geometry": null },
{ "type": "Feature", "properties": { "Field1": "19210", "Field2": "Y", "Field3": "SEA", "Field4": "1256658.7", "Field5": "255785.2", "Field6": "YES", "Field7": "ACT", "Field8": "NO", "Field9": "Earl Ave NW", "Field10": "98117", "Field11": "45", "Field12": "NW 85th St", "Field13": "0", "Field14": "NW 85th St & Earl Ave NW", "Field15": 2 }, "geometry": null },
{ "type": "Feature", "properties": { "Field1": "19250", "Field2": "Y", "Field3": "SEA", "Field4": "1257632.3", "Field5": "254986", "Field6": "YES", "Field7": "ACT", "Field8": "NO", "Field9": "NW 83rd St", "Field10": "98117", "Field11": "40", "Field12": "24th Ave NW", "Field13": "0", "Field14": "24th Ave NW & NW 83rd St", "Field15": 2 }, "geometry": null },
{ "type": "Feature", "properties": { "Field1": "17850", "Field2": "Y", "Field3": "SEA", "Field4": "1270940.8", "Field5": "266972", "Field6": "YES", "Field7": "ACT", "Field8": "NO", "Field9": "Meridian Ave N", "Field10": "98133", "Field11": "345 365", "Field12": "N 128th St", "Field13": "0", "Field14": "N 128th St & Meridian Ave N", "Field15": 2 }, "geometry": null },
{ "type": "Feature", "properties": { "Field1": "17860", "Field2": "Y", "Field3": "SEA", "Field4": "1271033", "Field5": "267387.3", "Field6": "YES", "Field7": "ACT", "Field8": "NO", "Field9": "N 130th St", "Field10": "98133", "Field11": "365", "Field12": "Meridian Ave N", "Field13": "0", "Field14": "Meridian Ave N & N 130th St", "Field15": 2 }, "geometry": null },
{ "type": "Feature", "properties": { "Field1": "17870", "Field2": "Y", "Field3": "SEA", "Field4": "1271046.1000000001", "Field5": "268158.40000000002", "Field6": "YES", "Field7": "ACT", "Field8": "NO", "Field9": "N 133rd St", "Field10": "98133", "Field11": "365", "Field12": "Meridian Ave N", "Field13": "0", "Field14": "Meridian Ave N & N 133rd St", "Field15": 2 }, "geometry": null },
{ "type": "Feature", "properties": { "Field1": "17880", "Field2": "Y", "Field3": "SEA", "Field4": "1271057.3999999999", "Field5": "268850", "Field6": "YES", "Field7": "ACT", "Field8": "NO", "Field9": "N 135th St", "Field10": "98133", "Field11": "365", "Field12": "Meridian Ave N", "Field13": "0", "Field14": "Meridian Ave N & N 135th St", "Field15": 2 }, "geometry": null },
{ "type": "Feature", "properties": { "Field1": "17890", "Field2": "Y", "Field3": "SEA", "Field4": "1271065.2", "Field5": "269487.7", "Field6": "YES", "Field7": "ACT", "Field8": "NO", "Field9": "Roosevelt Way N", "Field10": "98133", "Field11": "365", "Field12": "Meridian Ave N", "Field13": "0", "Field14": "Meridian Ave N & Roosevelt Way N", "Field15": 2 }, "geometry": null },
{ "type": "Feature", "properties": { "Field1": "17900", "Field2": "Y", "Field3": "SEA", "Field4": "1271071.5", "Field5": "270043.2", "Field6": "LTD", "Field7": "ACT", "Field8": "NO", "Field9": "N 140th St", "Field10": "98133", "Field11": "365", "Field12": "Meridian Ave N", "Field13": "0", "Field14": "Meridian Ave N & N 140th St", "Field15": 0 }, "geometry": null },
{ "type": "Feature", "properties": { "Field1": "17951", "Field2": "Y", "Field3": "SEA", "Field4": "1254767.6000000001", "Field5": "257020.3", "Field6": "LTD", "Field7": "ACT", "Field8": "NO", "Field9": "Golden Gardens Dr NW", "Field10": "98117", "Field11": "17E", "Field12": "Loyal Ave NW", "Field13": "0", "Field14": "Loyal Ave NW & Golden Gardens Dr NW", "Field15": 0 }, "geometry": null },
{ "type": "Feature", "properties": { "Field1": "17952", "Field2": "Y", "Field3": "SEA", "Field4": "1254923.7", "Field5": "256480.1", "Field6": "NO", "Field7": "ACT", "Field8": "NO", "Field9": "NW 87th St", "Field10": "98117", "Field11": "17E", "Field12": "Golden Gardens Dr NW", "Field13": "0", "Field14": "Golden Gardens Dr NW & NW 87th St", "Field15": 0 }, "geometry": null },
{ "type": "Feature", "properties": { "Field1": "17960", "Field2": "Y", "Field3": "SEA", "Field4": "1255006.3999999999", "Field5": "255658.8", "Field6": "YES", "Field7": "ACT", "Field8": "NO", "Field9": "NW 85th St", "Field10": "98117", "Field11": "17E", "Field12": "32nd Ave NW", "Field13": "1", "Field14": "32nd Ave NW & NW 85th St", "Field15": 3 }, "geometry": null },
{ "type": "Feature", "properties": { "Field1": "19270", "Field2": "Y", "Field3": "SEA", "Field4": "1257609.6000000001", "Field5": "253634.2", "Field6": "LTD", "Field7": "ACT", "Field8": "NO", "Field9": "NW 77th St", "Field10": "98117", "Field11": "40", "Field12": "24th Ave NW", "Field13": "1", "Field14": "24th Ave NW & NW 77th St", "Field15": 1 }, "geometry": null },
{ "type": "Feature", "properties": { "Field1": "19280", "Field2": "Y", "Field3": "SEA", "Field4": "1257602.3999999999", "Field5": "253000.2", "Field6": "YES", "Field7": "ACT", "Field8": "NO", "Field9": "NW 75th St", "Field10": "98117", "Field11": "40", "Field12": "24th Ave NW", "Field13": "0", "Field14": "24th Ave NW & NW 75th St", "Field15": 2 }, "geometry": null },
{ "type": "Feature", "properties": { "Field1": "19490", "Field2": "Y", "Field3": "SEA", "Field4": "1262377.3999999999", "Field5": "231830.6", "Field6": "YES", "Field7": "ACT", "Field8": "NO", "Field9": "W Mercer St", "Field10": "98119", "Field11": "24 33", "Field12": "Elliott Ave W", "Field13": "0", "Field14": "Elliott Ave W & W Mercer St", "Field15": 2 }, "geometry": null },
{ "type": "Feature", "properties": { "Field1": "19500", "Field2": "Y", "Field3": "SEA", "Field4": "1262000.3999999999", "Field5": "232252", "Field6": "YES", "Field7": "ACT", "Field8": "NO", "Field9": "W Mercer Pl", "Field10": "98119", "Field11": "24 33", "Field12": "Elliott Ave W", "Field13": "0", "Field14": "Elliott Ave W & W Mercer Pl", "Field15": 2 }, "geometry": null },
{ "type": "Feature", "properties": { "Field1": "19510", "Field2": "Y", "Field3": "SEA", "Field4": "1257501.7", "Field5": "248370.5", "Field6": "YES", "Field7": "ACT", "Field8": "NO", "Field9": "NW 57th St", "Field10": "98107", "Field11": "40", "Field12": "24th Ave NW", "Field13": "0", "Field14": "24th Ave NW & NW 57th St", "Field15": 2 }, "geometry": null },
{ "type": "Feature", "properties": { "Field1": "21380", "Field2": "Y", "Field3": "SEA", "Field4": "1264491.3", "Field5": "196505.1", "Field6": "YES", "Field7": "ACT", "Field8": "NO", "Field9": "SW Thistle St", "Field10": "98106", "Field11": "125 128", "Field12": "16th Ave SW", "Field13": "1", "Field14": "16th Ave SW & SW Thistle St", "Field15": 3 }, "geometry": null },
{ "type": "Feature", "properties": { "Field1": "21400", "Field2": "Y", "Field3": "SEA", "Field4": "1264521.8", "Field5": "197816.2", "Field6": "YES", "Field7": "ACT", "Field8": "NO", "Field9": "SW Kenyon St", "Field10": "98106", "Field11": "125 128", "Field12": "16th Ave SW", "Field13": "0", "Field14": "16th Ave SW & SW Kenyon St", "Field15": 2 }, "geometry": null },
{ "type": "Feature", "properties": { "Field1": "21410", "Field2": "Y", "Field3": "SEA", "Field4": "1264534.2", "Field5": "198327.1", "Field6": "YES", "Field7": "ACT", "Field8": "NO", "Field9": "SW Holden St", "Field10": "98106", "Field11": "125 128", "Field12": "16th Ave SW", "Field13": "1", "Field14": "16th Ave SW & SW Holden St", "Field15": 3 }, "geometry": null },
{ "type": "Feature", "properties": { "Field1": "21420", "Field2": "Y", "Field3": "SEA", "Field4": "1264173.7", "Field5": "198718.7", "Field6": "NO", "Field7": "ACT", "Field8": "NO", "Field9": "SW Austin St", "Field10": "98106", "Field11": "128", "Field12": "Dumar Way SW", "Field13": "0", "Field14": "Dumar Way SW & SW Austin St", "Field15": 0 }, "geometry": null },
{ "type": "Feature", "properties": { "Field1": "21430", "Field2": "Y", "Field3": "SEA", "Field4": "1263743.5", "Field5": "199830.5", "Field6": "NO", "Field7": "ACT", "Field8": "NO", "Field9": "SW Orchard St", "Field10": "98106", "Field11": "128", "Field12": "Dumar Way SW", "Field13": "0", "Field14": "Dumar Way SW & SW Orchard St", "Field15": 0 }, "geometry": null },
{ "type": "Feature", "properties": { "Field1": "21440", "Field2": "Y", "Field3": "SEA", "Field4": "1263168.7", "Field5": "199961.60000000001", "Field6": "YES", "Field7": "ACT", "Field8": "NO", "Field9": "Delridge Way SW", "Field10": "98106", "Field11": "128", "Field12": "SW Orchard St", "Field13": "0", "Field14": "SW Orchard St & Delridge Way SW", "Field15": 2 }, "geometry": null },
{ "type": "Feature", "properties": { "Field1": "21450", "Field2": "Y", "Field3": "SEA", "Field4": "1263121.1000000001", "Field5": "200449.6", "Field6": "YES", "Field7": "ACT", "Field8": "NO", "Field9": "SW Myrtle St", "Field10": "98106", "Field11": "H", "Field12": "Delridge Way SW", "Field13": "1", "Field14": "Delridge Way SW & SW Myrtle St", "Field15": 3 }, "geometry": null },
{ "type": "Feature", "properties": { "Field1": "22300", "Field2": "Y", "Field3": "SEA", "Field4": "1257694.2", "Field5": "191253.7", "Field6": "YES", "Field7": "ACT", "Field8": "NO", "Field9": "39th Ave SW", "Field10": "98136", "Field11": "21E 22", "Field12": "SW 100th St", "Field13": "0", "Field14": "SW 100th St & 39th Ave SW", "Field15": 2 }, "geometry": null },
{ "type": "Feature", "properties": { "Field1": "22320", "Field2": "Y", "Field3": "SEA", "Field4": "1257048.1000000001", "Field5": "191271.6", "Field6": "YES", "Field7": "ACT", "Field8": "NO", "Field9": "41st Ave SW", "Field10": "98136", "Field11": "21E 22", "Field12": "SW 100th St", "Field13": "0", "Field14": "SW 100th St & 41st Ave SW", "Field15": 2 }, "geometry": null },
{ "type": "Feature", "properties": { "Field1": "22330", "Field2": "Y", "Field3": "SEA", "Field4": "1256719.8", "Field5": "191280.7", "Field6": "YES", "Field7": "ACT", "Field8": "NO", "Field9": "42nd Ave SW", "Field10": "98146", "Field11": "21E 22", "Field12": "SW 100th St", "Field13": "0", "Field14": "SW 100th St & 42nd Ave SW", "Field15": 2 }, "geometry": null },
{ "type": "Feature", "properties": { "Field1": "22340", "Field2": "Y", "Field3": "SEA", "Field4": "1256098.5", "Field5": "191194.8", "Field6": "YES", "Field7": "ACT", "Field8": "NO", "Field9": "SW 100th St", "Field10": "98146", "Field11": "21E 22", "Field12": "44th Ave SW", "Field13": "0", "Field14": "44th Ave SW & SW 100th St", "Field15": 2 }, "geometry": null },
{ "type": "Feature", "properties": { "Field1": "22360", "Field2": "Y", "Field3": "SEA", "Field4": "1256045.3", "Field5": "190211.7", "Field6": "YES", "Field7": "ACT", "Field8": "NO", "Field9": "Marine View Dr SW", "Field10": "98146", "Field11": "21E 22", "Field12": "44th Ave SW", "Field13": "0", "Field14": "44th Ave SW & Marine View Dr SW", "Field15": 2 }, "geometry": null },
{ "type": "Feature", "properties": { "Field1": "22370", "Field2": "Y", "Field3": "SEA", "Field4": "1256191.3999999999", "Field5": "189907.4", "Field6": "YES", "Field7": "ACT", "Field8": "NO", "Field9": "SW 104th St", "Field10": "98146", "Field11": "21E 22", "Field12": "Marine View Dr SW", "Field13": "0", "Field14": "Marine View Dr SW & SW 104th St", "Field15": 2 }, "geometry": null },
{ "type": "Feature", "properties": { "Field1": "23920", "Field2": "Y", "Field3": "SEA", "Field4": "1278892.6000000001", "Field5": "246280.6", "Field6": "YES", "Field7": "ACT", "Field8": "NO", "Field9": "NE Blakeley St", "Field10": "98105", "Field11": "372E 988EN", "Field12": "25th Ave NE", "Field13": "1", "Field14": "25th Ave NE & NE Blakeley St", "Field15": 3 }, "geometry": null },
{ "type": "Feature", "properties": { "Field1": "23925", "Field2": "Y", "Field3": "SEA", "Field4": "1278802.6000000001", "Field5": "245257.60000000001", "Field6": "YES", "Field7": "ACT", "Field8": "NO", "Field9": "NE 47th St", "Field10": "98105", "Field11": "372E", "Field12": "25th Ave NE", "Field13": "1", "Field14": "25th Ave NE & NE 47th St", "Field15": 3 }, "geometry": null },
{ "type": "Feature", "properties": { "Field1": "24250", "Field2": "Y", "Field3": "SEA", "Field4": "1253973.5", "Field5": "237369.1", "Field6": "YES", "Field7": "ACT", "Field8": "NO", "Field9": "W McGraw St", "Field10": "98199", "Field11": "24 31", "Field12": "34th Ave W", "Field13": "0", "Field14": "34th Ave W & W McGraw St", "Field15": 2 }, "geometry": null },
{ "type": "Feature", "properties": { "Field1": "18740", "Field2": "Y", "Field3": "SEA", "Field4": "1257850.1000000001", "Field5": "247773.5", "Field6": "YES", "Field7": "ACT", "Field8": "NO", "Field9": "Ballard Ave NW", "Field10": "98107", "Field11": "17E 40 44", "Field12": "NW Market St", "Field13": "2", "Field14": "NW Market St & Ballard Ave NW", "Field15": 3 }, "geometry": null },
{ "type": "Feature", "properties": { "Field1": "20620", "Field2": "Y", "Field3": "SEA", "Field4": "1252455.5", "Field5": "236884.9", "Field6": "YES", "Field7": "ACT", "Field8": "NO", "Field9": "Montavista Pl W", "Field10": "98199", "Field11": "24", "Field12": "West Viewmont Way W", "Field13": "0", "Field14": "West Viewmont Way W & Montavista Pl W", "Field15": 2 }, "geometry": null },
{ "type": "Feature", "properties": { "Field1": "20630", "Field2": "Y", "Field3": "SEA", "Field4": "1252683.6000000001", "Field5": "236464.1", "Field6": "YES", "Field7": "ACT", "Field8": "NO", "Field9": "Constance Dr W", "Field10": "98199", "Field11": "24", "Field12": "West Viewmont Way W", "Field13": "0", "Field14": "West Viewmont Way W & Constance Dr W", "Field15": 2 }, "geometry": null },
{ "type": "Feature", "properties": { "Field1": "20640", "Field2": "Y", "Field3": "SEA", "Field4": "1253215.5", "Field5": "236532.6", "Field6": "YES", "Field7": "ACT", "Field8": "NO", "Field9": "Edgemont Pl W", "Field10": "98199", "Field11": "24", "Field12": "Viewmont Way W", "Field13": "0", "Field14": "Viewmont Way W & Edgemont Pl W", "Field15": 2 }, "geometry": null },
{ "type": "Feature", "properties": { "Field1": "20670", "Field2": "Y", "Field3": "SEA", "Field4": "1254735.6000000001", "Field5": "237211.9", "Field6": "YES", "Field7": "ACT", "Field8": "NO", "Field9": "32nd Ave W", "Field10": "98199", "Field11": "31", "Field12": "W McGraw St", "Field13": "1", "Field14": "W McGraw St & 32nd Ave W", "Field15": 3 }, "geometry": null },
{ "type": "Feature", "properties": { "Field1": "20680", "Field2": "Y", "Field3": "SEA", "Field4": "1255265.1000000001", "Field5": "236561.4", "Field6": "YES", "Field7": "ACT", "Field8": "NO", "Field9": "W Crockett St", "Field10": "98199", "Field11": "31", "Field12": "Condon Way W", "Field13": "0", "Field14": "Condon Way W & W Crockett St", "Field15": 2 }, "geometry": null },
{ "type": "Feature", "properties": { "Field1": "20700", "Field2": "Y", "Field3": "SEA", "Field4": "1255892.8", "Field5": "235480.8", "Field6": "YES", "Field7": "ACT", "Field8": "NO", "Field9": "W Blaine St", "Field10": "98199", "Field11": "24 31 33", "Field12": "28th Ave W", "Field13": "1", "Field14": "28th Ave W & W Blaine St", "Field15": 3 }, "geometry": null },
{ "type": "Feature", "properties": { "Field1": "22160", "Field2": "Y", "Field3": "SEA", "Field4": "1263208.8", "Field5": "199956", "Field6": "YES", "Field7": "ACT", "Field8": "NO", "Field9": "Delridge Way SW", "Field10": "98106", "Field11": "128", "Field12": "SW Orchard St", "Field13": "0", "Field14": "SW Orchard St & Delridge Way SW", "Field15": 2 }, "geometry": null },
{ "type": "Feature", "properties": { "Field1": "20741", "Field2": "Y", "Field3": "SEA", "Field4": "1265849.7", "Field5": "228645.5", "Field6": "YES", "Field7": "ACT", "Field8": "NO", "Field9": "Broad St", "Field10": "98121", "Field12": "1st Ave", "Field13": "0", "Field14": "1st Ave & Broad St", "Field15": 2 }, "geometry": null },
{ "type": "Feature", "properties": { "Field1": "22200", "Field2": "Y", "Field3": "SEA", "Field4": "1264517.6000000001", "Field5": "197641", "Field6": "YES", "Field7": "ACT", "Field8": "NO", "Field9": "SW Kenyon St", "Field10": "98106", "Field11": "125 128", "Field12": "16th Ave SW", "Field13": "0", "Field14": "16th Ave SW & SW Kenyon St", "Field15": 2 }, "geometry": null },
{ "type": "Feature", "properties": { "Field1": "22220", "Field2": "Y", "Field3": "SEA", "Field4": "1264487.2", "Field5": "196333.1", "Field6": "YES", "Field7": "ACT", "Field8": "NO", "Field9": "SW Thistle St", "Field10": "98106", "Field11": "125 128", "Field12": "16th Ave SW", "Field13": "0", "Field14": "16th Ave SW & SW Thistle St", "Field15": 2 }, "geometry": null },
{ "type": "Feature", "properties": { "Field1": "20910", "Field2": "Y", "Field3": "SEA", "Field4": "1255309.3999999999", "Field5": "236467.3", "Field6": "YES", "Field7": "ACT", "Field8": "NO", "Field9": "W Crockett St", "Field10": "98199", "Field11": "31", "Field12": "Condon Way W", "Field13": "0", "Field14": "Condon Way W & W Crockett St", "Field15": 2 }, "geometry": null },
{ "type": "Feature", "properties": { "Field1": "22252", "Field2": "Y", "Field3": "SEA", "Field4": "1263283.8", "Field5": "194332.3", "Field6": "YES", "Field7": "ACT", "Field8": "NO", "Field9": "SW Henderson St", "Field10": "98106", "Field11": "128 60", "Field12": "Delridge Way SW", "Field13": "1", "Field14": "Delridge Way SW & SW Henderson St", "Field15": 3 }, "geometry": null },
{ "type": "Feature", "properties": { "Field1": "22253", "Field2": "Y", "Field3": "SEA", "Field4": "1263644.1000000001", "Field5": "193712.4", "Field6": "YES", "Field7": "ACT", "Field8": "NO", "Field9": "SW Barton St", "Field10": "98106", "Field11": "128 60", "Field12": "Delridge Way SW", "Field13": "0", "Field14": "Delridge Way SW & SW Barton St", "Field15": 2 }, "geometry": null },
{ "type": "Feature", "properties": { "Field1": "22255", "Field2": "Y", "Field3": "SEA", "Field4": "1264225.5", "Field5": "192443.1", "Field6": "YES", "Field7": "ACT", "Field8": "NO", "Field9": "Delridge Way SW", "Field10": "98106", "Field11": "113", "Field12": "SW Roxbury St", "Field13": "0", "Field14": "SW Roxbury St & Delridge Way SW", "Field15": 2 }, "geometry": null },
{ "type": "Feature", "properties": { "Field1": "22256", "Field2": "Y", "Field3": "SEA", "Field4": "1263458.3999999999", "Field5": "192455.2", "Field6": "YES", "Field7": "ACT", "Field8": "NO", "Field9": "20th Ave SW", "Field10": "98106", "Field11": "113 H", "Field12": "SW Roxbury St", "Field13": "1", "Field14": "SW Roxbury St & 20th Ave SW", "Field15": 3 }, "geometry": null },
{ "type": "Feature", "properties": { "Field1": "22259", "Field2": "Y", "Field3": "SEA", "Field4": "1261819.8999999999", "Field5": "192487.9", "Field6": "YES", "Field7": "ACT", "Field8": "NO", "Field9": "26th Ave SW", "Field10": "98106", "Field11": "H", "Field12": "SW Roxbury St", "Field13": "1", "Field14": "SW Roxbury St & 26th Ave SW", "Field15": 3 }, "geometry": null },
{ "type": "Feature", "properties": { "Field1": "22260", "Field2": "Y", "Field3": "SEA", "Field4": "1261201.5", "Field5": "192509.2", "Field6": "YES", "Field7": "ACT", "Field8": "NO", "Field9": "28th Ave SW", "Field10": "98126", "Field11": "21 22 C", "Field12": "SW Roxbury St", "Field13": "1", "Field14": "SW Roxbury St & 28th Ave SW", "Field15": 3 }, "geometry": null },
{ "type": "Feature", "properties": { "Field1": "22261", "Field2": "Y", "Field3": "SEA", "Field4": "1260260.8999999999", "Field5": "192543.6", "Field6": "YES", "Field7": "ACT", "Field8": "NO", "Field9": "30th Ave SW", "Field10": "98126", "Field11": "21 22", "Field12": "SW Roxbury St", "Field13": "0", "Field14": "SW Roxbury St & 30th Ave SW", "Field15": 2 }, "geometry": null },
{ "type": "Feature", "properties": { "Field1": "20580", "Field2": "Y", "Field3": "SEA", "Field4": "1251885.3", "Field5": "239270.8", "Field6": "YES", "Field7": "ACT", "Field8": "NO", "Field9": "W Armour St", "Field10": "98199", "Field11": "24", "Field12": "West Viewmont Way W", "Field13": "0", "Field14": "West Viewmont Way W & W Armour St", "Field15": 2 }, "geometry": null },
{ "type": "Feature", "properties": { "Field1": "20590", "Field2": "Y", "Field3": "SEA", "Field4": "1251864.2", "Field5": "238628.6", "Field6": "YES", "Field7": "ACT", "Field8": "NO", "Field9": "W Raye St", "Field10": "98199", "Field11": "24", "Field12": "West Viewmont Way W", "Field13": "0", "Field14": "West Viewmont Way W & W Raye St", "Field15": 2 }, "geometry": null },
{ "type": "Feature", "properties": { "Field1": "20600", "Field2": "Y", "Field3": "SEA", "Field4": "1251842.5", "Field5": "237942", "Field6": "YES", "Field7": "ACT", "Field8": "NO", "Field9": "42nd Ave W", "Field10": "98199", "Field11": "24", "Field12": "West Viewmont Way W", "Field13": "0", "Field14": "West Viewmont Way W & 42nd Ave W", "Field15": 2 }, "geometry": null },
{ "type": "Feature", "properties": { "Field1": "20610", "Field2": "Y", "Field3": "SEA", "Field4": "1251892.6000000001", "Field5": "237544.1", "Field6": "YES", "Field7": "ACT", "Field8": "NO", "Field9": "W Parkmont Pl", "Field10": "98199", "Field11": "24", "Field12": "West Viewmont Way W", "Field13": "1", "Field14": "West Viewmont Way W & W Parkmont Pl", "Field15": 3 }, "geometry": null },
{ "type": "Feature", "properties": { "Field1": "22099", "Field2": "Y", "Field3": "SEA", "Field4": "1262678.8999999999", "Field5": "203211.2", "Field6": "YES", "Field7": "ACT", "Field8": "NO", "Field9": "SW Graham St", "Field10": "98106", "Field11": "H", "Field12": "Delridge Way SW", "Field13": "1", "Field14": "Delridge Way SW & SW Graham St", "Field15": 3 }, "geometry": null },
{ "type": "Feature", "properties": { "Field1": "22120", "Field2": "Y", "Field3": "SEA", "Field4": "1263077.1000000001", "Field5": "201813.7", "Field6": "YES", "Field7": "ACT", "Field8": "NO", "Field9": "SW Holly St", "Field10": "98106", "Field11": "H", "Field12": "Delridge Way SW", "Field13": "1", "Field14": "Delridge Way SW & SW Holly St", "Field15": 3 }, "geometry": null },
{ "type": "Feature", "properties": { "Field1": "22152", "Field2": "Y", "Field3": "SEA", "Field4": "1263095.3999999999", "Field5": "200210.6", "Field6": "YES", "Field7": "ACT", "Field8": "NO", "Field9": "SW Myrtle St", "Field10": "98106", "Field11": "H", "Field12": "Delridge Way SW", "Field13": "1", "Field14": "Delridge Way SW & SW Myrtle St", "Field15": 3 }, "geometry": null },
{ "type": "Feature", "properties": { "Field1": "22165", "Field2": "Y", "Field3": "SEA", "Field4": "1263154.1000000001", "Field5": "196359.6", "Field6": "YES", "Field7": "ACT", "Field8": "NO", "Field9": "SW Thistle St", "Field10": "98106", "Field11": "22 H", "Field12": "Delridge Way SW", "Field13": "1", "Field14": "Delridge Way SW & SW Thistle St", "Field15": 3 }, "geometry": null },
{ "type": "Feature", "properties": { "Field1": "22170", "Field2": "Y", "Field3": "SEA", "Field4": "1263667.8", "Field5": "199878.7", "Field6": "LTD", "Field7": "ACT", "Field8": "NO", "Field9": "SW Orchard St", "Field10": "98106", "Field11": "128", "Field12": "Dumar Way SW", "Field13": "0", "Field14": "Dumar Way SW & SW Orchard St", "Field15": 0 }, "geometry": null },
{ "type": "Feature", "properties": { "Field1": "22174", "Field2": "Y", "Field3": "SEA", "Field4": "1263109.5", "Field5": "194504.3", "Field6": "YES", "Field7": "ACT", "Field8": "NO", "Field9": "SW Henderson St", "Field10": "98106", "Field11": "22 H", "Field12": "21st Ave SW", "Field13": "0", "Field14": "21st Ave SW & SW Henderson St", "Field15": 2 }, "geometry": null },
{ "type": "Feature", "properties": { "Field1": "22180", "Field2": "Y", "Field3": "SEA", "Field4": "1264188", "Field5": "198715.3", "Field6": "LTD", "Field7": "ACT", "Field8": "NO", "Field9": "Dumar Way SW", "Field10": "98106", "Field11": "128", "Field12": "SW Austin St", "Field13": "0", "Field14": "SW Austin St & Dumar Way SW", "Field15": 0 }, "geometry": null },
{ "type": "Feature", "properties": { "Field1": "22184", "Field2": "Y", "Field3": "SEA", "Field4": "1263148.3999999999", "Field5": "194602.2", "Field6": "YES", "Field7": "ACT", "Field8": "NO", "Field9": "SW Henderson St", "Field10": "98106", "Field11": "125 22 60 H", "Field12": "Delridge Way SW", "Field13": "1", "Field14": "Delridge Way SW & SW Henderson St", "Field15": 3 }, "geometry": null },
{ "type": "Feature", "properties": { "Field1": "22190", "Field2": "Y", "Field3": "SEA", "Field4": "1264533.5", "Field5": "198297.1", "Field6": "YES", "Field7": "ACT", "Field8": "NO", "Field9": "SW Holden St", "Field10": "98106", "Field11": "125 128", "Field12": "16th Ave SW", "Field13": "0", "Field14": "16th Ave SW & SW Holden St", "Field15": 2 }, "geometry": null },
{ "type": "Feature", "properties": { "Field1": "22196", "Field2": "Y", "Field3": "SEA", "Field4": "1263149.5", "Field5": "196162.5", "Field6": "UNK", "Field7": "ACT", "Field8": "NO", "Field9": "SW Thistle St", "Field10": "98106", "Field11": "H", "Field12": "Delridge Way SW", "Field13": "0", "Field14": "Delridge Way SW & SW Thistle St", "Field15": 0 }, "geometry": null },
{ "type": "Feature", "properties": { "Field1": "22242", "Field2": "Y", "Field3": "SEA", "Field4": "1263987.8", "Field5": "194452.8", "Field6": "YES", "Field7": "ACT", "Field8": "NO", "Field9": "17th Ave SW", "Field10": "98106", "Field11": "125", "Field12": "SW Henderson St", "Field13": "0", "Field14": "SW Henderson St & 17th Ave SW", "Field15": 2 }, "geometry": null },
{ "type": "Feature", "properties": { "Field1": "23770", "Field2": "Y", "Field3": "SEA", "Field4": "1273615.6000000001", "Field5": "261157", "Field6": "YES", "Field7": "ACT", "Field8": "NO", "Field9": "NE 106th St", "Field10": "98125", "Field11": "322 348 61 67 75", "Field12": "5th Ave NE", "Field13": "0", "Field14": "5th Ave NE & NE 106th St", "Field15": 2 }, "geometry": null },
{ "type": "Feature", "properties": { "Field1": "23785", "Field2": "Y", "Field3": "SEA", "Field4": "1273614.2", "Field5": "262465.8", "Field6": "YES", "Field7": "ACT", "Field8": "NO", "Field9": "NE 112th St", "Field10": "98125", "Field11": "75", "Field12": "5th Ave NE", "Field13": "1", "Field14": "5th Ave NE & NE 112th St", "Field15": 3 }, "geometry": null },
{ "type": "Feature", "properties": { "Field1": "23872", "Field2": "Y", "Field3": "SEA", "Field4": "1274692.8", "Field5": "265966.3", "Field6": "YES", "Field7": "ACT", "Field8": "NO", "Field9": "Roosevelt Way NE", "Field10": "98125", "Field11": "75", "Field12": "NE 125th St", "Field13": "1", "Field14": "NE 125th St & Roosevelt Way NE", "Field15": 3 }, "geometry": null },
{ "type": "Feature", "properties": { "Field1": "23890", "Field2": "Y", "Field3": "SEA", "Field4": "1278981.8999999999", "Field5": "253719.3", "Field6": "YES", "Field7": "ACT", "Field8": "NO", "Field9": "NE 80th St", "Field10": "98115", "Field11": "372E", "Field12": "25th Ave NE", "Field13": "1", "Field14": "25th Ave NE & NE 80th St", "Field15": 3 }, "geometry": null },
{ "type": "Feature", "properties": { "Field1": "23895", "Field2": "Y", "Field3": "SEA", "Field4": "1278979.3999999999", "Field5": "252518.3", "Field6": "YES", "Field7": "ACT", "Field8": "NO", "Field9": "NE 75th St", "Field10": "98115", "Field11": "372E", "Field12": "25th Ave NE", "Field13": "1", "Field14": "25th Ave NE & NE 75th St", "Field15": 3 }, "geometry": null },
{ "type": "Feature", "properties": { "Field1": "23905", "Field2": "Y", "Field3": "SEA", "Field4": "1278960.8", "Field5": "250128.6", "Field6": "YES", "Field7": "ACT", "Field8": "NO", "Field9": "NE 65th St", "Field10": "98115", "Field11": "372E", "Field12": "25th Ave NE", "Field13": "1", "Field14": "25th Ave NE & NE 65th St", "Field15": 3 }, "geometry": null },
{ "type": "Feature", "properties": { "Field1": "23910", "Field2": "Y", "Field3": "SEA", "Field4": "1278931.5", "Field5": "248525.1", "Field6": "LTD", "Field7": "ACT", "Field8": "NO", "Field9": "NE 60th St", "Field10": "98105", "Field11": "372E", "Field12": "25th Ave NE", "Field13": "0", "Field14": "25th Ave NE & NE 60th St", "Field15": 0 }, "geometry": null },
{ "type": "Feature", "properties": { "Field1": "23915", "Field2": "Y", "Field3": "SEA", "Field4": "1278911.3999999999", "Field5": "247218.3", "Field6": "YES", "Field7": "ACT", "Field8": "NO", "Field9": "NE 55th St", "Field10": "98105", "Field11": "372E", "Field12": "25th Ave NE", "Field13": "0", "Field14": "25th Ave NE & NE 55th St", "Field15": 2 }, "geometry": null },
{ "type": "Feature", "properties": { "Field1": "22158", "Field2": "Y", "Field3": "SEA", "Field4": "1263201.1000000001", "Field5": "198303.6", "Field6": "YES", "Field7": "ACT", "Field8": "NO", "Field9": "SW Holden St", "Field10": "98106", "Field11": "H", "Field12": "Delridge Way SW", "Field13": "1", "Field14": "Delridge Way SW & SW Holden St", "Field15": 3 }, "geometry": null },
{ "type": "Feature", "properties": { "Field1": "23561", "Field2": "Y", "Field3": "SEA", "Field4": "1275263.5", "Field5": "250516.9", "Field6": "YES", "Field7": "ACT", "Field8": "NO", "Field9": "NE 67th St", "Field10": "98115", "Field11": "522E 67", "Field12": "12th Ave NE", "Field13": "1", "Field14": "12th Ave NE & NE 67th St", "Field15": 3 }, "geometry": null },
{ "type": "Feature", "properties": { "Field1": "23580", "Field2": "Y", "Field3": "SEA", "Field4": "1275289.6000000001", "Field5": "251472.7", "Field6": "YES", "Field7": "ACT", "Field8": "NO", "Field9": "NE 70th St", "Field10": "98115", "Field11": "67", "Field12": "12th Ave NE", "Field13": "0", "Field14": "12th Ave NE & NE 70th St", "Field15": 2 }, "geometry": null },
{ "type": "Feature", "properties": { "Field1": "23600", "Field2": "Y", "Field3": "SEA", "Field4": "1275313.3", "Field5": "252674.2", "Field6": "YES", "Field7": "ACT", "Field8": "NO", "Field9": "12th Ave NE", "Field10": "98115", "Field11": "67", "Field12": "NE 75th St", "Field13": "0", "Field14": "NE 75th St & 12th Ave NE", "Field15": 2 }, "geometry": null },
{ "type": "Feature", "properties": { "Field1": "23750", "Field2": "Y", "Field3": "SEA", "Field4": "1273608.8", "Field5": "260179.5", "Field6": "LTD", "Field7": "ACT", "Field8": "NO", "Field9": "NE 103rd St", "Field10": "98125", "Field11": "322 348 61 67 75", "Field12": "5th Ave NE", "Field13": "1", "Field14": "5th Ave NE & NE 103rd St", "Field15": 1 }, "geometry": null },
{ "type": "Feature", "properties": { "Field1": "23800", "Field2": "Y", "Field3": "SEA", "Field4": "1273614", "Field5": "263441.5", "Field6": "YES", "Field7": "ACT", "Field8": "NO", "Field9": "NE 115th St", "Field10": "98125", "Field11": "75", "Field12": "5th Ave NE", "Field13": "0", "Field14": "5th Ave NE & NE 115th St", "Field15": 2 }, "geometry": null },
{ "type": "Feature", "properties": { "Field1": "23820", "Field2": "Y", "Field3": "SEA", "Field4": "1273613.8", "Field5": "264766.59999999998", "Field6": "YES", "Field7": "ACT", "Field8": "NO", "Field9": "NE 120th St", "Field10": "98125", "Field11": "75", "Field12": "5th Ave NE", "Field13": "0", "Field14": "5th Ave NE & NE 120th St", "Field15": 2 }, "geometry": null },
{ "type": "Feature", "properties": { "Field1": "23831", "Field2": "Y", "Field3": "SEA", "Field4": "1273613.6000000001", "Field5": "265396.2", "Field6": "YES", "Field7": "ACT", "Field8": "NO", "Field9": "NE 123rd St", "Field10": "98125", "Field11": "75", "Field12": "5th Ave NE", "Field13": "0", "Field14": "5th Ave NE & NE 123rd St", "Field15": 2 }, "geometry": null },
{ "type": "Feature", "properties": { "Field1": "25790", "Field2": "Y", "Field3": "SEA", "Field4": "1279352.2", "Field5": "244517.8", "Field6": "YES", "Field7": "ACT", "Field8": "NO", "Field9": "NE 45th St", "Field10": "98195", "Field11": "65 75", "Field12": "Montlake Blvd NE", "Field13": "1", "Field14": "Montlake Blvd NE & NE 45th St", "Field15": 3 }, "geometry": null },
{ "type": "Feature", "properties": { "Field1": "25791", "Field2": "Y", "Field3": "SEA", "Field4": "1278810.7", "Field5": "245547.1", "Field6": "YES", "Field7": "ACT", "Field8": "NO", "Field9": "NE 47th St", "Field10": "98105", "Field11": "372E 988EN", "Field12": "25th Ave NE", "Field13": "1", "Field14": "25th Ave NE & NE 47th St", "Field15": 3 }, "geometry": null },
{ "type": "Feature", "properties": { "Field1": "25792", "Field2": "Y", "Field3": "SEA", "Field4": "1278903.1000000001", "Field5": "246660.1", "Field6": "YES", "Field7": "ACT", "Field8": "NO", "Field9": "NE Blakeley St", "Field10": "98105", "Field11": "372E", "Field12": "25th Ave NE", "Field13": "1", "Field14": "25th Ave NE & NE Blakeley St", "Field15": 3 }, "geometry": null },
{ "type": "Feature", "properties": { "Field1": "25793", "Field2": "Y", "Field3": "SEA", "Field4": "1278915.1000000001", "Field5": "247451", "Field6": "YES", "Field7": "ACT", "Field8": "NO", "Field9": "NE 55th St", "Field10": "98105", "Field11": "372E", "Field12": "25th Ave NE", "Field13": "0", "Field14": "25th Ave NE & NE 55th St", "Field15": 2 }, "geometry": null },
{ "type": "Feature", "properties": { "Field1": "25794", "Field2": "Y", "Field3": "SEA", "Field4": "1278934.3999999999", "Field5": "248710.8", "Field6": "LTD", "Field7": "ACT", "Field8": "NO", "Field9": "NE 60th St", "Field10": "98115", "Field11": "372E", "Field12": "25th Ave NE", "Field13": "0", "Field14": "25th Ave NE & NE 60th St", "Field15": 0 }, "geometry": null },
{ "type": "Feature", "properties": { "Field1": "25840", "Field2": "Y", "Field3": "SEA", "Field4": "1281482.2", "Field5": "247346.9", "Field6": "YES", "Field7": "ACT", "Field8": "NO", "Field9": "NE 55th St", "Field10": "98105", "Field11": "65", "Field12": "35th Ave NE", "Field13": "0", "Field14": "35th Ave NE & NE 55th St", "Field15": 2 }, "geometry": null },
{ "type": "Feature", "properties": { "Field1": "25860", "Field2": "Y", "Field3": "SEA", "Field4": "1281496.8", "Field5": "248641.2", "Field6": "YES", "Field7": "ACT", "Field8": "NO", "Field9": "NE 60th St", "Field10": "98115", "Field11": "65", "Field12": "35th Ave NE", "Field13": "0", "Field14": "35th Ave NE & NE 60th St", "Field15": 2 }, "geometry": null },
{ "type": "Feature", "properties": { "Field1": "25880", "Field2": "Y", "Field3": "SEA", "Field4": "1281511.5", "Field5": "249987.5", "Field6": "YES", "Field7": "ACT", "Field8": "NO", "Field9": "NE 65th St", "Field10": "98115", "Field11": "65", "Field12": "35th Ave NE", "Field13": "1", "Field14": "35th Ave NE & NE 65th St", "Field15": 3 }, "geometry": null },
{ "type": "Feature", "properties": { "Field1": "25890", "Field2": "Y", "Field3": "SEA", "Field4": "1281511.3", "Field5": "250635", "Field6": "YES", "Field7": "ACT", "Field8": "NO", "Field9": "NE 68th St", "Field10": "98115", "Field11": "65", "Field12": "35th Ave NE", "Field13": "0", "Field14": "35th Ave NE & NE 68th St", "Field15": 2 }, "geometry": null },
{ "type": "Feature", "properties": { "Field1": "25900", "Field2": "Y", "Field3": "SEA", "Field4": "1281511.3", "Field5": "251302.6", "Field6": "YES", "Field7": "ACT", "Field8": "NO", "Field9": "NE 70th St", "Field10": "98115", "Field11": "65", "Field12": "35th Ave NE", "Field13": "1", "Field14": "35th Ave NE & NE 70th St", "Field15": 3 }, "geometry": null },
{ "type": "Feature", "properties": { "Field1": "25920", "Field2": "Y", "Field3": "SEA", "Field4": "1281510.6000000001", "Field5": "252680.9", "Field6": "YES", "Field7": "ACT", "Field8": "NO", "Field9": "NE 75th St", "Field10": "98115", "Field11": "65", "Field12": "35th Ave NE", "Field13": "1", "Field14": "35th Ave NE & NE 75th St", "Field15": 3 }, "geometry": null },
{ "type": "Feature", "properties": { "Field1": "25940", "Field2": "Y", "Field3": "SEA", "Field4": "1281506.5", "Field5": "253967.4", "Field6": "LTD", "Field7": "ACT", "Field8": "NO", "Field9": "NE 80th St", "Field10": "98115", "Field11": "65", "Field12": "35th Ave NE", "Field13": "0", "Field14": "35th Ave NE & NE 80th St", "Field15": 0 }, "geometry": null },
{ "type": "Feature", "properties": { "Field1": "23610", "Field2": "Y", "Field3": "SEA", "Field4": "1274860.5", "Field5": "252860.2", "Field6": "YES", "Field7": "ACT", "Field8": "NO", "Field9": "NE 75th St", "Field10": "98115", "Field11": "67", "Field12": "Roosevelt Way NE", "Field13": "0", "Field14": "Roosevelt Way NE & NE 75th St", "Field15": 2 }, "geometry": null },
{ "type": "Feature", "properties": { "Field1": "25751", "Field2": "Y", "Field3": "SEA", "Field4": "1277831.8999999999", "Field5": "238523.8", "Field6": "YES", "Field7": "ACT", "Field8": "NO", "Field9": "SR 520", "Field10": "98112", "Field11": "43 48", "Field12": "Montlake Blvd E", "Field13": "0", "Field14": "Montlake Blvd E & SR 520", "Field15": 2 }, "geometry": null },
{ "type": "Feature", "properties": { "Field1": "25753", "Field2": "Y", "Field3": "SEA", "Field4": "1277903", "Field5": "238619.2", "Field6": "UNK", "Field7": "ACT", "Field8": "NO", "Field9": "Montlake Blvd E", "Field10": "98112", "Field11": "255 271 542E 556E", "Field12": "SR 520", "Field13": "0", "Field14": "SR 520 & Montlake Blvd E", "Field15": 0 }, "geometry": null },
{ "type": "Feature", "properties": { "Field1": "25754", "Field2": "Y", "Field3": "SEA", "Field4": "1277903", "Field5": "238619.2", "Field6": "UNK", "Field7": "ACT", "Field8": "NO", "Field9": "Montlake Blvd E", "Field10": "98112", "Field11": "255 271 542E 556E", "Field12": "SR 520", "Field13": "0", "Field14": "SR 520 & Montlake Blvd E", "Field15": 0 }, "geometry": null },
{ "type": "Feature", "properties": { "Field1": "25755", "Field2": "Y", "Field3": "SEA", "Field4": "1277909.7", "Field5": "240754.7", "Field6": "YES", "Field7": "ACT", "Field8": "NO", "Field9": "NE Pacific Pl", "Field10": "98195", "Field11": "255 542E 556E 982EN 986EN 988EN", "Field12": "Montlake Blvd NE", "Field13": "1", "Field14": "Montlake Blvd NE & NE Pacific Pl", "Field15": 3 }, "geometry": null },
{ "type": "Feature", "properties": { "Field1": "25765", "Field2": "Y", "Field3": "SEA", "Field4": "1278063.8", "Field5": "241134.7", "Field6": "YES", "Field7": "ACT", "Field8": "NO", "Field9": "NE Pacific Pl", "Field10": "98195", "Field11": "65", "Field12": "Montlake Blvd NE", "Field13": "1", "Field14": "Montlake Blvd NE & NE Pacific Pl", "Field15": 3 }, "geometry": null },
{ "type": "Feature", "properties": { "Field1": "121", "Field2": "Y", "Field3": "SEA", "Field4": "1278129.7", "Field5": "229348.4", "Field6": "YES", "Field7": "ACT", "Field8": "NO", "Field9": "23rd Ave E", "Field10": "98112", "Field11": "G", "Field12": "E Madison St", "Field13": "0", "Field14": "E Madison St & 23rd Ave E", "Field15": 2 }, "geometry": null },
{ "type": "Feature", "properties": { "Field1": "122", "Field2": "Y", "Field3": "SEA", "Field4": "1277577", "Field5": "228859.4", "Field6": "YES", "Field7": "ACT", "Field8": "NO", "Field9": "22nd Ave", "Field10": "98122", "Field11": "G", "Field12": "E Madison St", "Field13": "1", "Field14": "E Madison St & 22nd Ave", "Field15": 3 }, "geometry": null },
{ "type": "Feature", "properties": { "Field1": "123", "Field2": "Y", "Field3": "SEA", "Field4": "1276116.5", "Field5": "227997.5", "Field6": "YES", "Field7": "ACT", "Field8": "NO", "Field9": "17th Ave", "Field10": "98122", "Field11": "12 G", "Field12": "E Madison St", "Field13": "0", "Field14": "E Madison St & 17th Ave", "Field15": 2 }, "geometry": null },
{ "type": "Feature", "properties": { "Field1": "25795", "Field2": "Y", "Field3": "SEA", "Field4": "1278959.8999999999", "Field5": "250099.5", "Field6": "YES", "Field7": "ACT", "Field8": "NO", "Field9": "NE 65th St", "Field10": "98115", "Field11": "372E 988EN", "Field12": "25th Ave NE", "Field13": "1", "Field14": "25th Ave NE & NE 65th St", "Field15": 3 }, "geometry": null },
{ "type": "Feature", "properties": { "Field1": "25797", "Field2": "Y", "Field3": "SEA", "Field4": "1278979.7", "Field5": "252730.7", "Field6": "YES", "Field7": "ACT", "Field8": "NO", "Field9": "NE 75th St", "Field10": "98115", "Field11": "372E", "Field12": "25th Ave NE", "Field13": "0", "Field14": "25th Ave NE & NE 75th St", "Field15": 2 }, "geometry": null },
{ "type": "Feature", "properties": { "Field1": "260", "Field2": "Y", "Field3": "SEA", "Field4": "1268203.6000000001", "Field5": "226942.6", "Field6": "YES", "Field7": "ACT", "Field8": "NO", "Field9": "Lenora St", "Field10": "98121", "Field11": "113 162 177", "Field12": "2nd Ave", "Field13": "0", "Field14": "2nd Ave & Lenora St", "Field15": 2 }, "geometry": null },
{ "type": "Feature", "properties": { "Field1": "280", "Field2": "Y", "Field3": "SEA", "Field4": "1268758.7", "Field5": "226385.5", "Field6": "YES", "Field7": "ACT", "Field8": "NO", "Field9": "Stewart St", "Field10": "98101", "Field11": "111 212 218 256N 554E", "Field12": "2nd Ave", "Field13": "0", "Field14": "2nd Ave & Stewart St", "Field15": 2 }, "geometry": null },
{ "type": "Feature", "properties": { "Field1": "300", "Field2": "Y", "Field3": "SEA", "Field4": "1269190.7", "Field5": "225658.6", "Field6": "YES", "Field7": "ACT", "Field8": "NO", "Field9": "Pike St", "Field10": "98101", "Field11": "101 102 113 150 162 177", "Field12": "2nd Ave", "Field13": "2", "Field14": "2nd Ave & Pike St", "Field15": 3 }, "geometry": null },
{ "type": "Feature", "properties": { "Field1": "102", "Field2": "Y", "Field3": "SEA", "Field4": "1270461.7", "Field5": "225011", "Field6": "YES", "Field7": "ACT", "Field8": "NO", "Field9": "4th Ave", "Field10": "98104", "Field11": "2 G", "Field12": "Spring St", "Field13": "0", "Field14": "Spring St & 4th Ave", "Field15": 2 }, "geometry": null },
{ "type": "Feature", "properties": { "Field1": "103", "Field2": "Y", "Field3": "SEA", "Field4": "1271423.5", "Field5": "225580.3", "Field6": "YES", "Field7": "ACT", "Field8": "NO", "Field9": "8th Ave", "Field10": "98104", "Field11": "G", "Field12": "Spring St", "Field13": "0", "Field14": "Spring St & 8th Ave", "Field15": 2 }, "geometry": null },
{ "type": "Feature", "properties": { "Field1": "104", "Field2": "Y", "Field3": "SEA", "Field4": "1272253.3", "Field5": "225715.8", "Field6": "YES", "Field7": "ACT", "Field8": "NO", "Field9": "Terry Ave", "Field10": "98104", "Field11": "G", "Field12": "Madison St", "Field13": "0", "Field14": "Madison St & Terry Ave", "Field15": 2 }, "geometry": null },
{ "type": "Feature", "properties": { "Field1": "105", "Field2": "Y", "Field3": "SEA", "Field4": "1273094.8999999999", "Field5": "226214", "Field6": "YES", "Field7": "ACT", "Field8": "NO", "Field9": "Boylston Ave", "Field10": "98104", "Field11": "G", "Field12": "Madison St", "Field13": "0", "Field14": "Madison St & Boylston Ave", "Field15": 2 }, "geometry": null },
{ "type": "Feature", "properties": { "Field1": "106", "Field2": "Y", "Field3": "SEA", "Field4": "1274751.8", "Field5": "227192.8", "Field6": "YES", "Field7": "ACT", "Field8": "NO", "Field9": "12th Ave", "Field10": "98122", "Field11": "G", "Field12": "E Madison St", "Field13": "0", "Field14": "E Madison St & 12th Ave", "Field15": 2 }, "geometry": null },
{ "type": "Feature", "properties": { "Field1": "107", "Field2": "Y", "Field3": "SEA", "Field4": "1276288.7", "Field5": "228099.20000000001", "Field6": "YES", "Field7": "ACT", "Field8": "NO", "Field9": "17th Ave", "Field10": "98122", "Field11": "12 G", "Field12": "E Madison St", "Field13": "0", "Field14": "E Madison St & 17th Ave", "Field15": 2 }, "geometry": null },
{ "type": "Feature", "properties": { "Field1": "108", "Field2": "Y", "Field3": "SEA", "Field4": "1277725.6000000001", "Field5": "228959.6", "Field6": "YES", "Field7": "ACT", "Field8": "NO", "Field9": "22nd Ave", "Field10": "98112", "Field11": "G", "Field12": "E Madison St", "Field13": "1", "Field14": "E Madison St & 22nd Ave", "Field15": 3 }, "geometry": null },
{ "type": "Feature", "properties": { "Field1": "109", "Field2": "Y", "Field3": "SEA", "Field4": "1278617", "Field5": "229819.8", "Field6": "YES", "Field7": "ACT", "Field8": "NO", "Field9": "24th Ave E", "Field10": "98112", "Field11": "11 8 G", "Field12": "E Madison St", "Field13": "1", "Field14": "E Madison St & 24th Ave E", "Field15": 3 }, "geometry": null },
{ "type": "Feature", "properties": { "Field1": "111", "Field2": "Y", "Field3": "SEA", "Field4": "1279404.8999999999", "Field5": "230577.8", "Field6": "YES", "Field7": "ACT", "Field8": "NO", "Field9": "27th Ave E", "Field10": "98112", "Field11": "11 8 988EN G", "Field12": "E Madison St", "Field13": "1", "Field14": "E Madison St & 27th Ave E", "Field15": 3 }, "geometry": null },
{ "type": "Feature", "properties": { "Field1": "120", "Field2": "Y", "Field3": "SEA", "Field4": "1279531.6000000001", "Field5": "230699.8", "Field6": "YES", "Field7": "ACT", "Field8": "NO", "Field9": "28th Ave E", "Field10": "98112", "Field11": "11 8 988EN G", "Field12": "E Madison St", "Field13": "0", "Field14": "E Madison St & 28th Ave E", "Field15": 2 }, "geometry": null },
{ "type": "Feature", "properties": { "Field1": "124", "Field2": "Y", "Field3": "SEA", "Field4": "1274685", "Field5": "227153.5", "Field6": "YES", "Field7": "ACT", "Field8": "NO", "Field9": "12th Ave", "Field10": "98122", "Field11": "G", "Field12": "E Madison St", "Field13": "0", "Field14": "E Madison St & 12th Ave", "Field15": 2 }, "geometry": null },
{ "type": "Feature", "properties": { "Field1": "125", "Field2": "Y", "Field3": "SEA", "Field4": "1273158.7", "Field5": "226251.8", "Field6": "YES", "Field7": "ACT", "Field8": "NO", "Field9": "Boylston Ave", "Field10": "98104", "Field11": "G", "Field12": "Madison St", "Field13": "0", "Field14": "Madison St & Boylston Ave", "Field15": 2 }, "geometry": null },
{ "type": "Feature", "properties": { "Field1": "126", "Field2": "Y", "Field3": "SEA", "Field4": "1272259.3", "Field5": "225719.3", "Field6": "YES", "Field7": "ACT", "Field8": "NO", "Field9": "Terry Ave", "Field10": "98104", "Field11": "G", "Field12": "Madison St", "Field13": "0", "Field14": "Madison St & Terry Ave", "Field15": 2 }, "geometry": null },
{ "type": "Feature", "properties": { "Field1": "127", "Field2": "Y", "Field3": "SEA", "Field4": "1271540.5", "Field5": "225293.9", "Field6": "YES", "Field7": "ACT", "Field8": "NO", "Field9": "8th Ave", "Field10": "98104", "Field11": "G", "Field12": "Madison St", "Field13": "0", "Field14": "Madison St & 8th Ave", "Field15": 2 }, "geometry": null },
{ "type": "Feature", "properties": { "Field1": "128", "Field2": "Y", "Field3": "SEA", "Field4": "1270864.8999999999", "Field5": "224894", "Field6": "YES", "Field7": "ACT", "Field8": "NO", "Field9": "5th Ave", "Field10": "98104", "Field11": "G", "Field12": "Madison St", "Field13": "0", "Field14": "Madison St & 5th Ave", "Field15": 2 }, "geometry": null },
{ "type": "Feature", "properties": { "Field1": "129", "Field2": "Y", "Field3": "SEA", "Field4": "1270151.3", "Field5": "224471.6", "Field6": "YES", "Field7": "ACT", "Field8": "NO", "Field9": "3rd Ave", "Field10": "98104", "Field11": "G", "Field12": "Madison St", "Field13": "0", "Field14": "Madison St & 3rd Ave", "Field15": 2 }, "geometry": null },
{ "type": "Feature", "properties": { "Field1": "1120", "Field2": "Y", "Field3": "SEA", "Field4": "1269300.6000000001", "Field5": "226519.9", "Field6": "YES", "Field7": "ACT", "Field8": "NO", "Field9": "4th Ave", "Field10": "98101", "Field11": "10 11 12 162N 49", "Field12": "Pine St", "Field13": "0", "Field14": "Pine St & 4th Ave", "Field15": 2 }, "geometry": null },
{ "type": "Feature", "properties": { "Field1": "250", "Field2": "Y", "Field3": "SEA", "Field4": "1267543.5", "Field5": "227543.1", "Field6": "YES", "Field7": "ACT", "Field8": "NO", "Field9": "Bell St", "Field10": "98121", "Field11": "111 113 162 177 212", "Field12": "2nd Ave", "Field13": "0", "Field14": "2nd Ave & Bell St", "Field15": 2 }, "geometry": null },
{ "type": "Feature", "properties": { "Field1": "1195", "Field2": "Y", "Field3": "SEA", "Field4": "1270598.8999999999", "Field5": "226792.9", "Field6": "YES", "Field7": "ACT", "Field8": "NO", "Field9": "7th Ave", "Field10": "98101", "Field11": "10 11 12 3 49", "Field12": "Pike St", "Field13": "0", "Field14": "Pike St & 7th Ave", "Field15": 2 }, "geometry": null },
{ "type": "Feature", "properties": { "Field1": "1250", "Field2": "Y", "Field3": "SEA", "Field4": "1270116.7", "Field5": "225162.3", "Field6": "YES", "Field7": "ACT", "Field8": "NO", "Field9": "4th Ave", "Field10": "98101", "Field11": "13 2", "Field12": "Seneca St", "Field13": "0", "Field14": "Seneca St & 4th Ave", "Field15": 2 }, "geometry": null },
{ "type": "Feature", "properties": { "Field1": "1260", "Field2": "Y", "Field3": "SEA", "Field4": "1270898.6000000001", "Field5": "225625", "Field6": "YES", "Field7": "ACT", "Field8": "NO", "Field9": "6th Ave", "Field10": "98101", "Field11": "13 2 630", "Field12": "Seneca St", "Field13": "1", "Field14": "Seneca St & 6th Ave", "Field15": 3 }, "geometry": null },
{ "type": "Feature", "properties": { "Field1": "2262", "Field2": "Y", "Field3": "SEA", "Field4": "1271093.5", "Field5": "229202.3", "Field6": "YES", "Field7": "ACT", "Field8": "NO", "Field9": "Stewart St", "Field10": "98101", "Field11": "8", "Field12": "Denny Way", "Field13": "0", "Field14": "Denny Way & Stewart St", "Field15": 2 }, "geometry": null },
{ "type": "Feature", "properties": { "Field1": "2264", "Field2": "Y", "Field3": "SEA", "Field4": "1271954.3", "Field5": "229185.1", "Field6": "YES", "Field7": "ACT", "Field8": "NO", "Field9": "Melrose Ave", "Field10": "98102", "Field11": "8", "Field12": "E Denny Way", "Field13": "0", "Field14": "E Denny Way & Melrose Ave", "Field15": 2 }, "geometry": null },
{ "type": "Feature", "properties": { "Field1": "1085", "Field2": "Y", "Field3": "SEA", "Field4": "1270656.2", "Field5": "227321.7", "Field6": "YES", "Field7": "ACT", "Field8": "NO", "Field9": "9th Ave", "Field10": "98101", "Field11": "10 11 12 3 49", "Field12": "Pine St", "Field13": "0", "Field14": "Pine St & 9th Ave", "Field15": 2 }, "geometry": null },
{ "type": "Feature", "properties": { "Field1": "1110", "Field2": "Y", "Field3": "SEA", "Field4": "1269694", "Field5": "226752.9", "Field6": "YES", "Field7": "ACT", "Field8": "NO", "Field9": "5th Ave", "Field10": "98101", "Field11": "10 11 12 3 49", "Field12": "Pine St", "Field13": "0", "Field14": "Pine St & 5th Ave", "Field15": 2 }, "geometry": null },
{ "type": "Feature", "properties": { "Field1": "2090", "Field2": "Y", "Field3": "SEA", "Field4": "1261457.6000000001", "Field5": "234453", "Field6": "YES", "Field7": "ACT", "Field8": "NO", "Field9": "W Galer St", "Field10": "98119", "Field11": "1", "Field12": "10th Ave W", "Field13": "1", "Field14": "10th Ave W & W Galer St", "Field15": 3 }, "geometry": null },
{ "type": "Feature", "properties": { "Field1": "1130", "Field2": "Y", "Field3": "SEA", "Field4": "1268740.2", "Field5": "226187.9", "Field6": "YES", "Field7": "ACT", "Field8": "NO", "Field9": "2nd Ave", "Field10": "98101", "Field12": "Pine St", "Field13": "0", "Field14": "Pine St & 2nd Ave", "Field15": 2 }, "geometry": null },
{ "type": "Feature", "properties": { "Field1": "1180", "Field2": "Y", "Field3": "SEA", "Field4": "1269561.3999999999", "Field5": "226178.9", "Field6": "YES", "Field7": "ACT", "Field8": "NO", "Field9": "4th Ave", "Field10": "98101", "Field11": "10 11 12 3 49", "Field12": "Pike St", "Field13": "0", "Field14": "Pike St & 4th Ave", "Field15": 2 }, "geometry": null },
{ "type": "Feature", "properties": { "Field1": "1190", "Field2": "Y", "Field3": "SEA", "Field4": "1270139.3", "Field5": "226520.9", "Field6": "YES", "Field7": "ACT", "Field8": "NO", "Field9": "6th Ave", "Field10": "98101", "Field11": "10 11 12 3 49 550E", "Field12": "Pike St", "Field13": "0", "Field14": "Pike St & 6th Ave", "Field15": 2 }, "geometry": null },
{ "type": "Feature", "properties": { "Field1": "2200", "Field2": "Y", "Field3": "SEA", "Field4": "1264730.7", "Field5": "229607.9", "Field6": "YES", "Field7": "ACT", "Field8": "NO", "Field9": "W John St", "Field10": "98109", "Field11": "1 13 2 8 D", "Field12": "Queen Anne Ave N", "Field13": "2", "Field14": "Queen Anne Ave N & W John St", "Field15": 3 }, "geometry": null },
{ "type": "Feature", "properties": { "Field1": "1215", "Field2": "Y", "Field3": "SEA", "Field4": "1270158.5", "Field5": "226037.5", "Field6": "YES", "Field7": "ACT", "Field8": "NO", "Field9": "5th Ave", "Field10": "98101", "Field11": "550E", "Field12": "Union St", "Field13": "2", "Field14": "Union St & 5th Ave", "Field15": 3 }, "geometry": null },
{ "type": "Feature", "properties": { "Field1": "2244", "Field2": "Y", "Field3": "SEA", "Field4": "1265967.3999999999", "Field5": "229336", "Field6": "YES", "Field7": "ACT", "Field8": "NO", "Field9": "2nd Ave", "Field10": "98109", "Field11": "1 13 17E 2 24 33 8", "Field12": "Denny Way", "Field13": "2", "Field14": "Denny Way & 2nd Ave", "Field15": 3 }, "geometry": null },
{ "type": "Feature", "properties": { "Field1": "2245", "Field2": "Y", "Field3": "SEA", "Field4": "1266913.8999999999", "Field5": "229312", "Field6": "YES", "Field7": "ACT", "Field8": "NO", "Field9": "Cedar St", "Field10": "98109", "Field11": "8", "Field12": "Denny Way", "Field13": "1", "Field14": "Denny Way & Cedar St", "Field15": 3 }, "geometry": null },
{ "type": "Feature", "properties": { "Field1": "2275", "Field2": "Y", "Field3": "SEA", "Field4": "1272172.2", "Field5": "229179.9", "Field6": "YES", "Field7": "ACT", "Field8": "NO", "Field9": "Bellevue Ave", "Field10": "98122", "Field11": "8", "Field12": "E Denny Way", "Field13": "1", "Field14": "E Denny Way & Bellevue Ave", "Field15": 3 }, "geometry": null },
{ "type": "Feature", "properties": { "Field1": "2285", "Field2": "Y", "Field3": "SEA", "Field4": "1270281.3999999999", "Field5": "229230.7", "Field6": "YES", "Field7": "ACT", "Field8": "NO", "Field9": "Fairview Ave N", "Field10": "98109", "Field11": "8", "Field12": "Denny Way", "Field13": "0", "Field14": "Denny Way & Fairview Ave N", "Field15": 2 }, "geometry": null },
{ "type": "Feature", "properties": { "Field1": "2291", "Field2": "Y", "Field3": "SEA", "Field4": "1269148.2", "Field5": "229254.6", "Field6": "YES", "Field7": "ACT", "Field8": "NO", "Field9": "Westlake Ave N", "Field10": "98109", "Field11": "8", "Field12": "Denny Way", "Field13": "0", "Field14": "Denny Way & Westlake Ave N", "Field15": 2 }, "geometry": null },
{ "type": "Feature", "properties": { "Field1": "2300", "Field2": "Y", "Field3": "SEA", "Field4": "1266921.8999999999", "Field5": "229311.9", "Field6": "YES", "Field7": "ACT", "Field8": "NO", "Field9": "5th Ave N", "Field10": "98109", "Field11": "8", "Field12": "Denny Way", "Field13": "0", "Field14": "Denny Way & 5th Ave N", "Field15": 2 }, "geometry": null },
{ "type": "Feature", "properties": { "Field1": "2320", "Field2": "Y", "Field3": "SEA", "Field4": "1265656.3999999999", "Field5": "228818.9", "Field6": "YES", "Field7": "ACT", "Field8": "NO", "Field9": "Broad St", "Field10": "98121", "Field11": "1", "Field12": "1st Ave", "Field13": "0", "Field14": "1st Ave & Broad St", "Field15": 2 }, "geometry": null },
{ "type": "Feature", "properties": { "Field1": "3870", "Field2": "Y", "Field3": "SEA", "Field4": "1276535.3999999999", "Field5": "211224.5", "Field6": "YES", "Field7": "ACT", "Field8": "NO", "Field9": "VA Hospital AcRd", "Field10": "98108", "Field11": "36", "Field12": "Beacon Ave S", "Field13": "0", "Field14": "Beacon Ave S & VA Hospital AcRd", "Field15": 2 }, "geometry": null },
{ "type": "Feature", "properties": { "Field1": "3880", "Field2": "Y", "Field3": "SEA", "Field4": "1276720.3", "Field5": "210255.3", "Field6": "YES", "Field7": "ACT", "Field8": "NO", "Field9": "VA Hospital AcRd", "Field10": "98108", "Field11": "36", "Field12": "Beacon Ave S", "Field13": "0", "Field14": "Beacon Ave S & VA Hospital AcRd", "Field15": 2 }, "geometry": null },
{ "type": "Feature", "properties": { "Field1": "3881", "Field2": "Y", "Field3": "SEA", "Field4": "1276966", "Field5": "208968.7", "Field6": "YES", "Field7": "ACT", "Field8": "NO", "Field9": "VA Hospital AcRd", "Field10": "98108", "Field11": "36", "Field12": "Beacon Ave S", "Field13": "1", "Field14": "Beacon Ave S & VA Hospital AcRd", "Field15": 3 }, "geometry": null },
{ "type": "Feature", "properties": { "Field1": "2100", "Field2": "Y", "Field3": "SEA", "Field4": "1261531.2", "Field5": "233993", "Field6": "YES", "Field7": "ACT", "Field8": "NO", "Field9": "W Lee St", "Field10": "98119", "Field11": "1", "Field12": "Olympic Way W", "Field13": "1", "Field14": "Olympic Way W & W Lee St", "Field15": 3 }, "geometry": null },
{ "type": "Feature", "properties": { "Field1": "2110", "Field2": "Y", "Field3": "SEA", "Field4": "1261931.8999999999", "Field5": "233350.8", "Field6": "YES", "Field7": "ACT", "Field8": "NO", "Field9": "9th Ave W", "Field10": "98119", "Field11": "1", "Field12": "Olympic Way W", "Field13": "0", "Field14": "Olympic Way W & 9th Ave W", "Field15": 2 }, "geometry": null },
{ "type": "Feature", "properties": { "Field1": "2120", "Field2": "Y", "Field3": "SEA", "Field4": "1262494.1000000001", "Field5": "232711.3", "Field6": "NO", "Field7": "ACT", "Field8": "NO", "Field9": "7th Ave W", "Field10": "98119", "Field11": "1", "Field12": "W Olympic Pl", "Field13": "0", "Field14": "W Olympic Pl & 7th Ave W", "Field15": 0 }, "geometry": null },
{ "type": "Feature", "properties": { "Field1": "2130", "Field2": "Y", "Field3": "SEA", "Field4": "1263159.7", "Field5": "232364.6", "Field6": "YES", "Field7": "ACT", "Field8": "NO", "Field9": "5th Ave W", "Field10": "98119", "Field11": "1", "Field12": "W Olympic Pl", "Field13": "0", "Field14": "W Olympic Pl & 5th Ave W", "Field15": 2 }, "geometry": null },
{ "type": "Feature", "properties": { "Field1": "2140", "Field2": "Y", "Field3": "SEA", "Field4": "1263906.1000000001", "Field5": "232345.8", "Field6": "YES", "Field7": "ACT", "Field8": "NO", "Field9": "3rd Ave W", "Field10": "98119", "Field11": "1", "Field12": "W Olympic Pl", "Field13": "0", "Field14": "W Olympic Pl & 3rd Ave W", "Field15": 2 }, "geometry": null },
{ "type": "Feature", "properties": { "Field1": "2180", "Field2": "Y", "Field3": "SEA", "Field4": "1264755.8", "Field5": "230544.6", "Field6": "YES", "Field7": "ACT", "Field8": "NO", "Field9": "W Harrison St", "Field10": "98109", "Field11": "1 13 2 32 8", "Field12": "Queen Anne Ave N", "Field13": "1", "Field14": "Queen Anne Ave N & W Harrison St", "Field15": 3 }, "geometry": null },
{ "type": "Feature", "properties": { "Field1": "3500", "Field2": "Y", "Field3": "SEA", "Field4": "1274857.8999999999", "Field5": "216729", "Field6": "YES", "Field7": "ACT", "Field8": "NO", "Field9": "S Hill St", "Field10": "98144", "Field11": "36 60", "Field12": "14th Ave S", "Field13": "1", "Field14": "14th Ave S & S Hill St", "Field15": 3 }, "geometry": null },
{ "type": "Feature", "properties": { "Field1": "3589", "Field2": "Y", "Field3": "SEA", "Field4": "1274320.6000000001", "Field5": "221434.8", "Field6": "YES", "Field7": "ACT", "Field8": "NO", "Field9": "S Weller St", "Field10": "98144", "Field11": "36 60", "Field12": "12th Ave S", "Field13": "1", "Field14": "12th Ave S & S Weller St", "Field15": 3 }, "geometry": null },
{ "type": "Feature", "properties": { "Field1": "3600", "Field2": "Y", "Field3": "SEA", "Field4": "1274208.3", "Field5": "222101.3", "Field6": "YES", "Field7": "ACT", "Field8": "NO", "Field9": "12th Ave S", "Field10": "98104", "Field11": "1 106 14N 36 7", "Field12": "S Jackson St", "Field13": "1", "Field14": "S Jackson St & 12th Ave S", "Field15": 3 }, "geometry": null },
{ "type": "Feature", "properties": { "Field1": "2249", "Field2": "Y", "Field3": "SEA", "Field4": "1268036", "Field5": "229283", "Field6": "YES", "Field7": "ACT", "Field8": "NO", "Field9": "7th Ave N", "Field10": "98121", "Field11": "8", "Field12": "Denny Way", "Field13": "0", "Field14": "Denny Way & 7th Ave N", "Field15": 2 }, "geometry": null },
{ "type": "Feature", "properties": { "Field1": "2250", "Field2": "Y", "Field3": "SEA", "Field4": "1268227.3", "Field5": "229278.1", "Field6": "YES", "Field7": "ACT", "Field8": "NO", "Field9": "Dexter Ave", "Field10": "98109", "Field11": "8", "Field12": "Denny Way", "Field13": "1", "Field14": "Denny Way & Dexter Ave", "Field15": 3 }, "geometry": null },
{ "type": "Feature", "properties": { "Field1": "2255", "Field2": "Y", "Field3": "SEA", "Field4": "1269293.1000000001", "Field5": "229250.9", "Field6": "YES", "Field7": "ACT", "Field8": "NO", "Field9": "Westlake Ave", "Field10": "98109", "Field11": "8", "Field12": "Denny Way", "Field13": "1", "Field14": "Denny Way & Westlake Ave", "Field15": 3 }, "geometry": null },
{ "type": "Feature", "properties": { "Field1": "2260", "Field2": "Y", "Field3": "SEA", "Field4": "1270194.3999999999", "Field5": "229232.4", "Field6": "YES", "Field7": "ACT", "Field8": "NO", "Field9": "Fairview Ave", "Field10": "98109", "Field11": "8", "Field12": "Denny Way", "Field13": "1", "Field14": "Denny Way & Fairview Ave", "Field15": 3 }, "geometry": null },
{ "type": "Feature", "properties": { "Field1": "3760", "Field2": "Y", "Field3": "SEA", "Field4": "1274840.3999999999", "Field5": "218072.9", "Field6": "YES", "Field7": "ACT", "Field8": "NO", "Field9": "S Massachusetts St", "Field10": "98144", "Field11": "36 60", "Field12": "14th Ave S", "Field13": "1", "Field14": "14th Ave S & S Massachusetts St", "Field15": 3 }, "geometry": null },
{ "type": "Feature", "properties": { "Field1": "3770", "Field2": "Y", "Field3": "SEA", "Field4": "1274872.8", "Field5": "217323.3", "Field6": "YES", "Field7": "ACT", "Field8": "NO", "Field9": "S Holgate St", "Field10": "98144", "Field11": "36 60", "Field12": "14th Ave S", "Field13": "0", "Field14": "14th Ave S & S Holgate St", "Field15": 2 }, "geometry": null },
{ "type": "Feature", "properties": { "Field1": "3778", "Field2": "Y", "Field3": "SEA", "Field4": "1274856.3999999999", "Field5": "216669.2", "Field6": "YES", "Field7": "ACT", "Field8": "NO", "Field9": "S Hill St", "Field10": "98144", "Field11": "36 60", "Field12": "14th Ave S", "Field13": "0", "Field14": "14th Ave S & S Hill St", "Field15": 2 }, "geometry": null },
{ "type": "Feature", "properties": { "Field1": "3800", "Field2": "Y", "Field3": "SEA", "Field4": "1274981.3", "Field5": "215567.6", "Field6": "YES", "Field7": "ACT", "Field8": "NO", "Field9": "S Bayview St", "Field10": "98144", "Field11": "36 60", "Field12": "Beacon Ave S", "Field13": "0", "Field14": "Beacon Ave S & S Bayview St", "Field15": 2 }, "geometry": null },
{ "type": "Feature", "properties": { "Field1": "3810", "Field2": "Y", "Field3": "SEA", "Field4": "1275478.3", "Field5": "214737.8", "Field6": "YES", "Field7": "ACT", "Field8": "NO", "Field9": "S Lander St", "Field10": "98144", "Field11": "107 36 60", "Field12": "Beacon Ave S", "Field13": "1", "Field14": "Beacon Ave S & S Lander St", "Field15": 3 }, "geometry": null },
{ "type": "Feature", "properties": { "Field1": "3883", "Field2": "Y", "Field3": "SEA", "Field4": "1277180.8", "Field5": "207484.4", "Field6": "YES", "Field7": "ACT", "Field8": "NO", "Field9": "S Columbian Way", "Field10": "98108", "Field11": "36", "Field12": "Beacon Ave S", "Field13": "0", "Field14": "Beacon Ave S & S Columbian Way", "Field15": 2 }, "geometry": null },
{ "type": "Feature", "properties": { "Field1": "3910", "Field2": "Y", "Field3": "SEA", "Field4": "1264275.1000000001", "Field5": "237029.5", "Field6": "YES", "Field7": "ACT", "Field8": "NO", "Field9": "2nd Ave W", "Field10": "98119", "Field11": "13 4", "Field12": "W McGraw St", "Field13": "1", "Field14": "W McGraw St & 2nd Ave W", "Field15": 3 }, "geometry": null },
{ "type": "Feature", "properties": { "Field1": "3920", "Field2": "Y", "Field3": "SEA", "Field4": "1264833.8", "Field5": "236923", "Field6": "YES", "Field7": "ACT", "Field8": "NO", "Field9": "W McGraw St", "Field10": "98109", "Field11": "13 4", "Field12": "Queen Anne Ave N", "Field13": "0", "Field14": "Queen Anne Ave N & W McGraw St", "Field15": 2 }, "geometry": null },
{ "type": "Feature", "properties": { "Field1": "3930", "Field2": "Y", "Field3": "SEA", "Field4": "1264919", "Field5": "236580.5", "Field6": "YES", "Field7": "ACT", "Field8": "NO", "Field9": "Queen Anne Ave N", "Field10": "98109", "Field11": "4", "Field12": "Boston St", "Field13": "1", "Field14": "Boston St & Queen Anne Ave N", "Field15": 3 }, "geometry": null },
{ "type": "Feature", "properties": { "Field1": "3940", "Field2": "Y", "Field3": "SEA", "Field4": "1265423", "Field5": "236526", "Field6": "YES", "Field7": "ACT", "Field8": "NO", "Field9": "Warren Ave N", "Field10": "98109", "Field11": "4", "Field12": "Boston St", "Field13": "1", "Field14": "Boston St & Warren Ave N", "Field15": 3 }, "geometry": null },
{ "type": "Feature", "properties": { "Field1": "3950", "Field2": "Y", "Field3": "SEA", "Field4": "1266319.8", "Field5": "236506", "Field6": "YES", "Field7": "ACT", "Field8": "NO", "Field9": "Nob Hill Ave N", "Field10": "98109", "Field11": "4", "Field12": "Boston St", "Field13": "0", "Field14": "Boston St & Nob Hill Ave N", "Field15": 2 }, "geometry": null },
{ "type": "Feature", "properties": { "Field1": "3515", "Field2": "Y", "Field3": "SEA", "Field4": "1274876.7", "Field5": "217493.3", "Field6": "YES", "Field7": "ACT", "Field8": "NO", "Field9": "S Holgate St", "Field10": "98144", "Field11": "36 60", "Field12": "14th Ave S", "Field13": "1", "Field14": "14th Ave S & S Holgate St", "Field15": 3 }, "geometry": null },
{ "type": "Feature", "properties": { "Field1": "3530", "Field2": "Y", "Field3": "SEA", "Field4": "1274756.5", "Field5": "218164.6", "Field6": "YES", "Field7": "ACT", "Field8": "NO", "Field9": "14th Ave S", "Field10": "98144", "Field11": "36 60", "Field12": "S Massachusetts St", "Field13": "1", "Field14": "S Massachusetts St & 14th Ave S", "Field15": 3 }, "geometry": null },
{ "type": "Feature", "properties": { "Field1": "3541", "Field2": "Y", "Field3": "SEA", "Field4": "1274248.1000000001", "Field5": "218292.3", "Field6": "YES", "Field7": "ACT", "Field8": "NO", "Field9": "S Massachusetts St", "Field10": "98144", "Field11": "36 60", "Field12": "12th Ave S", "Field13": "1", "Field14": "12th Ave S & S Massachusetts St", "Field15": 3 }, "geometry": null },
{ "type": "Feature", "properties": { "Field1": "3550", "Field2": "Y", "Field3": "SEA", "Field4": "1274257.8", "Field5": "218835.20000000001", "Field6": "YES", "Field7": "ACT", "Field8": "NO", "Field9": "S Atlantic St", "Field10": "98134", "Field11": "36 60", "Field12": "12th Ave S", "Field13": "1", "Field14": "12th Ave S & S Atlantic St", "Field15": 3 }, "geometry": null },
{ "type": "Feature", "properties": { "Field1": "3570", "Field2": "Y", "Field3": "SEA", "Field4": "1274275.1000000001", "Field5": "219735.7", "Field6": "YES", "Field7": "ACT", "Field8": "NO", "Field9": "S Judkins St", "Field10": "98144", "Field11": "36 60", "Field12": "12th Ave S", "Field13": "1", "Field14": "12th Ave S & S Judkins St", "Field15": 3 }, "geometry": null },
{ "type": "Feature", "properties": { "Field1": "3580", "Field2": "Y", "Field3": "SEA", "Field4": "1274408.5", "Field5": "220274.6", "Field6": "YES", "Field7": "ACT", "Field8": "NO", "Field9": "Golf Dr S", "Field10": "98144", "Field11": "36 60", "Field12": "S Charles St", "Field13": "1", "Field14": "S Charles St & Golf Dr S", "Field15": 3 }, "geometry": null },
{ "type": "Feature", "properties": { "Field1": "6020", "Field2": "Y", "Field3": "SEA", "Field4": "1266615.6000000001", "Field5": "244050.5", "Field6": "YES", "Field7": "ACT", "Field8": "NO", "Field9": "Fremont Ave N", "Field10": "98103", "Field11": "5", "Field12": "N 43rd St", "Field13": "1", "Field14": "N 43rd St & Fremont Ave N", "Field15": 3 }, "geometry": null },
{ "type": "Feature", "properties": { "Field1": "3700", "Field2": "Y", "Field3": "SEA", "Field4": "1274331.5", "Field5": "221900.3", "Field6": "YES", "Field7": "ACT", "Field8": "NO", "Field9": "S Jackson St", "Field10": "98144", "Field11": "36 60", "Field12": "12th Ave S", "Field13": "1", "Field14": "12th Ave S & S Jackson St", "Field15": 3 }, "geometry": null },
{ "type": "Feature", "properties": { "Field1": "3710", "Field2": "Y", "Field3": "SEA", "Field4": "1274319.8", "Field5": "221407.4", "Field6": "YES", "Field7": "ACT", "Field8": "NO", "Field9": "S Weller St", "Field10": "98144", "Field11": "36 60", "Field12": "12th Ave S", "Field13": "1", "Field14": "12th Ave S & S Weller St", "Field15": 3 }, "geometry": null },
{ "type": "Feature", "properties": { "Field1": "3735", "Field2": "Y", "Field3": "SEA", "Field4": "1274875.6000000001", "Field5": "219559.9", "Field6": "YES", "Field7": "ACT", "Field8": "NO", "Field9": "Golf Dr S", "Field10": "98144", "Field11": "36 60", "Field12": "14th Ave S", "Field13": "1", "Field14": "14th Ave S & Golf Dr S", "Field15": 3 }, "geometry": null },
{ "type": "Feature", "properties": { "Field1": "6072", "Field2": "Y", "Field3": "SEA", "Field4": "1258500.2", "Field5": "218762.7", "Field6": "YES", "Field7": "ACT", "Field8": "NO", "Field9": "California Way SW", "Field10": "98126", "Field11": "773 775", "Field12": "Harbor Ave SW", "Field13": "0", "Field14": "Harbor Ave SW & California Way SW", "Field15": 2 }, "geometry": null },
{ "type": "Feature", "properties": { "Field1": "6080", "Field2": "Y", "Field3": "SEA", "Field4": "1267995.1000000001", "Field5": "235935.3", "Field6": "YES", "Field7": "ACT", "Field8": "NO", "Field9": "Crockett St", "Field10": "98109", "Field11": "5", "Field12": "Aurora Ave N", "Field13": "1", "Field14": "Aurora Ave N & Crockett St", "Field15": 3 }, "geometry": null },
{ "type": "Feature", "properties": { "Field1": "6100", "Field2": "Y", "Field3": "SEA", "Field4": "1268072.8", "Field5": "234250.3", "Field6": "YES", "Field7": "ACT", "Field8": "NO", "Field9": "Galer St", "Field10": "98109", "Field11": "28E 5 E", "Field12": "Aurora Ave N", "Field13": "1", "Field14": "Aurora Ave N & Galer St", "Field15": 3 }, "geometry": null },
{ "type": "Feature", "properties": { "Field1": "6120", "Field2": "Y", "Field3": "SEA", "Field4": "1268041.3999999999", "Field5": "232995.4", "Field6": "YES", "Field7": "ACT", "Field8": "NO", "Field9": "Prospect St", "Field10": "98109", "Field11": "5", "Field12": "Aurora Ave N", "Field13": "0", "Field14": "Aurora Ave N & Prospect St", "Field15": 2 }, "geometry": null },
{ "type": "Feature", "properties": { "Field1": "3830", "Field2": "Y", "Field3": "SEA", "Field4": "1276131.8999999999", "Field5": "213316.5", "Field6": "YES", "Field7": "ACT", "Field8": "NO", "Field9": "S Hanford St", "Field10": "98144", "Field11": "36", "Field12": "Beacon Ave S", "Field13": "1", "Field14": "Beacon Ave S & S Hanford St", "Field15": 3 }, "geometry": null },
{ "type": "Feature", "properties": { "Field1": "3860", "Field2": "Y", "Field3": "SEA", "Field4": "1276382.3999999999", "Field5": "211984.3", "Field6": "YES", "Field7": "ACT", "Field8": "NO", "Field9": "S Spokane St", "Field10": "98144", "Field11": "36", "Field12": "Beacon Ave S", "Field13": "0", "Field14": "Beacon Ave S & S Spokane St", "Field15": 2 }, "geometry": null },
{ "type": "Feature", "properties": { "Field1": "6176", "Field2": "Y", "Field3": "SEA", "Field4": "1267951.2", "Field5": "230198.39999999999", "Field6": "YES", "Field7": "ACT", "Field8": "NO", "Field9": "Thomas St", "Field10": "98109", "Field11": "28E 5 E", "Field12": "7th Ave N", "Field13": "2", "Field14": "7th Ave N & Thomas St", "Field15": 3 }, "geometry": null },
{ "type": "Feature", "properties": { "Field1": "6190", "Field2": "Y", "Field3": "SEA", "Field4": "1268901.3", "Field5": "228485.2", "Field6": "YES", "Field7": "ACT", "Field8": "NO", "Field9": "Blanchard St", "Field10": "98121", "Field11": "62", "Field12": "7th Ave", "Field13": "0", "Field14": "7th Ave & Blanchard St", "Field15": 2 }, "geometry": null },
{ "type": "Feature", "properties": { "Field1": "6220", "Field2": "Y", "Field3": "SEA", "Field4": "1268730.8999999999", "Field5": "228640.2", "Field6": "YES", "Field7": "ACT", "Field8": "NO", "Field9": "Blanchard St", "Field10": "98121", "Field11": "62", "Field12": "7th Ave", "Field13": "1", "Field14": "7th Ave & Blanchard St", "Field15": 3 }, "geometry": null },
{ "type": "Feature", "properties": { "Field1": "6290", "Field2": "Y", "Field3": "SEA", "Field4": "1268080.6000000001", "Field5": "233180.3", "Field6": "YES", "Field7": "ACT", "Field8": "NO", "Field9": "Prospect St", "Field10": "98109", "Field11": "5", "Field12": "Aurora Ave N", "Field13": "0", "Field14": "Aurora Ave N & Prospect St", "Field15": 2 }, "geometry": null },
{ "type": "Feature", "properties": { "Field1": "6300", "Field2": "Y", "Field3": "SEA", "Field4": "1268112", "Field5": "234398.5", "Field6": "YES", "Field7": "ACT", "Field8": "NO", "Field9": "Galer St", "Field10": "98109", "Field11": "28E 5 E", "Field12": "Aurora Ave N", "Field13": "1", "Field14": "Aurora Ave N & Galer St", "Field15": 3 }, "geometry": null },
{ "type": "Feature", "properties": { "Field1": "6310", "Field2": "Y", "Field3": "SEA", "Field4": "1267935.3999999999", "Field5": "236152", "Field6": "YES", "Field7": "ACT", "Field8": "NO", "Field9": "Crockett St", "Field10": "98109", "Field11": "5", "Field12": "Aurora Ave N", "Field13": "0", "Field14": "Aurora Ave N & Crockett St", "Field15": 2 }, "geometry": null },
{ "type": "Feature", "properties": { "Field1": "6320", "Field2": "Y", "Field3": "SEA", "Field4": "1267695.1000000001", "Field5": "236694.5", "Field6": "YES", "Field7": "ACT", "Field8": "NO", "Field9": "Lynn St", "Field10": "98109", "Field11": "28E 5 E", "Field12": "Aurora Ave N", "Field13": "1", "Field14": "Aurora Ave N & Lynn St", "Field15": 3 }, "geometry": null },
{ "type": "Feature", "properties": { "Field1": "6330", "Field2": "Y", "Field3": "SEA", "Field4": "1267354.3999999999", "Field5": "237836.2", "Field6": "YES", "Field7": "ACT", "Field8": "NO", "Field9": "Halladay St", "Field10": "98109", "Field11": "5", "Field12": "Aurora Ave N", "Field13": "0", "Field14": "Aurora Ave N & Halladay St", "Field15": 2 }, "geometry": null },
{ "type": "Feature", "properties": { "Field1": "6340", "Field2": "Y", "Field3": "SEA", "Field4": "1267442", "Field5": "241669.7", "Field6": "YES", "Field7": "ACT", "Field8": "NO", "Field9": "N 38th St", "Field10": "98103", "Field11": "28E 5", "Field12": "Aurora Ramp", "Field13": "1", "Field14": "Aurora Ramp & N 38th St", "Field15": 3 }, "geometry": null },
{ "type": "Feature", "properties": { "Field1": "6360", "Field2": "Y", "Field3": "SEA", "Field4": "1266668.8", "Field5": "242387.6", "Field6": "YES", "Field7": "ACT", "Field8": "NO", "Field9": "N 39th St", "Field10": "98103", "Field11": "5", "Field12": "Fremont Ave N", "Field13": "1", "Field14": "Fremont Ave N & N 39th St", "Field15": 3 }, "geometry": null },
{ "type": "Feature", "properties": { "Field1": "8140", "Field2": "Y", "Field3": "SEA", "Field4": "1285542.7", "Field5": "198066.5", "Field6": "YES", "Field7": "ACT", "Field8": "NO", "Field9": "S Holden St", "Field10": "98118", "Field11": "7 9E", "Field12": "Rainier Ave S", "Field13": "0", "Field14": "Rainier Ave S & S Holden St", "Field15": 2 }, "geometry": null },
{ "type": "Feature", "properties": { "Field1": "8160", "Field2": "Y", "Field3": "SEA", "Field4": "1285471.6000000001", "Field5": "199328.5", "Field6": "YES", "Field7": "ACT", "Field8": "NO", "Field9": "S Othello St", "Field10": "98118", "Field11": "7 9E", "Field12": "Rainier Ave S", "Field13": "1", "Field14": "Rainier Ave S & S Othello St", "Field15": 3 }, "geometry": null },
{ "type": "Feature", "properties": { "Field1": "6030", "Field2": "Y", "Field3": "SEA", "Field4": "1266674.7", "Field5": "243126.6", "Field6": "YES", "Field7": "ACT", "Field8": "NO", "Field9": "N 41st St", "Field10": "98103", "Field11": "5", "Field12": "Fremont Ave N", "Field13": "1", "Field14": "Fremont Ave N & N 41st St", "Field15": 3 }, "geometry": null },
{ "type": "Feature", "properties": { "Field1": "6040", "Field2": "Y", "Field3": "SEA", "Field4": "1266670.5", "Field5": "242618.7", "Field6": "YES", "Field7": "ACT", "Field8": "NO", "Field9": "N 39th St", "Field10": "98103", "Field11": "5", "Field12": "Fremont Ave N", "Field13": "0", "Field14": "Fremont Ave N & N 39th St", "Field15": 2 }, "geometry": null },
{ "type": "Feature", "properties": { "Field1": "6050", "Field2": "Y", "Field3": "SEA", "Field4": "1267192", "Field5": "241492.3", "Field6": "YES", "Field7": "ACT", "Field8": "NO", "Field9": "N 38th St", "Field10": "98103", "Field11": "28E 5", "Field12": "SR 99 Ramp", "Field13": "0", "Field14": "SR 99 Ramp & N 38th St", "Field15": 2 }, "geometry": null },
{ "type": "Feature", "properties": { "Field1": "6060", "Field2": "Y", "Field3": "SEA", "Field4": "1267304.8999999999", "Field5": "237888.8", "Field6": "YES", "Field7": "ACT", "Field8": "NO", "Field9": "Halladay St", "Field10": "98109", "Field11": "5", "Field12": "Aurora Ave N", "Field13": "0", "Field14": "Aurora Ave N & Halladay St", "Field15": 2 }, "geometry": null },
{ "type": "Feature", "properties": { "Field1": "6070", "Field2": "Y", "Field3": "SEA", "Field4": "1267644", "Field5": "236726.8", "Field6": "YES", "Field7": "ACT", "Field8": "NO", "Field9": "Lynn St", "Field10": "98109", "Field11": "28E 5 E", "Field12": "Aurora Ave N", "Field13": "1", "Field14": "Aurora Ave N & Lynn St", "Field15": 3 }, "geometry": null },
{ "type": "Feature", "properties": { "Field1": "7770", "Field2": "Y", "Field3": "SEA", "Field4": "1268287.3999999999", "Field5": "258318.1", "Field6": "YES", "Field7": "ACT", "Field8": "NO", "Field9": "N 95th St", "Field10": "98103", "Field11": "E", "Field12": "Aurora Ave N", "Field13": "0", "Field14": "Aurora Ave N & N 95th St", "Field15": 2 }, "geometry": null },
{ "type": "Feature", "properties": { "Field1": "7790", "Field2": "Y", "Field3": "SEA", "Field4": "1268317.8999999999", "Field5": "259603.4", "Field6": "YES", "Field7": "ACT", "Field8": "NO", "Field9": "N 100th St", "Field10": "98133", "Field11": "E", "Field12": "Aurora Ave N", "Field13": "1", "Field14": "Aurora Ave N & N 100th St", "Field15": 3 }, "geometry": null },
{ "type": "Feature", "properties": { "Field1": "7810", "Field2": "Y", "Field3": "SEA", "Field4": "1268333.3999999999", "Field5": "260977.5", "Field6": "YES", "Field7": "ACT", "Field8": "NO", "Field9": "N Northgate Way", "Field10": "98133", "Field11": "E", "Field12": "Aurora Ave N", "Field13": "1", "Field14": "Aurora Ave N & N Northgate Way", "Field15": 3 }, "geometry": null },
{ "type": "Feature", "properties": { "Field1": "7900", "Field2": "Y", "Field3": "SEA", "Field4": "1268380.3999999999", "Field5": "267649.7", "Field6": "YES", "Field7": "ACT", "Field8": "NO", "Field9": "N 130th St", "Field10": "98133", "Field11": "E", "Field12": "Aurora Ave N", "Field13": "1", "Field14": "Aurora Ave N & N 130th St", "Field15": 3 }, "geometry": null },
{ "type": "Feature", "properties": { "Field1": "7912", "Field2": "Y", "Field3": "SEA", "Field4": "1268397.2", "Field5": "268949.59999999998", "Field6": "YES", "Field7": "ACT", "Field8": "NO", "Field9": "N 135th St", "Field10": "98133", "Field11": "E", "Field12": "Aurora Ave N", "Field13": "1", "Field14": "Aurora Ave N & N 135th St", "Field15": 3 }, "geometry": null },
{ "type": "Feature", "properties": { "Field1": "6236", "Field2": "Y", "Field3": "SEA", "Field4": "1267982.8999999999", "Field5": "229476.4", "Field6": "YES", "Field7": "ACT", "Field8": "NO", "Field9": "Denny Way", "Field10": "98109", "Field11": "28E 5 E", "Field12": "7th Ave N", "Field13": "2", "Field14": "7th Ave N & Denny Way", "Field15": 3 }, "geometry": null },
{ "type": "Feature", "properties": { "Field1": "6237", "Field2": "Y", "Field3": "SEA", "Field4": "1267991.7", "Field5": "230504.4", "Field6": "YES", "Field7": "ACT", "Field8": "NO", "Field9": "Harrison St", "Field10": "98109", "Field11": "28E 5 E", "Field12": "7th Ave N", "Field13": "2", "Field14": "7th Ave N & Harrison St", "Field15": 3 }, "geometry": null },
{ "type": "Feature", "properties": { "Field1": "6240", "Field2": "Y", "Field3": "SEA", "Field4": "1268265.8999999999", "Field5": "229419.5", "Field6": "YES", "Field7": "ACT", "Field8": "NO", "Field9": "Denny Way", "Field10": "98109", "Field11": "62", "Field12": "Dexter Ave N", "Field13": "1", "Field14": "Dexter Ave N & Denny Way", "Field15": 3 }, "geometry": null },
{ "type": "Feature", "properties": { "Field1": "8000", "Field2": "Y", "Field3": "SEA", "Field4": "1289312.7", "Field5": "190604.4", "Field6": "YES", "Field7": "ACT", "Field8": "NO", "Field9": "S Norfolk St", "Field10": "98118", "Field11": "7", "Field12": "Waters Ave S", "Field13": "0", "Field14": "Waters Ave S & S Norfolk St", "Field15": 2 }, "geometry": null },
{ "type": "Feature", "properties": { "Field1": "8010", "Field2": "Y", "Field3": "SEA", "Field4": "1288691.7", "Field5": "191313.8", "Field6": "YES", "Field7": "ACT", "Field8": "NO", "Field9": "S Pilgrim St", "Field10": "98118", "Field11": "7", "Field12": "Waters Ave S", "Field13": "0", "Field14": "Waters Ave S & S Pilgrim St", "Field15": 2 }, "geometry": null },
{ "type": "Feature", "properties": { "Field1": "8030", "Field2": "Y", "Field3": "SEA", "Field4": "1287908.2", "Field5": "192242.7", "Field6": "YES", "Field7": "ACT", "Field8": "NO", "Field9": "S Carver St", "Field10": "98118", "Field11": "7", "Field12": "Waters Ave S", "Field13": "0", "Field14": "Waters Ave S & S Carver St", "Field15": 2 }, "geometry": null },
{ "type": "Feature", "properties": { "Field1": "8040", "Field2": "Y", "Field3": "SEA", "Field4": "1287521.2", "Field5": "192783.8", "Field6": "YES", "Field7": "ACT", "Field8": "NO", "Field9": "Waters Ave S", "Field10": "98118", "Field11": "7", "Field12": "57th Ave S", "Field13": "0", "Field14": "57th Ave S & Waters Ave S", "Field15": 2 }, "geometry": null },
{ "type": "Feature", "properties": { "Field1": "8050", "Field2": "Y", "Field3": "SEA", "Field4": "1287061.7", "Field5": "192976.4", "Field6": "YES", "Field7": "ACT", "Field8": "NO", "Field9": "Seward Park Ave S", "Field10": "98118", "Field11": "7", "Field12": "Rainier Ave S", "Field13": "1", "Field14": "Rainier Ave S & Seward Park Ave S", "Field15": 3 }, "geometry": null },
{ "type": "Feature", "properties": { "Field1": "8070", "Field2": "Y", "Field3": "SEA", "Field4": "1285984.7", "Field5": "192929.5", "Field6": "YES", "Field7": "ACT", "Field8": "NO", "Field9": "52nd Ave S", "Field10": "98118", "Field11": "7", "Field12": "Rainier Ave S", "Field13": "1", "Field14": "Rainier Ave S & 52nd Ave S", "Field15": 3 }, "geometry": null },
{ "type": "Feature", "properties": { "Field1": "8080", "Field2": "Y", "Field3": "SEA", "Field4": "1285454", "Field5": "193478.6", "Field6": "YES", "Field7": "ACT", "Field8": "NO", "Field9": "S Fisher Pl", "Field10": "98118", "Field11": "106 107 7", "Field12": "Rainier Ave S", "Field13": "1", "Field14": "Rainier Ave S & S Fisher Pl", "Field15": 3 }, "geometry": null },
{ "type": "Feature", "properties": { "Field1": "8090", "Field2": "Y", "Field3": "SEA", "Field4": "1285466.8", "Field5": "194040.2", "Field6": "YES", "Field7": "ACT", "Field8": "NO", "Field9": "S Henderson St", "Field10": "98118", "Field11": "7", "Field12": "Rainier Ave S", "Field13": "1", "Field14": "Rainier Ave S & S Henderson St", "Field15": 3 }, "geometry": null },
{ "type": "Feature", "properties": { "Field1": "8175", "Field2": "Y", "Field3": "SEA", "Field4": "1285311.8", "Field5": "200298.3", "Field6": "YES", "Field7": "ACT", "Field8": "NO", "Field9": "S Frontenac St", "Field10": "98118", "Field11": "7 9E", "Field12": "Rainier Ave S", "Field13": "1", "Field14": "Rainier Ave S & S Frontenac St", "Field15": 3 }, "geometry": null },
{ "type": "Feature", "properties": { "Field1": "8190", "Field2": "Y", "Field3": "SEA", "Field4": "1284867.2", "Field5": "201286.1", "Field6": "YES", "Field7": "ACT", "Field8": "NO", "Field9": "S Holly St", "Field10": "98118", "Field11": "7 9E", "Field12": "Rainier Ave S", "Field13": "1", "Field14": "Rainier Ave S & S Holly St", "Field15": 3 }, "geometry": null },
{ "type": "Feature", "properties": { "Field1": "8210", "Field2": "Y", "Field3": "SEA", "Field4": "1284191.6000000001", "Field5": "202456.8", "Field6": "YES", "Field7": "ACT", "Field8": "NO", "Field9": "S Graham St", "Field10": "98118", "Field11": "7 9E", "Field12": "Rainier Ave S", "Field13": "1", "Field14": "Rainier Ave S & S Graham St", "Field15": 3 }, "geometry": null },
{ "type": "Feature", "properties": { "Field1": "9605", "Field2": "Y", "Field3": "SEA", "Field4": "1274648.3999999999", "Field5": "244622.1", "Field6": "YES", "Field7": "ACT", "Field8": "NO", "Field9": "NE 45th St", "Field10": "98105", "Field11": "31 32 65 67", "Field12": "Roosevelt Way NE", "Field13": "1", "Field14": "Roosevelt Way NE & NE 45th St", "Field15": 3 }, "geometry": null },
{ "type": "Feature", "properties": { "Field1": "9610", "Field2": "Y", "Field3": "SEA", "Field4": "1274614.8999999999", "Field5": "243711.9", "Field6": "YES", "Field7": "ACT", "Field8": "NO", "Field9": "NE 42nd St", "Field10": "98105", "Field11": "31 32 65", "Field12": "Roosevelt Way NE", "Field13": "1", "Field14": "Roosevelt Way NE & NE 42nd St", "Field15": 3 }, "geometry": null },
{ "type": "Feature", "properties": { "Field1": "9612", "Field2": "Y", "Field3": "SEA", "Field4": "1274212.2", "Field5": "243377.8", "Field6": "YES", "Field7": "ACT", "Field8": "NO", "Field9": "8th Ave NE", "Field10": "98105", "Field11": "31 32", "Field12": "NE 42nd St", "Field13": "1", "Field14": "NE 42nd St & 8th Ave NE", "Field15": 3 }, "geometry": null },
{ "type": "Feature", "properties": { "Field1": "7850", "Field2": "Y", "Field3": "SEA", "Field4": "1268340.7", "Field5": "263636", "Field6": "YES", "Field7": "ACT", "Field8": "NO", "Field9": "N 115th St", "Field10": "98133", "Field11": "E", "Field12": "Aurora Ave N", "Field13": "0", "Field14": "Aurora Ave N & N 115th St", "Field15": 2 }, "geometry": null },
{ "type": "Feature", "properties": { "Field1": "7880", "Field2": "Y", "Field3": "SEA", "Field4": "1268360.7", "Field5": "266091.90000000002", "Field6": "YES", "Field7": "ACT", "Field8": "NO", "Field9": "N 125th St", "Field10": "98133", "Field11": "E", "Field12": "Aurora Ave N", "Field13": "1", "Field14": "Aurora Ave N & N 125th St", "Field15": 3 }, "geometry": null },
{ "type": "Feature", "properties": { "Field1": "9370", "Field2": "Y", "Field3": "SEA", "Field4": "1271557.8", "Field5": "229589.4", "Field6": "YES", "Field7": "ACT", "Field8": "NO", "Field9": "Stewart St", "Field10": "98109", "Field12": "Eastlake Ave E", "Field13": "0", "Field14": "Eastlake Ave E & Stewart St", "Field15": 2 }, "geometry": null },
{ "type": "Feature", "properties": { "Field1": "7950", "Field2": "Y", "Field3": "SEA", "Field4": "1288847.8", "Field5": "188666", "Field6": "YES", "Field7": "ACT", "Field8": "NO", "Field9": "S Prentice St", "Field10": "98178", "Field11": "7", "Field12": "62nd Ave S", "Field13": "0", "Field14": "62nd Ave S & S Prentice St", "Field15": 2 }, "geometry": null },
{ "type": "Feature", "properties": { "Field1": "7960", "Field2": "Y", "Field3": "SEA", "Field4": "1289378.3999999999", "Field5": "188611.7", "Field6": "YES", "Field7": "ACT", "Field8": "NO", "Field9": "64th Ave S", "Field10": "98178", "Field11": "7", "Field12": "S Prentice St", "Field13": "0", "Field14": "S Prentice St & 64th Ave S", "Field15": 2 }, "geometry": null },
{ "type": "Feature", "properties": { "Field1": "7970", "Field2": "Y", "Field3": "SEA", "Field4": "1289440.8999999999", "Field5": "189146.8", "Field6": "YES", "Field7": "ACT", "Field8": "NO", "Field9": "S Ryan St", "Field10": "98178", "Field11": "7", "Field12": "64th Ave S", "Field13": "0", "Field14": "64th Ave S & S Ryan St", "Field15": 2 }, "geometry": null },
{ "type": "Feature", "properties": { "Field1": "7980", "Field2": "Y", "Field3": "SEA", "Field4": "1289458", "Field5": "189816", "Field6": "LTD", "Field7": "ACT", "Field8": "NO", "Field9": "S Cooper St", "Field10": "98118", "Field11": "7", "Field12": "64th Ave S", "Field13": "0", "Field14": "64th Ave S & S Cooper St", "Field15": 0 }, "geometry": null },
{ "type": "Feature", "properties": { "Field1": "9480", "Field2": "Y", "Field3": "SEA", "Field4": "1272511.6000000001", "Field5": "235611.8", "Field6": "YES", "Field7": "ACT", "Field8": "NO", "Field9": "E Howe St", "Field10": "98102", "Field11": "70", "Field12": "Eastlake Ave E", "Field13": "1", "Field14": "Eastlake Ave E & E Howe St", "Field15": 3 }, "geometry": null },
{ "type": "Feature", "properties": { "Field1": "9510", "Field2": "Y", "Field3": "SEA", "Field4": "1272502.2", "Field5": "237852", "Field6": "YES", "Field7": "ACT", "Field8": "NO", "Field9": "E Louisa St", "Field10": "98102", "Field11": "70", "Field12": "Eastlake Ave E", "Field13": "1", "Field14": "Eastlake Ave E & E Louisa St", "Field15": 3 }, "geometry": null },
{ "type": "Feature", "properties": { "Field1": "9550", "Field2": "Y", "Field3": "SEA", "Field4": "1273190.8", "Field5": "240282.3", "Field6": "YES", "Field7": "ACT", "Field8": "NO", "Field9": "E Allison St", "Field10": "98102", "Field11": "70", "Field12": "Eastlake Ave E", "Field13": "0", "Field14": "Eastlake Ave E & E Allison St", "Field15": 2 }, "geometry": null },
{ "type": "Feature", "properties": { "Field1": "8100", "Field2": "Y", "Field3": "SEA", "Field4": "1285488.8999999999", "Field5": "195170.5", "Field6": "YES", "Field7": "ACT", "Field8": "NO", "Field9": "Cloverdale Pl S", "Field10": "98118", "Field11": "7 9E", "Field12": "Rainier Ave S", "Field13": "0", "Field14": "Rainier Ave S & Cloverdale Pl S", "Field15": 2 }, "geometry": null },
{ "type": "Feature", "properties": { "Field1": "8110", "Field2": "Y", "Field3": "SEA", "Field4": "1285509.1000000001", "Field5": "196416", "Field6": "YES", "Field7": "ACT", "Field8": "NO", "Field9": "S Rose St", "Field10": "98118", "Field11": "7 9E", "Field12": "Rainier Ave S", "Field13": "1", "Field14": "Rainier Ave S & S Rose St", "Field15": 3 }, "geometry": null },
{ "type": "Feature", "properties": { "Field1": "9580", "Field2": "Y", "Field3": "SEA", "Field4": "1275533.8", "Field5": "242797.1", "Field6": "YES", "Field7": "ACT", "Field8": "NO", "Field9": "Brooklyn Ave NE", "Field10": "98105", "Field11": "49 70 79", "Field12": "NE Campus Pkwy", "Field13": "1", "Field14": "NE Campus Pkwy & Brooklyn Ave NE", "Field15": 3 }, "geometry": null },
{ "type": "Feature", "properties": { "Field1": "9581", "Field2": "Y", "Field3": "SEA", "Field4": "1275727.5", "Field5": "243300.5", "Field6": "YES", "Field7": "ACT", "Field8": "NO", "Field9": "NE 41st St", "Field10": "98105", "Field11": "45 79", "Field12": "University Way NE", "Field13": "1", "Field14": "University Way NE & NE 41st St", "Field15": 3 }, "geometry": null },
{ "type": "Feature", "properties": { "Field1": "9582", "Field2": "Y", "Field3": "SEA", "Field4": "1275758.5", "Field5": "244139.3", "Field6": "YES", "Field7": "ACT", "Field8": "NO", "Field9": "NE 43rd St", "Field10": "98105", "Field11": "45 79", "Field12": "University Way NE", "Field13": "1", "Field14": "University Way NE & NE 43rd St", "Field15": 3 }, "geometry": null },
{ "type": "Feature", "properties": { "Field1": "9584", "Field2": "Y", "Field3": "SEA", "Field4": "1275788.6000000001", "Field5": "245010.5", "Field6": "YES", "Field7": "ACT", "Field8": "NO", "Field9": "NE 45th St", "Field10": "98105", "Field11": "45 79", "Field12": "University Way NE", "Field13": "1", "Field14": "University Way NE & NE 45th St", "Field15": 3 }, "geometry": null },
{ "type": "Feature", "properties": { "Field1": "9586", "Field2": "Y", "Field3": "SEA", "Field4": "1275659.7", "Field5": "246045.4", "Field6": "YES", "Field7": "ACT", "Field8": "NO", "Field9": "University Way NE", "Field10": "98105", "Field11": "48", "Field12": "NE 50th St", "Field13": "0", "Field14": "NE 50th St & University Way NE", "Field15": 2 }, "geometry": null },
{ "type": "Feature", "properties": { "Field1": "9587", "Field2": "Y", "Field3": "SEA", "Field4": "1275525.3", "Field5": "244187.9", "Field6": "YES", "Field7": "ACT", "Field8": "NO", "Field9": "Brooklyn Ave NE", "Field10": "98105", "Field11": "372E 44 49 70", "Field12": "NE 43rd St", "Field13": "0", "Field14": "NE 43rd St & Brooklyn Ave NE", "Field15": 2 }, "geometry": null },
{ "type": "Feature", "properties": { "Field1": "9589", "Field2": "Y", "Field3": "SEA", "Field4": "1274749.3", "Field5": "245949.7", "Field6": "YES", "Field7": "ACT", "Field8": "NO", "Field9": "NE 50th St", "Field10": "98105", "Field11": "67", "Field12": "Roosevelt Way NE", "Field13": "1", "Field14": "Roosevelt Way NE & NE 50th St", "Field15": 3 }, "geometry": null },
{ "type": "Feature", "properties": { "Field1": "9630", "Field2": "Y", "Field3": "SEA", "Field4": "1274895.8", "Field5": "243811.7", "Field6": "YES", "Field7": "ACT", "Field8": "NO", "Field9": "NE 42nd St", "Field10": "98105", "Field11": "31 32 67", "Field12": "11th Ave NE", "Field13": "1", "Field14": "11th Ave NE & NE 42nd St", "Field15": 3 }, "geometry": null },
{ "type": "Feature", "properties": { "Field1": "9650", "Field2": "Y", "Field3": "SEA", "Field4": "1274939.8999999999", "Field5": "244981", "Field6": "YES", "Field7": "ACT", "Field8": "NO", "Field9": "NE 45th St", "Field10": "98105", "Field11": "372E 48N 67", "Field12": "11th Ave NE", "Field13": "1", "Field14": "11th Ave NE & NE 45th St", "Field15": 3 }, "geometry": null },
{ "type": "Feature", "properties": { "Field1": "10680", "Field2": "Y", "Field3": "SEA", "Field4": "1286376.2", "Field5": "256007.3", "Field6": "YES", "Field7": "ACT", "Field8": "NO", "Field9": "Inverness Dr NE", "Field10": "98115", "Field11": "75", "Field12": "Sand Point Way NE", "Field13": "0", "Field14": "Sand Point Way NE & Inverness Dr NE", "Field15": 2 }, "geometry": null },
{ "type": "Feature", "properties": { "Field1": "10700", "Field2": "Y", "Field3": "SEA", "Field4": "1285339.3999999999", "Field5": "256650.1", "Field6": "YES", "Field7": "ACT", "Field8": "NO", "Field9": "Matthews Pl NE", "Field10": "98115", "Field11": "75", "Field12": "Sand Point Way NE", "Field13": "0", "Field14": "Sand Point Way NE & Matthews Pl NE", "Field15": 2 }, "geometry": null },
{ "type": "Feature", "properties": { "Field1": "10710", "Field2": "Y", "Field3": "SEA", "Field4": "1285004.8999999999", "Field5": "257254.6", "Field6": "LTD", "Field7": "ACT", "Field8": "NO", "Field9": "NE 93rd St", "Field10": "98115", "Field11": "75", "Field12": "Sand Point Way NE", "Field13": "0", "Field14": "Sand Point Way NE & NE 93rd St", "Field15": 0 }, "geometry": null },
{ "type": "Feature", "properties": { "Field1": "10720", "Field2": "Y", "Field3": "SEA", "Field4": "1284797.8999999999", "Field5": "257654.3", "Field6": "YES", "Field7": "ACT", "Field8": "NO", "Field9": "NE 95th St", "Field10": "98115", "Field11": "75", "Field12": "Sand Point Way NE", "Field13": "0", "Field14": "Sand Point Way NE & NE 95th St", "Field15": 2 }, "geometry": null },
{ "type": "Feature", "properties": { "Field1": "10730", "Field2": "Y", "Field3": "SEA", "Field4": "1284760.3", "Field5": "258345.8", "Field6": "YES", "Field7": "ACT", "Field8": "NO", "Field9": "NE 97th St", "Field10": "98115", "Field11": "75", "Field12": "Sand Point Way NE", "Field13": "0", "Field14": "Sand Point Way NE & NE 97th St", "Field15": 2 }, "geometry": null },
{ "type": "Feature", "properties": { "Field1": "10750", "Field2": "Y", "Field3": "SEA", "Field4": "1284804.3", "Field5": "259801.7", "Field6": "YES", "Field7": "ACT", "Field8": "NO", "Field9": "NE 103rd St", "Field10": "98125", "Field11": "75", "Field12": "Sand Point Way NE", "Field13": "0", "Field14": "Sand Point Way NE & NE 103rd St", "Field15": 2 }, "geometry": null },
{ "type": "Feature", "properties": { "Field1": "10480", "Field2": "Y", "Field3": "SEA", "Field4": "1280278.2", "Field5": "247275.4", "Field6": "YES", "Field7": "ACT", "Field8": "NO", "Field9": "30th Ave NE", "Field10": "98105", "Field11": "79", "Field12": "NE 55th St", "Field13": "0", "Field14": "NE 55th St & 30th Ave NE", "Field15": 2 }, "geometry": null },
{ "type": "Feature", "properties": { "Field1": "10490", "Field2": "Y", "Field3": "SEA", "Field4": "1280957.1000000001", "Field5": "247261.1", "Field6": "YES", "Field7": "ACT", "Field8": "NO", "Field9": "33rd Ave NE", "Field10": "98105", "Field11": "79", "Field12": "NE 55th St", "Field13": "0", "Field14": "NE 55th St & 33rd Ave NE", "Field15": 2 }, "geometry": null },
{ "type": "Feature", "properties": { "Field1": "10500", "Field2": "Y", "Field3": "SEA", "Field4": "1281431.6000000001", "Field5": "247251.1", "Field6": "YES", "Field7": "ACT", "Field8": "NO", "Field9": "35th Ave NE", "Field10": "98105", "Field11": "79", "Field12": "NE 55th St", "Field13": "0", "Field14": "NE 55th St & 35th Ave NE", "Field15": 2 }, "geometry": null },
{ "type": "Feature", "properties": { "Field1": "10510", "Field2": "Y", "Field3": "SEA", "Field4": "1281824", "Field5": "247243.3", "Field6": "YES", "Field7": "ACT", "Field8": "NO", "Field9": "36th Ave NE", "Field10": "98105", "Field11": "65 79", "Field12": "NE 55th St", "Field13": "0", "Field14": "NE 55th St & 36th Ave NE", "Field15": 2 }, "geometry": null },
{ "type": "Feature", "properties": { "Field1": "10513", "Field2": "Y", "Field3": "SEA", "Field4": "1282773.8999999999", "Field5": "244828", "Field6": "YES", "Field7": "ACT", "Field8": "NO", "Field9": "40th Ave NE", "Field10": "98105", "Field11": "65", "Field12": "40th Ave NE", "Field13": "2", "Field14": "40th Ave NE & 40th Ave NE", "Field15": 3 }, "geometry": null },
{ "type": "Feature", "properties": { "Field1": "10515", "Field2": "Y", "Field3": "SEA", "Field4": "1282788.5", "Field5": "245976.5", "Field6": "YES", "Field7": "ACT", "Field8": "NO", "Field9": "NE 50th St", "Field10": "98105", "Field11": "65", "Field12": "40th Ave NE", "Field13": "0", "Field14": "40th Ave NE & NE 50th St", "Field15": 2 }, "geometry": null },
{ "type": "Feature", "properties": { "Field1": "9575", "Field2": "Y", "Field3": "SEA", "Field4": "1275653.8", "Field5": "242792.9", "Field6": "YES", "Field7": "ACT", "Field8": "NO", "Field9": "University Way NE", "Field10": "98105", "Field11": "255 65", "Field12": "NE Campus Pkwy", "Field13": "1", "Field14": "NE Campus Pkwy & University Way NE", "Field15": 3 }, "geometry": null },
{ "type": "Feature", "properties": { "Field1": "10561", "Field2": "Y", "Field3": "SEA", "Field4": "1282335", "Field5": "244723.8", "Field6": "YES", "Field7": "ACT", "Field8": "NO", "Field9": "38th Ave NE", "Field10": "98105", "Field11": "75", "Field12": "Sand Point Way NE", "Field13": "0", "Field14": "Sand Point Way NE & 38th Ave NE", "Field15": 2 }, "geometry": null },
{ "type": "Feature", "properties": { "Field1": "10562", "Field2": "Y", "Field3": "SEA", "Field4": "1282922.6000000001", "Field5": "245389.6", "Field6": "YES", "Field7": "ACT", "Field8": "NO", "Field9": "40th Ave NE", "Field10": "98105", "Field11": "75", "Field12": "Sand Point Way NE", "Field13": "1", "Field14": "Sand Point Way NE & 40th Ave NE", "Field15": 3 }, "geometry": null },
{ "type": "Feature", "properties": { "Field1": "10564", "Field2": "Y", "Field3": "SEA", "Field4": "1283239.7", "Field5": "245824.5", "Field6": "YES", "Field7": "ACT", "Field8": "NO", "Field9": "NE 50th St", "Field10": "98105", "Field11": "75", "Field12": "Sand Point Way NE", "Field13": "1", "Field14": "Sand Point Way NE & NE 50th St", "Field15": 3 }, "geometry": null },
{ "type": "Feature", "properties": { "Field1": "10566", "Field2": "Y", "Field3": "SEA", "Field4": "1283877.6000000001", "Field5": "246696.2", "Field6": "YES", "Field7": "ACT", "Field8": "NO", "Field9": "NE 52nd St", "Field10": "98105", "Field11": "75", "Field12": "Sand Point Way NE", "Field13": "0", "Field14": "Sand Point Way NE & NE 52nd St", "Field15": 2 }, "geometry": null },
{ "type": "Feature", "properties": { "Field1": "10568", "Field2": "Y", "Field3": "SEA", "Field4": "1284985.1000000001", "Field5": "247094.9", "Field6": "YES", "Field7": "ACT", "Field8": "NO", "Field9": "Princeton Ave NE", "Field10": "98105", "Field11": "75", "Field12": "Sand Point Way NE", "Field13": "0", "Field14": "Sand Point Way NE & Princeton Ave NE", "Field15": 2 }, "geometry": null },
{ "type": "Feature", "properties": { "Field1": "10580", "Field2": "Y", "Field3": "SEA", "Field4": "1286329.5", "Field5": "247813", "Field6": "YES", "Field7": "ACT", "Field8": "NO", "Field9": "NE Windermere Rd", "Field10": "98105", "Field11": "75 79", "Field12": "Sand Point Way NE", "Field13": "0", "Field14": "Sand Point Way NE & NE Windermere Rd", "Field15": 2 }, "geometry": null },
{ "type": "Feature", "properties": { "Field1": "10620", "Field2": "Y", "Field3": "SEA", "Field4": "1288099.8", "Field5": "249847.2", "Field6": "YES", "Field7": "ACT", "Field8": "NO", "Field9": "NE 65th St", "Field10": "98115", "Field11": "62 75", "Field12": "Sand Point Way NE", "Field13": "0", "Field14": "Sand Point Way NE & NE 65th St", "Field15": 2 }, "geometry": null },
{ "type": "Feature", "properties": { "Field1": "10630", "Field2": "Y", "Field3": "SEA", "Field4": "1288102", "Field5": "251220.7", "Field6": "YES", "Field7": "ACT", "Field8": "NO", "Field9": "NE 70th St", "Field10": "98115", "Field11": "62 75", "Field12": "Sand Point Way NE", "Field13": "1", "Field14": "Sand Point Way NE & NE 70th St", "Field15": 3 }, "geometry": null },
{ "type": "Feature", "properties": { "Field1": "10641", "Field2": "Y", "Field3": "SEA", "Field4": "1288107.5", "Field5": "252193.5", "Field6": "YES", "Field7": "ACT", "Field8": "NO", "Field9": "NE 74th St", "Field10": "98115", "Field11": "62 75", "Field12": "Sand Point Way NE", "Field13": "0", "Field14": "Sand Point Way NE & NE 74th St", "Field15": 2 }, "geometry": null },
{ "type": "Feature", "properties": { "Field1": "10650", "Field2": "Y", "Field3": "SEA", "Field4": "1287908.3", "Field5": "253139.4", "Field6": "YES", "Field7": "ACT", "Field8": "NO", "Field9": "NE 77th St", "Field10": "98115", "Field11": "62 75", "Field12": "Sand Point Way NE", "Field13": "0", "Field14": "Sand Point Way NE & NE 77th St", "Field15": 2 }, "geometry": null },
{ "type": "Feature", "properties": { "Field1": "10653", "Field2": "Y", "Field3": "SEA", "Field4": "1289705.8", "Field5": "253652.5", "Field6": "YES", "Field7": "ACT", "Field8": "NO", "Field9": "Unnamed", "Field10": "98115", "Field11": "62", "Field12": "NOAA AcRd", "Field13": "0", "Field14": "NOAA AcRd & Unnamed", "Field15": 2 }, "geometry": null },
{ "type": "Feature", "properties": { "Field1": "10654", "Field2": "Y", "Field3": "SEA", "Field4": "1288841.5", "Field5": "253572.8", "Field6": "YES", "Field7": "ACT", "Field8": "NO", "Field9": "NOAA AcRd", "Field10": "98115", "Field11": "62", "Field12": "NE NOAA Dr", "Field13": "0", "Field14": "NE NOAA Dr & NOAA AcRd", "Field15": 2 }, "geometry": null },
{ "type": "Feature", "properties": { "Field1": "10657", "Field2": "Y", "Field3": "SEA", "Field4": "1289051.3999999999", "Field5": "253551.3", "Field6": "YES", "Field7": "ACT", "Field8": "NO", "Field9": "NOAA AcRd", "Field10": "98115", "Field11": "62", "Field12": "NE NOAA Dr", "Field13": "0", "Field14": "NE NOAA Dr & NOAA AcRd", "Field15": 2 }, "geometry": null },
{ "type": "Feature", "properties": { "Field1": "10658", "Field2": "Y", "Field3": "SEA", "Field4": "1290153.5", "Field5": "253452.5", "Field6": "YES", "Field7": "ACT", "Field8": "NO", "Field9": "NOAA AcRd", "Field10": "98115", "Field11": "62", "Field12": "NOAA AcRd", "Field13": "0", "Field14": "NOAA AcRd & NOAA AcRd", "Field15": 2 }, "geometry": null },
{ "type": "Feature", "properties": { "Field1": "12140", "Field2": "Y", "Field3": "SEA", "Field4": "1280201.3999999999", "Field5": "216231.9", "Field6": "YES", "Field7": "ACT", "Field8": "NO", "Field9": "S Walker St", "Field10": "98144", "Field11": "14", "Field12": "31st Ave S", "Field13": "0", "Field14": "31st Ave S & S Walker St", "Field15": 2 }, "geometry": null },
{ "type": "Feature", "properties": { "Field1": "10760", "Field2": "Y", "Field3": "SEA", "Field4": "1284622.8999999999", "Field5": "260624.9", "Field6": "YES", "Field7": "ACT", "Field8": "NO", "Field9": "NE 106th St", "Field10": "98125", "Field11": "75", "Field12": "Sand Point Way NE", "Field13": "0", "Field14": "Sand Point Way NE & NE 106th St", "Field15": 2 }, "geometry": null },
{ "type": "Feature", "properties": { "Field1": "10780", "Field2": "Y", "Field3": "SEA", "Field4": "1284193.8", "Field5": "262044", "Field6": "YES", "Field7": "ACT", "Field8": "NO", "Field9": "NE 110th St", "Field10": "98125", "Field11": "75", "Field12": "Sand Point Way NE", "Field13": "0", "Field14": "Sand Point Way NE & NE 110th St", "Field15": 2 }, "geometry": null },
{ "type": "Feature", "properties": { "Field1": "12260", "Field2": "Y", "Field3": "SEA", "Field4": "1283418.8999999999", "Field5": "234449.8", "Field6": "YES", "Field7": "ACT", "Field8": "NO", "Field9": "E Garfield St", "Field10": "98112", "Field11": "11", "Field12": "E Madison St", "Field13": "1", "Field14": "E Madison St & E Garfield St", "Field15": 3 }, "geometry": null },
{ "type": "Feature", "properties": { "Field1": "12270", "Field2": "Y", "Field3": "SEA", "Field4": "1282814.8999999999", "Field5": "233867.1", "Field6": "YES", "Field7": "ACT", "Field8": "NO", "Field9": "38th Ave E", "Field10": "98112", "Field11": "11", "Field12": "E Madison St", "Field13": "1", "Field14": "E Madison St & 38th Ave E", "Field15": 3 }, "geometry": null },
{ "type": "Feature", "properties": { "Field1": "12280", "Field2": "Y", "Field3": "SEA", "Field4": "1282190.3", "Field5": "233265.5", "Field6": "YES", "Field7": "ACT", "Field8": "NO", "Field9": "36th Ave E", "Field10": "98112", "Field11": "11", "Field12": "E Madison St", "Field13": "0", "Field14": "E Madison St & 36th Ave E", "Field15": 2 }, "geometry": null },
{ "type": "Feature", "properties": { "Field1": "12290", "Field2": "Y", "Field3": "SEA", "Field4": "1281683.3999999999", "Field5": "232775.8", "Field6": "YES", "Field7": "ACT", "Field8": "NO", "Field9": "34th Ave E", "Field10": "98112", "Field11": "11", "Field12": "E Madison St", "Field13": "0", "Field14": "E Madison St & 34th Ave E", "Field15": 2 }, "geometry": null },
{ "type": "Feature", "properties": { "Field1": "12310", "Field2": "Y", "Field3": "SEA", "Field4": "1280579.3", "Field5": "231710.7", "Field6": "YES", "Field7": "ACT", "Field8": "NO", "Field9": "Lake Washington Blvd", "Field10": "98112", "Field11": "11", "Field12": "E Madison St", "Field13": "1", "Field14": "E Madison St & Lake Washington Blvd", "Field15": 3 }, "geometry": null },
{ "type": "Feature", "properties": { "Field1": "12340", "Field2": "Y", "Field3": "SEA", "Field4": "1278706.8999999999", "Field5": "229904.4", "Field6": "YES", "Field7": "ACT", "Field8": "NO", "Field9": "25th Ave E", "Field10": "98112", "Field11": "11 8", "Field12": "E Madison St", "Field13": "0", "Field14": "E Madison St & 25th Ave E", "Field15": 2 }, "geometry": null },
{ "type": "Feature", "properties": { "Field1": "10525", "Field2": "Y", "Field3": "SEA", "Field4": "1282748.2", "Field5": "247225.3", "Field6": "YES", "Field7": "ACT", "Field8": "NO", "Field9": "40th Ave NE", "Field10": "98105", "Field11": "65 79", "Field12": "NE 55th St", "Field13": "1", "Field14": "NE 55th St & 40th Ave NE", "Field15": 3 }, "geometry": null },
{ "type": "Feature", "properties": { "Field1": "10550", "Field2": "Y", "Field3": "SEA", "Field4": "1284206.7", "Field5": "247403.3", "Field6": "YES", "Field7": "ACT", "Field8": "NO", "Field9": "45th Ave NE", "Field10": "98105", "Field11": "79", "Field12": "NE 55th St", "Field13": "0", "Field14": "NE 55th St & 45th Ave NE", "Field15": 2 }, "geometry": null },
{ "type": "Feature", "properties": { "Field1": "10560", "Field2": "Y", "Field3": "SEA", "Field4": "1285008.7", "Field5": "247453", "Field6": "YES", "Field7": "ACT", "Field8": "NO", "Field9": "Princeton Ave NE", "Field10": "98105", "Field11": "79", "Field12": "NE 55th St", "Field13": "0", "Field14": "NE 55th St & Princeton Ave NE", "Field15": 2 }, "geometry": null },
{ "type": "Feature", "properties": { "Field1": "11890", "Field2": "Y", "Field3": "SEA", "Field4": "1279139.1000000001", "Field5": "222021.3", "Field6": "YES", "Field7": "ACT", "Field8": "NO", "Field9": "Martin L King Jr Way S", "Field10": "98144", "Field11": "14 8", "Field12": "S Jackson St", "Field13": "1", "Field14": "S Jackson St & Martin L King Jr Way S", "Field15": 3 }, "geometry": null },
{ "type": "Feature", "properties": { "Field1": "11910", "Field2": "Y", "Field3": "SEA", "Field4": "1278137.2", "Field5": "222056.6", "Field6": "YES", "Field7": "ACT", "Field8": "NO", "Field9": "23rd Ave S", "Field10": "98144", "Field11": "14", "Field12": "S Jackson St", "Field13": "0", "Field14": "S Jackson St & 23rd Ave S", "Field15": 2 }, "geometry": null },
{ "type": "Feature", "properties": { "Field1": "11920", "Field2": "Y", "Field3": "SEA", "Field4": "1277439.3999999999", "Field5": "222063.4", "Field6": "YES", "Field7": "ACT", "Field8": "NO", "Field9": "20th Pl S", "Field10": "98144", "Field11": "14", "Field12": "S Jackson St", "Field13": "1", "Field14": "S Jackson St & 20th Pl S", "Field15": 3 }, "geometry": null },
{ "type": "Feature", "properties": { "Field1": "11940", "Field2": "Y", "Field3": "SEA", "Field4": "1276278.6000000001", "Field5": "222075.5", "Field6": "YES", "Field7": "ACT", "Field8": "NO", "Field9": "18th Ave S", "Field10": "98144", "Field11": "14", "Field12": "S Jackson St", "Field13": "0", "Field14": "S Jackson St & 18th Ave S", "Field15": 2 }, "geometry": null },
{ "type": "Feature", "properties": { "Field1": "11960", "Field2": "Y", "Field3": "SEA", "Field4": "1275289.1000000001", "Field5": "222086.5", "Field6": "YES", "Field7": "ACT", "Field8": "NO", "Field9": "Rainier Ave S", "Field10": "98144", "Field11": "14", "Field12": "S Jackson St", "Field13": "1", "Field14": "S Jackson St & Rainier Ave S", "Field15": 3 }, "geometry": null },
{ "type": "Feature", "properties": { "Field1": "10600", "Field2": "Y", "Field3": "SEA", "Field4": "1287291.6000000001", "Field5": "248791.3", "Field6": "YES", "Field7": "ACT", "Field8": "NO", "Field9": "NE 61st St", "Field10": "98115", "Field11": "75 79", "Field12": "Sand Point Way NE", "Field13": "0", "Field14": "Sand Point Way NE & NE 61st St", "Field15": 2 }, "geometry": null },
{ "type": "Feature", "properties": { "Field1": "12030", "Field2": "Y", "Field3": "SEA", "Field4": "1279582.8", "Field5": "222004.5", "Field6": "YES", "Field7": "ACT", "Field8": "NO", "Field9": "28th Ave S", "Field10": "98144", "Field11": "14", "Field12": "S Jackson St", "Field13": "0", "Field14": "S Jackson St & 28th Ave S", "Field15": 2 }, "geometry": null },
{ "type": "Feature", "properties": { "Field1": "12040", "Field2": "Y", "Field3": "SEA", "Field4": "1280082.5", "Field5": "221985.3", "Field6": "YES", "Field7": "ACT", "Field8": "NO", "Field9": "30th Ave S", "Field10": "98144", "Field11": "14", "Field12": "S Jackson St", "Field13": "0", "Field14": "S Jackson St & 30th Ave S", "Field15": 2 }, "geometry": null },
{ "type": "Feature", "properties": { "Field1": "12050", "Field2": "Y", "Field3": "SEA", "Field4": "1280388.6000000001", "Field5": "221451", "Field6": "YES", "Field7": "ACT", "Field8": "NO", "Field9": "S King St", "Field10": "98144", "Field11": "14", "Field12": "31st Ave S", "Field13": "0", "Field14": "31st Ave S & S King St", "Field15": 2 }, "geometry": null },
{ "type": "Feature", "properties": { "Field1": "12070", "Field2": "Y", "Field3": "SEA", "Field4": "1280356.3", "Field5": "220638.3", "Field6": "YES", "Field7": "ACT", "Field8": "NO", "Field9": "S Dearborn St", "Field10": "98144", "Field11": "14", "Field12": "31st Ave S", "Field13": "0", "Field14": "31st Ave S & S Dearborn St", "Field15": 2 }, "geometry": null },
{ "type": "Feature", "properties": { "Field1": "12080", "Field2": "Y", "Field3": "SEA", "Field4": "1280322", "Field5": "219748.2", "Field6": "YES", "Field7": "ACT", "Field8": "NO", "Field9": "S Norman St", "Field10": "98144", "Field11": "14", "Field12": "31st Ave S", "Field13": "0", "Field14": "31st Ave S & S Norman St", "Field15": 2 }, "geometry": null },
{ "type": "Feature", "properties": { "Field1": "12090", "Field2": "Y", "Field3": "SEA", "Field4": "1280403.6000000001", "Field5": "218981.7", "Field6": "YES", "Field7": "ACT", "Field8": "NO", "Field9": "S Irving St", "Field10": "98144", "Field11": "14", "Field12": "31st Ave S", "Field13": "0", "Field14": "31st Ave S & S Irving St", "Field15": 2 }, "geometry": null },
{ "type": "Feature", "properties": { "Field1": "12110", "Field2": "Y", "Field3": "SEA", "Field4": "1280344.3", "Field5": "217852.4", "Field6": "YES", "Field7": "ACT", "Field8": "NO", "Field9": "S Massachusetts St", "Field10": "98144", "Field11": "14", "Field12": "31st Ave S", "Field13": "0", "Field14": "31st Ave S & S Massachusetts St", "Field15": 2 }, "geometry": null },
{ "type": "Feature", "properties": { "Field1": "12160", "Field2": "Y", "Field3": "SEA", "Field4": "1280173.5", "Field5": "214773.1", "Field6": "YES", "Field7": "ACT", "Field8": "NO", "Field9": "S Lander St", "Field10": "98144", "Field11": "14", "Field12": "31st Ave S", "Field13": "0", "Field14": "31st Ave S & S Lander St", "Field15": 2 }, "geometry": null },
{ "type": "Feature", "properties": { "Field1": "12170", "Field2": "Y", "Field3": "SEA", "Field4": "1280289.5", "Field5": "214377.3", "Field6": "YES", "Field7": "ACT", "Field8": "NO", "Field9": "31st Ave S", "Field10": "98144", "Field11": "14", "Field12": "S McClellan St", "Field13": "0", "Field14": "S McClellan St & 31st Ave S", "Field15": 2 }, "geometry": null },
{ "type": "Feature", "properties": { "Field1": "12190", "Field2": "Y", "Field3": "SEA", "Field4": "1281226.7", "Field5": "214357.6", "Field6": "YES", "Field7": "ACT", "Field8": "NO", "Field9": "S Mount Baker Blvd", "Field10": "98144", "Field11": "14", "Field12": "S McClellan St", "Field13": "0", "Field14": "S McClellan St & S Mount Baker Blvd", "Field15": 2 }, "geometry": null },
{ "type": "Feature", "properties": { "Field1": "12200", "Field2": "Y", "Field3": "SEA", "Field4": "1281697.6000000001", "Field5": "213785.9", "Field6": "YES", "Field7": "ACT", "Field8": "NO", "Field9": "S Ridgeway Pl", "Field10": "98144", "Field11": "14", "Field12": "Mount Rainier Dr S", "Field13": "0", "Field14": "Mount Rainier Dr S & S Ridgeway Pl", "Field15": 2 }, "geometry": null },
{ "type": "Feature", "properties": { "Field1": "12220", "Field2": "Y", "Field3": "SEA", "Field4": "1284175.8", "Field5": "236381", "Field6": "YES", "Field7": "ACT", "Field8": "NO", "Field9": "E Lynn St", "Field10": "98112", "Field11": "11", "Field12": "42nd Ave E", "Field13": "0", "Field14": "42nd Ave E & E Lynn St", "Field15": 2 }, "geometry": null },
{ "type": "Feature", "properties": { "Field1": "12230", "Field2": "Y", "Field3": "SEA", "Field4": "1284154.7", "Field5": "235601.6", "Field6": "YES", "Field7": "ACT", "Field8": "NO", "Field9": "E Newton St", "Field10": "98112", "Field11": "11", "Field12": "42nd Ave E", "Field13": "0", "Field14": "42nd Ave E & E Newton St", "Field15": 2 }, "geometry": null },
{ "type": "Feature", "properties": { "Field1": "12240", "Field2": "Y", "Field3": "SEA", "Field4": "1284143.5", "Field5": "235196.2", "Field6": "YES", "Field7": "ACT", "Field8": "NO", "Field9": "E Madison St", "Field10": "98112", "Field11": "11", "Field12": "42nd Ave E", "Field13": "0", "Field14": "42nd Ave E & E Madison St", "Field15": 2 }, "geometry": null },
{ "type": "Feature", "properties": { "Field1": "12250", "Field2": "Y", "Field3": "SEA", "Field4": "1283834.1000000001", "Field5": "234851", "Field6": "YES", "Field7": "ACT", "Field8": "NO", "Field9": "41st Ave E", "Field10": "98112", "Field11": "11", "Field12": "E Madison St", "Field13": "1", "Field14": "E Madison St & 41st Ave E", "Field15": 3 }, "geometry": null },
{ "type": "Feature", "properties": { "Field1": "13480", "Field2": "Y", "Field3": "SEA", "Field4": "1272486.8", "Field5": "229499.6", "Field6": "YES", "Field7": "ACT", "Field8": "NO", "Field9": "E Olive Way", "Field10": "98102", "Field11": "3", "Field12": "Summit Ave E", "Field13": "0", "Field14": "Summit Ave E & E Olive Way", "Field15": 2 }, "geometry": null },
{ "type": "Feature", "properties": { "Field1": "13585", "Field2": "Y", "Field3": "SEA", "Field4": "1260363.8", "Field5": "256593.2", "Field6": "YES", "Field7": "ACT", "Field8": "NO", "Field9": "Holman Rd NW", "Field10": "98117", "Field11": "40", "Field12": "15th Ave NW", "Field13": "1", "Field14": "15th Ave NW & Holman Rd NW", "Field15": 3 }, "geometry": null },
{ "type": "Feature", "properties": { "Field1": "13600", "Field2": "Y", "Field3": "SEA", "Field4": "1260303.2", "Field5": "255559.6", "Field6": "YES", "Field7": "ACT", "Field8": "NO", "Field9": "NW 85th St", "Field10": "98117", "Field11": "D", "Field12": "15th Ave NW", "Field13": "0", "Field14": "15th Ave NW & NW 85th St", "Field15": 2 }, "geometry": null },
{ "type": "Feature", "properties": { "Field1": "13620", "Field2": "Y", "Field3": "SEA", "Field4": "1260278.1000000001", "Field5": "254144.1", "Field6": "YES", "Field7": "ACT", "Field8": "NO", "Field9": "NW 80th St", "Field10": "98117", "Field11": "D", "Field12": "15th Ave NW", "Field13": "1", "Field14": "15th Ave NW & NW 80th St", "Field15": 3 }, "geometry": null },
{ "type": "Feature", "properties": { "Field1": "13640", "Field2": "Y", "Field3": "SEA", "Field4": "1260257", "Field5": "252946.1", "Field6": "YES", "Field7": "ACT", "Field8": "NO", "Field9": "NW 75th St", "Field10": "98117", "Field11": "D", "Field12": "15th Ave NW", "Field13": "1", "Field14": "15th Ave NW & NW 75th St", "Field15": 3 }, "geometry": null },
{ "type": "Feature", "properties": { "Field1": "13660", "Field2": "Y", "Field3": "SEA", "Field4": "1260229.6000000001", "Field5": "251433.8", "Field6": "YES", "Field7": "ACT", "Field8": "NO", "Field9": "NW 70th St", "Field10": "98117", "Field11": "D", "Field12": "15th Ave NW", "Field13": "1", "Field14": "15th Ave NW & NW 70th St", "Field15": 3 }, "geometry": null },
{ "type": "Feature", "properties": { "Field1": "11980", "Field2": "Y", "Field3": "SEA", "Field4": "1276183.6000000001", "Field5": "222076.6", "Field6": "YES", "Field7": "ACT", "Field8": "NO", "Field9": "17th Ave S", "Field10": "98144", "Field11": "14", "Field12": "S Jackson St", "Field13": "0", "Field14": "S Jackson St & 17th Ave S", "Field15": 2 }, "geometry": null },
{ "type": "Feature", "properties": { "Field1": "11990", "Field2": "Y", "Field3": "SEA", "Field4": "1277130.6000000001", "Field5": "222066.7", "Field6": "YES", "Field7": "ACT", "Field8": "NO", "Field9": "20th Ave S", "Field10": "98144", "Field11": "14", "Field12": "S Jackson St", "Field13": "0", "Field14": "S Jackson St & 20th Ave S", "Field15": 2 }, "geometry": null },
{ "type": "Feature", "properties": { "Field1": "12010", "Field2": "Y", "Field3": "SEA", "Field4": "1278233.2", "Field5": "222056.1", "Field6": "YES", "Field7": "ACT", "Field8": "NO", "Field9": "23rd Ave S", "Field10": "98144", "Field11": "14 8", "Field12": "S Jackson St", "Field13": "0", "Field14": "S Jackson St & 23rd Ave S", "Field15": 2 }, "geometry": null },
{ "type": "Feature", "properties": { "Field1": "13291", "Field2": "Y", "Field3": "SEA", "Field4": "1272539.1000000001", "Field5": "225884.9", "Field6": "YES", "Field7": "ACT", "Field8": "NO", "Field9": "Boren Ave", "Field10": "98104", "Field11": "60", "Field12": "Madison St", "Field13": "0", "Field14": "Madison St & Boren Ave", "Field15": 2 }, "geometry": null },
{ "type": "Feature", "properties": { "Field1": "13310", "Field2": "Y", "Field3": "SEA", "Field4": "1276899", "Field5": "229163.5", "Field6": "YES", "Field7": "ACT", "Field8": "NO", "Field9": "E Denny Way", "Field10": "98122", "Field11": "12", "Field12": "19th Ave E", "Field13": "0", "Field14": "19th Ave E & E Denny Way", "Field15": 2 }, "geometry": null },
{ "type": "Feature", "properties": { "Field1": "13320", "Field2": "Y", "Field3": "SEA", "Field4": "1276912.1000000001", "Field5": "229591.2", "Field6": "YES", "Field7": "ACT", "Field8": "NO", "Field9": "E John St", "Field10": "98112", "Field11": "12", "Field12": "19th Ave E", "Field13": "0", "Field14": "19th Ave E & E John St", "Field15": 2 }, "geometry": null },
{ "type": "Feature", "properties": { "Field1": "12130", "Field2": "Y", "Field3": "SEA", "Field4": "1280212", "Field5": "216792.4", "Field6": "YES", "Field7": "ACT", "Field8": "NO", "Field9": "S Plum St", "Field10": "98144", "Field11": "14", "Field12": "31st Ave S", "Field13": "0", "Field14": "31st Ave S & S Plum St", "Field15": 2 }, "geometry": null },
{ "type": "Feature", "properties": { "Field1": "13370", "Field2": "Y", "Field3": "SEA", "Field4": "1276978.5", "Field5": "232207", "Field6": "YES", "Field7": "ACT", "Field8": "NO", "Field9": "E Aloha St", "Field10": "98112", "Field11": "12", "Field12": "19th Ave E", "Field13": "0", "Field14": "19th Ave E & E Aloha St", "Field15": 2 }, "geometry": null },
{ "type": "Feature", "properties": { "Field1": "13380", "Field2": "Y", "Field3": "SEA", "Field4": "1276997.3", "Field5": "232869.7", "Field6": "YES", "Field7": "ACT", "Field8": "NO", "Field9": "E Prospect St", "Field10": "98112", "Field11": "12", "Field12": "19th Ave E", "Field13": "0", "Field14": "19th Ave E & E Prospect St", "Field15": 2 }, "geometry": null },
{ "type": "Feature", "properties": { "Field1": "13381", "Field2": "Y", "Field3": "SEA", "Field4": "1277017.3", "Field5": "233579.8", "Field6": "YES", "Field7": "ACT", "Field8": "NO", "Field9": "E Highland Dr", "Field10": "98112", "Field11": "12", "Field12": "19th Ave E", "Field13": "0", "Field14": "19th Ave E & E Highland Dr", "Field15": 2 }, "geometry": null },
{ "type": "Feature", "properties": { "Field1": "13410", "Field2": "Y", "Field3": "SEA", "Field4": "1272193.3999999999", "Field5": "230892.9", "Field6": "YES", "Field7": "ACT", "Field8": "NO", "Field9": "E Republican St", "Field10": "98102", "Field11": "3", "Field12": "Bellevue Ave E", "Field13": "1", "Field14": "Bellevue Ave E & E Republican St", "Field15": 3 }, "geometry": null },
{ "type": "Feature", "properties": { "Field1": "13420", "Field2": "Y", "Field3": "SEA", "Field4": "1272179.1000000001", "Field5": "229966.8", "Field6": "YES", "Field7": "ACT", "Field8": "NO", "Field9": "E Thomas St", "Field10": "98102", "Field11": "3", "Field12": "Bellevue Ave E", "Field13": "0", "Field14": "Bellevue Ave E & E Thomas St", "Field15": 2 }, "geometry": null },
{ "type": "Feature", "properties": { "Field1": "13430", "Field2": "Y", "Field3": "SEA", "Field4": "1272128.8999999999", "Field5": "229236.5", "Field6": "YES", "Field7": "ACT", "Field8": "NO", "Field9": "E Denny Way", "Field10": "98122", "Field11": "3", "Field12": "Bellevue Ave E", "Field13": "0", "Field14": "Bellevue Ave E & E Denny Way", "Field15": 2 }, "geometry": null },
{ "type": "Feature", "properties": { "Field1": "13441", "Field2": "Y", "Field3": "SEA", "Field4": "1272098.8", "Field5": "228539.3", "Field6": "YES", "Field7": "ACT", "Field8": "NO", "Field9": "E Olive Way", "Field10": "98122", "Field11": "11 3", "Field12": "Bellevue Ave", "Field13": "0", "Field14": "Bellevue Ave & E Olive Way", "Field15": 2 }, "geometry": null },
{ "type": "Feature", "properties": { "Field1": "13460", "Field2": "Y", "Field3": "SEA", "Field4": "1272097.7", "Field5": "228456.7", "Field6": "YES", "Field7": "ACT", "Field8": "NO", "Field9": "E Olive St", "Field10": "98122", "Field11": "11 3", "Field12": "Bellevue Ave", "Field13": "1", "Field14": "Bellevue Ave & E Olive St", "Field15": 3 }, "geometry": null },
{ "type": "Feature", "properties": { "Field1": "13500", "Field2": "Y", "Field3": "SEA", "Field4": "1272503.5", "Field5": "230532.6", "Field6": "YES", "Field7": "ACT", "Field8": "NO", "Field9": "E Harrison St", "Field10": "98102", "Field11": "3", "Field12": "Summit Ave E", "Field13": "0", "Field14": "Summit Ave E & E Harrison St", "Field15": 2 }, "geometry": null },
{ "type": "Feature", "properties": { "Field1": "13510", "Field2": "Y", "Field3": "SEA", "Field4": "1272517.1000000001", "Field5": "231389.2", "Field6": "YES", "Field7": "ACT", "Field8": "NO", "Field9": "E Mercer St", "Field10": "98102", "Field11": "3", "Field12": "Summit Ave E", "Field13": "0", "Field14": "Summit Ave E & E Mercer St", "Field15": 2 }, "geometry": null },
{ "type": "Feature", "properties": { "Field1": "15570", "Field2": "Y", "Field3": "SEA", "Field4": "1255709.2", "Field5": "215829", "Field6": "YES", "Field7": "ACT", "Field8": "NO", "Field9": "SW Waite St", "Field10": "98116", "Field11": "50 56 57 775", "Field12": "SW Admiral Way", "Field13": "0", "Field14": "SW Admiral Way & SW Waite St", "Field15": 2 }, "geometry": null },
{ "type": "Feature", "properties": { "Field1": "15580", "Field2": "Y", "Field3": "SEA", "Field4": "1255345.1000000001", "Field5": "215390.9", "Field6": "YES", "Field7": "ACT", "Field8": "NO", "Field9": "SW Lander St", "Field10": "98116", "Field11": "50 56 57 775", "Field12": "SW Admiral Way", "Field13": "0", "Field14": "SW Admiral Way & SW Lander St", "Field15": 2 }, "geometry": null },
{ "type": "Feature", "properties": { "Field1": "15588", "Field2": "Y", "Field3": "SEA", "Field4": "1254469.8999999999", "Field5": "215219.7", "Field6": "YES", "Field7": "ACT", "Field8": "NO", "Field9": "51st Ave SW", "Field10": "98116", "Field11": "50 56 775", "Field12": "SW Admiral Way", "Field13": "0", "Field14": "SW Admiral Way & 51st Ave SW", "Field15": 2 }, "geometry": null },
{ "type": "Feature", "properties": { "Field1": "13670", "Field2": "Y", "Field3": "SEA", "Field4": "1260253.6000000001", "Field5": "250436.8", "Field6": "YES", "Field7": "ACT", "Field8": "NO", "Field9": "NW 65th St", "Field10": "98117", "Field11": "D", "Field12": "15th Ave NW", "Field13": "1", "Field14": "15th Ave NW & NW 65th St", "Field15": 3 }, "geometry": null },
{ "type": "Feature", "properties": { "Field1": "15652", "Field2": "Y", "Field3": "SEA", "Field4": "1250482.8999999999", "Field5": "214917", "Field6": "YES", "Field7": "ACT", "Field8": "NO", "Field9": "Alki Ave SW", "Field10": "98116", "Field11": "50 56 775", "Field12": "63rd Ave SW", "Field13": "0", "Field14": "63rd Ave SW & Alki Ave SW", "Field15": 2 }, "geometry": null },
{ "type": "Feature", "properties": { "Field1": "13330", "Field2": "Y", "Field3": "SEA", "Field4": "1276921", "Field5": "229886.1", "Field6": "YES", "Field7": "ACT", "Field8": "NO", "Field9": "E Thomas St", "Field10": "98112", "Field11": "12", "Field12": "19th Ave E", "Field13": "0", "Field14": "19th Ave E & E Thomas St", "Field15": 2 }, "geometry": null },
{ "type": "Feature", "properties": { "Field1": "13340", "Field2": "Y", "Field3": "SEA", "Field4": "1276934.1000000001", "Field5": "230316.5", "Field6": "YES", "Field7": "ACT", "Field8": "NO", "Field9": "E Harrison St", "Field10": "98112", "Field11": "12", "Field12": "19th Ave E", "Field13": "0", "Field14": "19th Ave E & E Harrison St", "Field15": 2 }, "geometry": null },
{ "type": "Feature", "properties": { "Field1": "13350", "Field2": "Y", "Field3": "SEA", "Field4": "1276951.2", "Field5": "230879.9", "Field6": "YES", "Field7": "ACT", "Field8": "NO", "Field9": "E Republican St", "Field10": "98112", "Field11": "12", "Field12": "19th Ave E", "Field13": "0", "Field14": "19th Ave E & E Republican St", "Field15": 2 }, "geometry": null },
{ "type": "Feature", "properties": { "Field1": "13360", "Field2": "Y", "Field3": "SEA", "Field4": "1276962.3", "Field5": "231634.1", "Field6": "YES", "Field7": "ACT", "Field8": "NO", "Field9": "E Roy St", "Field10": "98112", "Field11": "12", "Field12": "19th Ave E", "Field13": "0", "Field14": "19th Ave E & E Roy St", "Field15": 2 }, "geometry": null },
{ "type": "Feature", "properties": { "Field1": "15395", "Field2": "Y", "Field3": "SEA", "Field4": "1269979.6000000001", "Field5": "213629.9", "Field6": "YES", "Field7": "ACT", "Field8": "NO", "Field9": "S Hanford St", "Field10": "98134", "Field11": "21 50", "Field12": "1st Ave S", "Field13": "1", "Field14": "1st Ave S & S Hanford St", "Field15": 3 }, "geometry": null },
{ "type": "Feature", "properties": { "Field1": "15460", "Field2": "Y", "Field3": "SEA", "Field4": "1262063", "Field5": "212286.9", "Field6": "YES", "Field7": "ACT", "Field8": "NO", "Field9": "26th Ave SW", "Field10": "98126", "Field11": "21", "Field12": "SW Spokane St", "Field13": "0", "Field14": "SW Spokane St & 26th Ave SW", "Field15": 2 }, "geometry": null },
{ "type": "Feature", "properties": { "Field1": "15480", "Field2": "Y", "Field3": "SEA", "Field4": "1260255.3999999999", "Field5": "213186.7", "Field6": "YES", "Field7": "ACT", "Field8": "NO", "Field9": "SW City View St", "Field10": "98126", "Field11": "56 57", "Field12": "SW Admiral Way", "Field13": "0", "Field14": "SW Admiral Way & SW City View St", "Field15": 2 }, "geometry": null },
{ "type": "Feature", "properties": { "Field1": "15500", "Field2": "Y", "Field3": "SEA", "Field4": "1259535.1000000001", "Field5": "215432.2", "Field6": "YES", "Field7": "ACT", "Field8": "NO", "Field9": "SW Olga St", "Field10": "98126", "Field11": "56 57", "Field12": "SW Admiral Way", "Field13": "0", "Field14": "SW Admiral Way & SW Olga St", "Field15": 2 }, "geometry": null },
{ "type": "Feature", "properties": { "Field1": "15521", "Field2": "Y", "Field3": "SEA", "Field4": "1258550.2", "Field5": "215837.7", "Field6": "LTD", "Field7": "ACT", "Field8": "NO", "Field9": "38th Ave SW", "Field10": "98126", "Field11": "56 57", "Field12": "SW Admiral Way", "Field13": "0", "Field14": "SW Admiral Way & 38th Ave SW", "Field15": 0 }, "geometry": null },
{ "type": "Feature", "properties": { "Field1": "15532", "Field2": "Y", "Field3": "SEA", "Field4": "1257547.7", "Field5": "215857.2", "Field6": "YES", "Field7": "ACT", "Field8": "NO", "Field9": "41st Ave SW", "Field10": "98116", "Field11": "56 57", "Field12": "SW Admiral Way", "Field13": "0", "Field14": "SW Admiral Way & 41st Ave SW", "Field15": 2 }, "geometry": null },
{ "type": "Feature", "properties": { "Field1": "15540", "Field2": "Y", "Field3": "SEA", "Field4": "1257022.3", "Field5": "215873.2", "Field6": "YES", "Field7": "ACT", "Field8": "NO", "Field9": "California Ave SW", "Field10": "98116", "Field11": "50 56 57 775", "Field12": "SW Admiral Way", "Field13": "1", "Field14": "SW Admiral Way & California Ave SW", "Field15": 3 }, "geometry": null },
{ "type": "Feature", "properties": { "Field1": "17300", "Field2": "Y", "Field3": "SEA", "Field4": "1270707.3999999999", "Field5": "245059.6", "Field6": "YES", "Field7": "ACT", "Field8": "NO", "Field9": "N 46th St", "Field10": "98103", "Field11": "62", "Field12": "Meridian Ave N", "Field13": "0", "Field14": "Meridian Ave N & N 46th St", "Field15": 2 }, "geometry": null },
{ "type": "Feature", "properties": { "Field1": "15610", "Field2": "Y", "Field3": "SEA", "Field4": "1253616.3999999999", "Field5": "215085.6", "Field6": "YES", "Field7": "ACT", "Field8": "NO", "Field9": "SW Lander St", "Field10": "98116", "Field11": "50 56 775", "Field12": "SW Admiral Way", "Field13": "0", "Field14": "SW Admiral Way & SW Lander St", "Field15": 2 }, "geometry": null },
{ "type": "Feature", "properties": { "Field1": "15630", "Field2": "Y", "Field3": "SEA", "Field4": "1252441.5", "Field5": "214472.5", "Field6": "YES", "Field7": "ACT", "Field8": "NO", "Field9": "57th Ave SW", "Field10": "98116", "Field11": "50 56 775", "Field12": "SW Admiral Way", "Field13": "0", "Field14": "SW Admiral Way & 57th Ave SW", "Field15": 2 }, "geometry": null },
{ "type": "Feature", "properties": { "Field1": "15650", "Field2": "Y", "Field3": "SEA", "Field4": "1251113", "Field5": "214062.5", "Field6": "YES", "Field7": "ACT", "Field8": "NO", "Field9": "61st Ave SW", "Field10": "98116", "Field11": "50 56 775", "Field12": "SW Admiral Way", "Field13": "0", "Field14": "SW Admiral Way & 61st Ave SW", "Field15": 2 }, "geometry": null },
{ "type": "Feature", "properties": { "Field1": "15651", "Field2": "Y", "Field3": "SEA", "Field4": "1250453.3999999999", "Field5": "214199.9", "Field6": "YES", "Field7": "ACT", "Field8": "NO", "Field9": "SW Admiral Way", "Field10": "98116", "Field11": "50 56 775", "Field12": "63rd Ave SW", "Field13": "0", "Field14": "63rd Ave SW & SW Admiral Way", "Field15": 2 }, "geometry": null },
{ "type": "Feature", "properties": { "Field1": "17440", "Field2": "Y", "Field3": "SEA", "Field4": "1270723.8", "Field5": "245787.2", "Field6": "YES", "Field7": "ACT", "Field8": "NO", "Field9": "N 48th St", "Field10": "98103", "Field11": "62", "Field12": "Meridian Ave N", "Field13": "0", "Field14": "Meridian Ave N & N 48th St", "Field15": 2 }, "geometry": null },
{ "type": "Feature", "properties": { "Field1": "17460", "Field2": "Y", "Field3": "SEA", "Field4": "1270755.6000000001", "Field5": "247042.7", "Field6": "YES", "Field7": "ACT", "Field8": "NO", "Field9": "N 53rd St", "Field10": "98103", "Field11": "62", "Field12": "Meridian Ave N", "Field13": "0", "Field14": "Meridian Ave N & N 53rd St", "Field15": 2 }, "geometry": null },
{ "type": "Feature", "properties": { "Field1": "17470", "Field2": "Y", "Field3": "SEA", "Field4": "1271025.8", "Field5": "247532.1", "Field6": "YES", "Field7": "ACT", "Field8": "NO", "Field9": "Keystone Pl N", "Field10": "98103", "Field11": "62", "Field12": "N 56th St", "Field13": "0", "Field14": "N 56th St & Keystone Pl N", "Field15": 2 }, "geometry": null },
{ "type": "Feature", "properties": { "Field1": "17640", "Field2": "Y", "Field3": "SEA", "Field4": "1270232.7", "Field5": "254340.8", "Field6": "YES", "Field7": "ACT", "Field8": "NO", "Field9": "N 80th St", "Field10": "98103", "Field11": "45", "Field12": "Wallingford Ave N", "Field13": "0", "Field14": "Wallingford Ave N & N 80th St", "Field15": 2 }, "geometry": null },
{ "type": "Feature", "properties": { "Field1": "17650", "Field2": "Y", "Field3": "SEA", "Field4": "1270240.5", "Field5": "254904.9", "Field6": "YES", "Field7": "ACT", "Field8": "NO", "Field9": "N 82nd St", "Field10": "98103", "Field11": "45", "Field12": "Wallingford Ave N", "Field13": "1", "Field14": "Wallingford Ave N & N 82nd St", "Field15": 3 }, "geometry": null },
{ "type": "Feature", "properties": { "Field1": "17651", "Field2": "Y", "Field3": "SEA", "Field4": "1270246.7", "Field5": "255643", "Field6": "LTD", "Field7": "ACT", "Field8": "NO", "Field9": "N 85th St", "Field10": "98103", "Field11": "61", "Field12": "Wallingford Ave N", "Field13": "0", "Field14": "Wallingford Ave N & N 85th St", "Field15": 0 }, "geometry": null },
{ "type": "Feature", "properties": { "Field1": "15451", "Field2": "Y", "Field3": "SEA", "Field4": "1262753", "Field5": "212276.3", "Field6": "YES", "Field7": "ACT", "Field8": "NO", "Field9": "Chelan Ave SW", "Field10": "98106", "Field11": "21", "Field12": "SW Spokane St", "Field13": "1", "Field14": "SW Spokane St & Chelan Ave SW", "Field15": 3 }, "geometry": null },
{ "type": "Feature", "properties": { "Field1": "17180", "Field2": "Y", "Field3": "SEA", "Field4": "1272060.3999999999", "Field5": "250719.8", "Field6": "YES", "Field7": "ACT", "Field8": "NO", "Field9": "1st Ave NE", "Field10": "98103", "Field11": "62", "Field12": "Woodlawn Ave NE", "Field13": "1", "Field14": "Woodlawn Ave NE & 1st Ave NE", "Field15": 3 }, "geometry": null },
{ "type": "Feature", "properties": { "Field1": "17209", "Field2": "Y", "Field3": "SEA", "Field4": "1270960.7", "Field5": "249647.9", "Field6": "YES", "Field7": "ACT", "Field8": "NO", "Field9": "N 63rd St", "Field10": "98103", "Field11": "62", "Field12": "Woodlawn Ave N", "Field13": "1", "Field14": "Woodlawn Ave N & N 63rd St", "Field15": 3 }, "geometry": null },
{ "type": "Feature", "properties": { "Field1": "17230", "Field2": "Y", "Field3": "SEA", "Field4": "1270855.3", "Field5": "248578.8", "Field6": "YES", "Field7": "ACT", "Field8": "NO", "Field9": "N 59th St", "Field10": "98103", "Field11": "62", "Field12": "Kirkwood Pl N", "Field13": "0", "Field14": "Kirkwood Pl N & N 59th St", "Field15": 2 }, "geometry": null },
{ "type": "Feature", "properties": { "Field1": "17250", "Field2": "Y", "Field3": "SEA", "Field4": "1270979.7", "Field5": "247513", "Field6": "YES", "Field7": "ACT", "Field8": "NO", "Field9": "Keystone Pl N", "Field10": "98103", "Field11": "62", "Field12": "N 56th St", "Field13": "0", "Field14": "N 56th St & Keystone Pl N", "Field15": 2 }, "geometry": null },
{ "type": "Feature", "properties": { "Field1": "17260", "Field2": "Y", "Field3": "SEA", "Field4": "1270758.7", "Field5": "247164.6", "Field6": "YES", "Field7": "ACT", "Field8": "NO", "Field9": "N 54th St", "Field10": "98103", "Field11": "62", "Field12": "Meridian Ave N", "Field13": "1", "Field14": "Meridian Ave N & N 54th St", "Field15": 3 }, "geometry": null },
{ "type": "Feature", "properties": { "Field1": "17280", "Field2": "Y", "Field3": "SEA", "Field4": "1270732.1000000001", "Field5": "246112.1", "Field6": "YES", "Field7": "ACT", "Field8": "NO", "Field9": "N 50th St", "Field10": "98103", "Field11": "62", "Field12": "Meridian Ave N", "Field13": "0", "Field14": "Meridian Ave N & N 50th St", "Field15": 2 }, "geometry": null },
{ "type": "Feature", "properties": { "Field1": "17310", "Field2": "Y", "Field3": "SEA", "Field4": "1270255.3", "Field5": "244866.1", "Field6": "YES", "Field7": "ACT", "Field8": "NO", "Field9": "Wallingford Ave N", "Field10": "98103", "Field11": "44 62", "Field12": "N 45th St", "Field13": "1", "Field14": "N 45th St & Wallingford Ave N", "Field15": 3 }, "geometry": null },
{ "type": "Feature", "properties": { "Field1": "17410", "Field2": "Y", "Field3": "SEA", "Field4": "1270285.8", "Field5": "244865.5", "Field6": "YES", "Field7": "ACT", "Field8": "NO", "Field9": "Wallingford Ave N", "Field10": "98103", "Field11": "44 62", "Field12": "N 45th St", "Field13": "1", "Field14": "N 45th St & Wallingford Ave N", "Field15": 3 }, "geometry": null },
{ "type": "Feature", "properties": { "Field1": "17420", "Field2": "Y", "Field3": "SEA", "Field4": "1270707.8999999999", "Field5": "244957.6", "Field6": "YES", "Field7": "ACT", "Field8": "NO", "Field9": "N 45th St", "Field10": "98103", "Field11": "62", "Field12": "Meridian Ave N", "Field13": "0", "Field14": "Meridian Ave N & N 45th St", "Field15": 2 }, "geometry": null },
{ "type": "Feature", "properties": { "Field1": "17490", "Field2": "Y", "Field3": "SEA", "Field4": "1270868.8999999999", "Field5": "248546.5", "Field6": "YES", "Field7": "ACT", "Field8": "NO", "Field9": "N 59th St", "Field10": "98103", "Field11": "62", "Field12": "Kirkwood Pl N", "Field13": "0", "Field14": "Kirkwood Pl N & N 59th St", "Field15": 2 }, "geometry": null },
{ "type": "Feature", "properties": { "Field1": "17510", "Field2": "Y", "Field3": "SEA", "Field4": "1270919.8", "Field5": "249601", "Field6": "YES", "Field7": "ACT", "Field8": "NO", "Field9": "N 63rd St", "Field10": "98103", "Field11": "62", "Field12": "Woodlawn Ave N", "Field13": "0", "Field14": "Woodlawn Ave N & N 63rd St", "Field15": 2 }, "geometry": null },
{ "type": "Feature", "properties": { "Field1": "17530", "Field2": "Y", "Field3": "SEA", "Field4": "1271953.7", "Field5": "250728.6", "Field6": "YES", "Field7": "ACT", "Field8": "NO", "Field9": "Sunnyside Ave N", "Field10": "98103", "Field11": "62", "Field12": "Woodlawn Ave NE", "Field13": "1", "Field14": "Woodlawn Ave NE & Sunnyside Ave N", "Field15": 3 }, "geometry": null },
{ "type": "Feature", "properties": { "Field1": "18770", "Field2": "Y", "Field3": "SEA", "Field4": "1255603.8", "Field5": "247691.3", "Field6": "YES", "Field7": "ACT", "Field8": "NO", "Field9": "NW Market St", "Field10": "98107", "Field11": "17E", "Field12": "NW 54th St", "Field13": "0", "Field14": "NW 54th St & NW Market St", "Field15": 2 }, "geometry": null },
{ "type": "Feature", "properties": { "Field1": "18785", "Field2": "Y", "Field3": "SEA", "Field4": "1255405", "Field5": "247808.6", "Field6": "YES", "Field7": "ACT", "Field8": "NO", "Field9": "30th Ave NW", "Field10": "98107", "Field11": "44", "Field12": "NW Market St", "Field13": "0", "Field14": "NW Market St & 30th Ave NW", "Field15": 2 }, "geometry": null },
{ "type": "Feature", "properties": { "Field1": "18790", "Field2": "Y", "Field3": "SEA", "Field4": "1254845.6000000001", "Field5": "247788.4", "Field6": "YES", "Field7": "ACT", "Field8": "NO", "Field9": "NW Market St", "Field10": "98107", "Field11": "17E", "Field12": "32nd Ave NW", "Field13": "0", "Field14": "32nd Ave NW & NW Market St", "Field15": 2 }, "geometry": null },
{ "type": "Feature", "properties": { "Field1": "18800", "Field2": "Y", "Field3": "SEA", "Field4": "1254853.5", "Field5": "248236.4", "Field6": "YES", "Field7": "ACT", "Field8": "NO", "Field9": "NW 56th St", "Field10": "98107", "Field11": "17E", "Field12": "32nd Ave NW", "Field13": "0", "Field14": "32nd Ave NW & NW 56th St", "Field15": 2 }, "geometry": null },
{ "type": "Feature", "properties": { "Field1": "18810", "Field2": "Y", "Field3": "SEA", "Field4": "1254861.8999999999", "Field5": "248742.7", "Field6": "YES", "Field7": "ACT", "Field8": "NO", "Field9": "NW 58th St", "Field10": "98107", "Field11": "17E", "Field12": "32nd Ave NW", "Field13": "0", "Field14": "32nd Ave NW & NW 58th St", "Field15": 2 }, "geometry": null },
{ "type": "Feature", "properties": { "Field1": "18870", "Field2": "Y", "Field3": "SEA", "Field4": "1254916.3", "Field5": "252122.6", "Field6": "YES", "Field7": "ACT", "Field8": "NO", "Field9": "NW 71st St", "Field10": "98117", "Field11": "17E", "Field12": "32nd Ave NW", "Field13": "0", "Field14": "32nd Ave NW & NW 71st St", "Field15": 2 }, "geometry": null },
{ "type": "Feature", "properties": { "Field1": "18880", "Field2": "Y", "Field3": "SEA", "Field4": "1254925.2", "Field5": "252640.8", "Field6": "YES", "Field7": "ACT", "Field8": "NO", "Field9": "NW 73rd St", "Field10": "98117", "Field11": "17E", "Field12": "32nd Ave NW", "Field13": "0", "Field14": "32nd Ave NW & NW 73rd St", "Field15": 2 }, "geometry": null },
{ "type": "Feature", "properties": { "Field1": "18890", "Field2": "Y", "Field3": "SEA", "Field4": "1254960.2", "Field5": "253246.4", "Field6": "YES", "Field7": "ACT", "Field8": "NO", "Field9": "NW 75th St", "Field10": "98117", "Field11": "17E", "Field12": "32nd Ave NW", "Field13": "0", "Field14": "32nd Ave NW & NW 75th St", "Field15": 2 }, "geometry": null },
{ "type": "Feature", "properties": { "Field1": "18900", "Field2": "Y", "Field3": "SEA", "Field4": "1254969.8999999999", "Field5": "253819.7", "Field6": "YES", "Field7": "ACT", "Field8": "NO", "Field9": "NW 77th St", "Field10": "98117", "Field11": "17E", "Field12": "32nd Ave NW", "Field13": "0", "Field14": "32nd Ave NW & NW 77th St", "Field15": 2 }, "geometry": null },
{ "type": "Feature", "properties": { "Field1": "18910", "Field2": "Y", "Field3": "SEA", "Field4": "1254986.2", "Field5": "254511.1", "Field6": "YES", "Field7": "ACT", "Field8": "NO", "Field9": "NW 80th St", "Field10": "98117", "Field11": "17E", "Field12": "32nd Ave NW", "Field13": "0", "Field14": "32nd Ave NW & NW 80th St", "Field15": 2 }, "geometry": null },
{ "type": "Feature", "properties": { "Field1": "18920", "Field2": "Y", "Field3": "SEA", "Field4": "1254994.8", "Field5": "255008.5", "Field6": "YES", "Field7": "ACT", "Field8": "NO", "Field9": "Loyal Way NW", "Field10": "98117", "Field11": "17E", "Field12": "32nd Ave NW", "Field13": "0", "Field14": "32nd Ave NW & Loyal Way NW", "Field15": 2 }, "geometry": null },
{ "type": "Feature", "properties": { "Field1": "18930", "Field2": "Y", "Field3": "SEA", "Field4": "1255005.7", "Field5": "255618.7", "Field6": "YES", "Field7": "ACT", "Field8": "NO", "Field9": "Loyal Way NW", "Field10": "98117", "Field11": "17E", "Field12": "32nd Ave NW", "Field13": "0", "Field14": "32nd Ave NW & Loyal Way NW", "Field15": 2 }, "geometry": null },
{ "type": "Feature", "properties": { "Field1": "18940", "Field2": "Y", "Field3": "SEA", "Field4": "1254903.3999999999", "Field5": "256548.9", "Field6": "YES", "Field7": "ACT", "Field8": "NO", "Field9": "NW 87th St", "Field10": "98117", "Field11": "17E", "Field12": "Golden Gardens Dr NW", "Field13": "0", "Field14": "Golden Gardens Dr NW & NW 87th St", "Field15": 2 }, "geometry": null },
{ "type": "Feature", "properties": { "Field1": "18941", "Field2": "Y", "Field3": "SEA", "Field4": "1254736.6000000001", "Field5": "256994.1", "Field6": "NO", "Field7": "ACT", "Field8": "NO", "Field9": "Loyal Ave NW", "Field10": "98117", "Field11": "17E", "Field12": "Golden Gardens Dr NW", "Field13": "0", "Field14": "Golden Gardens Dr NW & Loyal Ave NW", "Field15": 0 }, "geometry": null },
{ "type": "Feature", "properties": { "Field1": "18942", "Field2": "Y", "Field3": "SEA", "Field4": "1254416", "Field5": "257169.9", "Field6": "NO", "Field7": "ACT", "Field8": "NO", "Field9": "Golden Gardens Dr NW", "Field10": "98117", "Field11": "17E", "Field12": "View Ave NW", "Field13": "0", "Field14": "View Ave NW & Golden Gardens Dr NW", "Field15": 0 }, "geometry": null },
{ "type": "Feature", "properties": { "Field1": "18990", "Field2": "Y", "Field3": "SEA", "Field4": "1256945", "Field5": "202690.6", "Field6": "YES", "Field7": "ACT", "Field8": "NO", "Field9": "SW Morgan St", "Field10": "98136", "Field11": "773", "Field12": "Fauntleroy Way SW", "Field13": "1", "Field14": "Fauntleroy Way SW & SW Morgan St", "Field15": 3 }, "geometry": null },
{ "type": "Feature", "properties": { "Field1": "19000", "Field2": "Y", "Field3": "SEA", "Field4": "1257983.5", "Field5": "204648.4", "Field6": "YES", "Field7": "ACT", "Field8": "NO", "Field9": "SW Juneau St", "Field10": "98136", "Field11": "773", "Field12": "Fauntleroy Way SW", "Field13": "1", "Field14": "Fauntleroy Way SW & SW Juneau St", "Field15": 3 }, "geometry": null },
{ "type": "Feature", "properties": { "Field1": "20940", "Field2": "Y", "Field3": "SEA", "Field4": "1253687.2", "Field5": "237014.2", "Field6": "YES", "Field7": "ACT", "Field8": "NO", "Field9": "35th Ave W", "Field10": "98199", "Field11": "24", "Field12": "Viewmont Way W", "Field13": "0", "Field14": "Viewmont Way W & 35th Ave W", "Field15": 2 }, "geometry": null },
{ "type": "Feature", "properties": { "Field1": "20950", "Field2": "Y", "Field3": "SEA", "Field4": "1253302.6000000001", "Field5": "236623.7", "Field6": "YES", "Field7": "ACT", "Field8": "NO", "Field9": "Edgemont Pl W", "Field10": "98199", "Field11": "24", "Field12": "Viewmont Way W", "Field13": "0", "Field14": "Viewmont Way W & Edgemont Pl W", "Field15": 2 }, "geometry": null },
{ "type": "Feature", "properties": { "Field1": "18696", "Field2": "Y", "Field3": "SEA", "Field4": "1260038.8", "Field5": "245900.1", "Field6": "YES", "Field7": "ACT", "Field8": "NO", "Field9": "15th Ave NW", "Field10": "98107", "Field11": "40", "Field12": "NW Leary Way", "Field13": "0", "Field14": "NW Leary Way & 15th Ave NW", "Field15": 2 }, "geometry": null },
{ "type": "Feature", "properties": { "Field1": "18720", "Field2": "Y", "Field3": "SEA", "Field4": "1258692.8", "Field5": "247187.8", "Field6": "YES", "Field7": "ACT", "Field8": "NO", "Field9": "NW Vernon Pl", "Field10": "98107", "Field11": "40", "Field12": "Leary Ave NW", "Field13": "0", "Field14": "Leary Ave NW & NW Vernon Pl", "Field15": 2 }, "geometry": null },
{ "type": "Feature", "properties": { "Field1": "18760", "Field2": "Y", "Field3": "SEA", "Field4": "1256245.7", "Field5": "247797.3", "Field6": "YES", "Field7": "ACT", "Field8": "NO", "Field9": "28th Ave NW", "Field10": "98107", "Field11": "17E 44", "Field12": "NW Market St", "Field13": "0", "Field14": "NW Market St & 28th Ave NW", "Field15": 2 }, "geometry": null },
{ "type": "Feature", "properties": { "Field1": "20710", "Field2": "Y", "Field3": "SEA", "Field4": "1255871.8", "Field5": "234837", "Field6": "YES", "Field7": "ACT", "Field8": "NO", "Field9": "W Eaton St", "Field10": "98199", "Field11": "24 33", "Field12": "28th Ave W", "Field13": "0", "Field14": "28th Ave W & W Eaton St", "Field15": 2 }, "geometry": null },
{ "type": "Feature", "properties": { "Field1": "20720", "Field2": "Y", "Field3": "SEA", "Field4": "1256314", "Field5": "234540.3", "Field6": "YES", "Field7": "ACT", "Field8": "NO", "Field9": "Thorndyke Ave W", "Field10": "98199", "Field11": "24 33", "Field12": "W Galer St", "Field13": "0", "Field14": "W Galer St & Thorndyke Ave W", "Field15": 2 }, "geometry": null },
{ "type": "Feature", "properties": { "Field1": "20730", "Field2": "Y", "Field3": "SEA", "Field4": "1258516", "Field5": "234906.2", "Field6": "NO", "Field7": "ACT", "Field8": "NO", "Field9": "Unnamed", "Field10": "98119", "Field11": "24 33", "Field12": "Magnolia Brg", "Field13": "0", "Field14": "Magnolia Brg & Unnamed", "Field15": 0 }, "geometry": null },
{ "type": "Feature", "properties": { "Field1": "18820", "Field2": "Y", "Field3": "SEA", "Field4": "1254865", "Field5": "249193.5", "Field6": "YES", "Field7": "ACT", "Field8": "NO", "Field9": "NW 60th St", "Field10": "98107", "Field11": "17E", "Field12": "32nd Ave NW", "Field13": "0", "Field14": "32nd Ave NW & NW 60th St", "Field15": 2 }, "geometry": null },
{ "type": "Feature", "properties": { "Field1": "18830", "Field2": "Y", "Field3": "SEA", "Field4": "1254871.1000000001", "Field5": "249732.4", "Field6": "YES", "Field7": "ACT", "Field8": "NO", "Field9": "NW 62nd St", "Field10": "98107", "Field11": "17E", "Field12": "32nd Ave NW", "Field13": "0", "Field14": "32nd Ave NW & NW 62nd St", "Field15": 2 }, "geometry": null },
{ "type": "Feature", "properties": { "Field1": "18840", "Field2": "Y", "Field3": "SEA", "Field4": "1254881.8999999999", "Field5": "250280.3", "Field6": "YES", "Field7": "ACT", "Field8": "NO", "Field9": "NW 64th St", "Field10": "98107", "Field11": "17E", "Field12": "32nd Ave NW", "Field13": "0", "Field14": "32nd Ave NW & NW 64th St", "Field15": 2 }, "geometry": null },
{ "type": "Feature", "properties": { "Field1": "18850", "Field2": "Y", "Field3": "SEA", "Field4": "1254893.3", "Field5": "250784.8", "Field6": "YES", "Field7": "ACT", "Field8": "NO", "Field9": "NW 66th St", "Field10": "98117", "Field11": "17E", "Field12": "32nd Ave NW", "Field13": "0", "Field14": "32nd Ave NW & NW 66th St", "Field15": 2 }, "geometry": null },
{ "type": "Feature", "properties": { "Field1": "18860", "Field2": "Y", "Field3": "SEA", "Field4": "1254905.1000000001", "Field5": "251475.3", "Field6": "YES", "Field7": "ACT", "Field8": "NO", "Field9": "NW 69th St", "Field10": "98117", "Field11": "17E", "Field12": "32nd Ave NW", "Field13": "0", "Field14": "32nd Ave NW & NW 69th St", "Field15": 2 }, "geometry": null },
{ "type": "Feature", "properties": { "Field1": "20829", "Field2": "Y", "Field3": "SEA", "Field4": "1265747.5", "Field5": "229341.5", "Field6": "YES", "Field7": "ACT", "Field8": "NO", "Field9": "2nd Ave N", "Field10": "98121", "Field11": "13 2 24 33 8", "Field12": "Denny Way", "Field13": "0", "Field14": "Denny Way & 2nd Ave N", "Field15": 2 }, "geometry": null },
{ "type": "Feature", "properties": { "Field1": "20880", "Field2": "Y", "Field3": "SEA", "Field4": "1256187.2", "Field5": "235174.6", "Field6": "YES", "Field7": "ACT", "Field8": "NO", "Field9": "W Hayes St", "Field10": "98199", "Field11": "24 33", "Field12": "Thorndyke Ave W", "Field13": "0", "Field14": "Thorndyke Ave W & W Hayes St", "Field15": 2 }, "geometry": null },
{ "type": "Feature", "properties": { "Field1": "20890", "Field2": "Y", "Field3": "SEA", "Field4": "1255893.1000000001", "Field5": "235495.4", "Field6": "YES", "Field7": "ACT", "Field8": "NO", "Field9": "W Blaine St", "Field10": "98199", "Field11": "24 31", "Field12": "28th Ave W", "Field13": "0", "Field14": "28th Ave W & W Blaine St", "Field15": 2 }, "geometry": null },
{ "type": "Feature", "properties": { "Field1": "20960", "Field2": "Y", "Field3": "SEA", "Field4": "1252727", "Field5": "236422.7", "Field6": "YES", "Field7": "ACT", "Field8": "NO", "Field9": "Constance Dr W", "Field10": "98199", "Field11": "24", "Field12": "West Viewmont Way W", "Field13": "0", "Field14": "West Viewmont Way W & Constance Dr W", "Field15": 2 }, "geometry": null },
{ "type": "Feature", "properties": { "Field1": "20970", "Field2": "Y", "Field3": "SEA", "Field4": "1252405.8", "Field5": "236934.2", "Field6": "YES", "Field7": "ACT", "Field8": "NO", "Field9": "Montavista Pl W", "Field10": "98199", "Field11": "24", "Field12": "West Viewmont Way W", "Field13": "0", "Field14": "West Viewmont Way W & Montavista Pl W", "Field15": 2 }, "geometry": null },
{ "type": "Feature", "properties": { "Field1": "20980", "Field2": "Y", "Field3": "SEA", "Field4": "1251913.2", "Field5": "237496.8", "Field6": "YES", "Field7": "ACT", "Field8": "NO", "Field9": "W Parkmont Pl", "Field10": "98199", "Field11": "24", "Field12": "West Viewmont Way W", "Field13": "0", "Field14": "West Viewmont Way W & W Parkmont Pl", "Field15": 2 }, "geometry": null },
{ "type": "Feature", "properties": { "Field1": "20990", "Field2": "Y", "Field3": "SEA", "Field4": "1251853.3999999999", "Field5": "238293.6", "Field6": "YES", "Field7": "ACT", "Field8": "NO", "Field9": "Westmont Way W", "Field10": "98199", "Field11": "24", "Field12": "West Viewmont Way W", "Field13": "0", "Field14": "West Viewmont Way W & Westmont Way W", "Field15": 2 }, "geometry": null },
{ "type": "Feature", "properties": { "Field1": "21000", "Field2": "Y", "Field3": "SEA", "Field4": "1251865.8999999999", "Field5": "238679.3", "Field6": "YES", "Field7": "ACT", "Field8": "NO", "Field9": "W Raye St", "Field10": "98199", "Field11": "24", "Field12": "West Viewmont Way W", "Field13": "0", "Field14": "West Viewmont Way W & W Raye St", "Field15": 2 }, "geometry": null },
{ "type": "Feature", "properties": { "Field1": "21010", "Field2": "Y", "Field3": "SEA", "Field4": "1251883.8999999999", "Field5": "239231", "Field6": "YES", "Field7": "ACT", "Field8": "NO", "Field9": "W Armour St", "Field10": "98199", "Field11": "24", "Field12": "West Viewmont Way W", "Field13": "0", "Field14": "West Viewmont Way W & W Armour St", "Field15": 2 }, "geometry": null },
{ "type": "Feature", "properties": { "Field1": "21020", "Field2": "Y", "Field3": "SEA", "Field4": "1251913.6000000001", "Field5": "240039.8", "Field6": "YES", "Field7": "ACT", "Field8": "NO", "Field9": "W Barrett St", "Field10": "98199", "Field11": "24", "Field12": "West Viewmont Way W", "Field13": "0", "Field14": "West Viewmont Way W & W Barrett St", "Field15": 2 }, "geometry": null },
{ "type": "Feature", "properties": { "Field1": "21030", "Field2": "Y", "Field3": "SEA", "Field4": "1251927.6000000001", "Field5": "240631.2", "Field6": "YES", "Field7": "ACT", "Field8": "NO", "Field9": "W Dravus St", "Field10": "98199", "Field11": "24", "Field12": "West Viewmont Way W", "Field13": "0", "Field14": "West Viewmont Way W & W Dravus St", "Field15": 2 }, "geometry": null },
{ "type": "Feature", "properties": { "Field1": "21040", "Field2": "Y", "Field3": "SEA", "Field4": "1251942.3999999999", "Field5": "241315.20000000001", "Field6": "YES", "Field7": "ACT", "Field8": "NO", "Field9": "W Bertona St", "Field10": "98199", "Field11": "24", "Field12": "West Viewmont Way W", "Field13": "0", "Field14": "West Viewmont Way W & W Bertona St", "Field15": 2 }, "geometry": null },
{ "type": "Feature", "properties": { "Field1": "21050", "Field2": "Y", "Field3": "SEA", "Field4": "1251687.5", "Field5": "241886.4", "Field6": "YES", "Field7": "ACT", "Field8": "NO", "Field9": "W Ruffner St", "Field10": "98199", "Field11": "24", "Field12": "West Viewmont Way W", "Field13": "0", "Field14": "West Viewmont Way W & W Ruffner St", "Field15": 2 }, "geometry": null },
{ "type": "Feature", "properties": { "Field1": "22280", "Field2": "Y", "Field3": "SEA", "Field4": "1258978.8999999999", "Field5": "191218", "Field6": "YES", "Field7": "ACT", "Field8": "NO", "Field9": "35th Ave SW", "Field10": "98146", "Field11": "21E 22", "Field12": "SW 100th St", "Field13": "0", "Field14": "SW 100th St & 35th Ave SW", "Field15": 2 }, "geometry": null },
{ "type": "Feature", "properties": { "Field1": "22290", "Field2": "Y", "Field3": "SEA", "Field4": "1258401.8999999999", "Field5": "191234", "Field6": "YES", "Field7": "ACT", "Field8": "NO", "Field9": "37th Ave SW", "Field10": "98126", "Field11": "21E 22", "Field12": "SW 100th St", "Field13": "0", "Field14": "SW 100th St & 37th Ave SW", "Field15": 2 }, "geometry": null },
{ "type": "Feature", "properties": { "Field1": "43090", "Field2": "Y", "Field3": "SEA", "Field4": "1266534.5", "Field5": "267500.59999999998", "Field6": "YES", "Field7": "ACT", "Field8": "NO", "Field9": "Dayton Ave N", "Field10": "98133", "Field11": "345", "Field12": "N 130th St", "Field13": "0", "Field14": "N 130th St & Dayton Ave N", "Field15": 2 }, "geometry": null },
{ "type": "Feature", "properties": { "Field1": "43095", "Field2": "Y", "Field3": "SEA", "Field4": "1267627.6000000001", "Field5": "268529.5", "Field6": "YES", "Field7": "ACT", "Field8": "NO", "Field9": "Four Freedoms Home AcRd", "Field10": "98133", "Field11": "345", "Field12": "Four Freedoms Home AcRd", "Field13": "1", "Field14": "Four Freedoms Home AcRd & Four Freedoms Home AcRd", "Field15": 3 }, "geometry": null },
{ "type": "Feature", "properties": { "Field1": "43100", "Field2": "Y", "Field3": "SEA", "Field4": "1267698.3999999999", "Field5": "267478.09999999998", "Field6": "YES", "Field7": "ACT", "Field8": "NO", "Field9": "Linden Ave N", "Field10": "98133", "Field11": "345", "Field12": "N 130th St", "Field13": "1", "Field14": "N 130th St & Linden Ave N", "Field15": 3 }, "geometry": null },
{ "type": "Feature", "properties": { "Field1": "43110", "Field2": "Y", "Field3": "SEA", "Field4": "1268468.1000000001", "Field5": "267467.2", "Field6": "YES", "Field7": "ACT", "Field8": "NO", "Field9": "Aurora Ave N", "Field10": "98133", "Field11": "345", "Field12": "N 130th St", "Field13": "1", "Field14": "N 130th St & Aurora Ave N", "Field15": 3 }, "geometry": null },
{ "type": "Feature", "properties": { "Field1": "43130", "Field2": "Y", "Field3": "SEA", "Field4": "1269794.5", "Field5": "267430.7", "Field6": "YES", "Field7": "ACT", "Field8": "NO", "Field9": "Ashworth Ave N", "Field10": "98133", "Field11": "345", "Field12": "N 130th St", "Field13": "0", "Field14": "N 130th St & Ashworth Ave N", "Field15": 2 }, "geometry": null },
{ "type": "Feature", "properties": { "Field1": "30190", "Field2": "Y", "Field3": "SEA", "Field4": "1282057.6000000001", "Field5": "192501.9", "Field6": "YES", "Field7": "ACT", "Field8": "NO", "Field9": "S Cambridge St", "Field10": "98118", "Field11": "107", "Field12": "39th Ave S", "Field13": "0", "Field14": "39th Ave S & S Cambridge St", "Field15": 2 }, "geometry": null },
{ "type": "Feature", "properties": { "Field1": "30211", "Field2": "Y", "Field3": "SEA", "Field4": "1282008.2", "Field5": "193806", "Field6": "YES", "Field7": "ACT", "Field8": "NO", "Field9": "39th Ave S", "Field10": "98118", "Field11": "107", "Field12": "Beacon Ave S", "Field13": "0", "Field14": "Beacon Ave S & 39th Ave S", "Field15": 2 }, "geometry": null },
{ "type": "Feature", "properties": { "Field1": "31660", "Field2": "Y", "Field3": "SEA", "Field4": "1274854.7", "Field5": "198113.2", "Field6": "YES", "Field7": "ACT", "Field8": "NO", "Field9": "East Marginal Way S", "Field10": "98108", "Field11": "60", "Field12": "16th Ave S", "Field13": "0", "Field14": "16th Ave S & East Marginal Way S", "Field15": 2 }, "geometry": null },
{ "type": "Feature", "properties": { "Field1": "31670", "Field2": "Y", "Field3": "SEA", "Field4": "1274403.3", "Field5": "195726.4", "Field6": "YES", "Field7": "ACT", "Field8": "NO", "Field9": "S Cloverdale St", "Field10": "98108", "Field11": "60", "Field12": "14th Ave S", "Field13": "0", "Field14": "14th Ave S & S Cloverdale St", "Field15": 2 }, "geometry": null },
{ "type": "Feature", "properties": { "Field1": "31680", "Field2": "Y", "Field3": "SEA", "Field4": "1273603.5", "Field5": "195572.2", "Field6": "YES", "Field7": "ACT", "Field8": "NO", "Field9": "12th Ave S", "Field10": "98108", "Field11": "132 60 987E", "Field12": "S Cloverdale St", "Field13": "1", "Field14": "S Cloverdale St & 12th Ave S", "Field15": 3 }, "geometry": null },
{ "type": "Feature", "properties": { "Field1": "31700", "Field2": "Y", "Field3": "SEA", "Field4": "1272330.3", "Field5": "195602.6", "Field6": "YES", "Field7": "ACT", "Field8": "NO", "Field9": "8th Ave S", "Field10": "98108", "Field11": "60", "Field12": "S Cloverdale St", "Field13": "1", "Field14": "S Cloverdale St & 8th Ave S", "Field15": 3 }, "geometry": null },
{ "type": "Feature", "properties": { "Field1": "31720", "Field2": "Y", "Field3": "SEA", "Field4": "1271137.2", "Field5": "195631", "Field6": "YES", "Field7": "ACT", "Field8": "NO", "Field9": "5th Ave S", "Field10": "98108", "Field11": "60", "Field12": "S Cloverdale St", "Field13": "1", "Field14": "S Cloverdale St & 5th Ave S", "Field15": 3 }, "geometry": null },
{ "type": "Feature", "properties": { "Field1": "26850", "Field2": "Y", "Field3": "SEA", "Field4": "1266955.8", "Field5": "239137.7", "Field6": "YES", "Field7": "ACT", "Field8": "NO", "Field9": "Westlake Aly N", "Field10": "98109", "Field11": "40", "Field12": "Westlake Ave N", "Field13": "0", "Field14": "Westlake Ave N & Westlake Aly N", "Field15": 2 }, "geometry": null },
{ "type": "Feature", "properties": { "Field1": "26860", "Field2": "Y", "Field3": "SEA", "Field4": "1266667.8999999999", "Field5": "240730.7", "Field6": "YES", "Field7": "ACT", "Field8": "NO", "Field9": "N 34th St", "Field10": "98103", "Field11": "31 32 40 62", "Field12": "Fremont Ave N", "Field13": "0", "Field14": "Fremont Ave N & N 34th St", "Field15": 2 }, "geometry": null },
{ "type": "Feature", "properties": { "Field1": "26870", "Field2": "Y", "Field3": "SEA", "Field4": "1267346.5", "Field5": "240805.4", "Field6": "YES", "Field7": "ACT", "Field8": "NO", "Field9": "Troll Ave N", "Field10": "98103", "Field11": "31 32 62", "Field12": "N 35th St", "Field13": "0", "Field14": "N 35th St & Troll Ave N", "Field15": 2 }, "geometry": null },
{ "type": "Feature", "properties": { "Field1": "26885", "Field2": "Y", "Field3": "SEA", "Field4": "1268184.2", "Field5": "240597.8", "Field6": "YES", "Field7": "ACT", "Field8": "NO", "Field9": "Woodland Park Ave N", "Field10": "98103", "Field11": "31 32 62", "Field12": "N 35th St", "Field13": "1", "Field14": "N 35th St & Woodland Park Ave N", "Field15": 3 }, "geometry": null },
{ "type": "Feature", "properties": { "Field1": "900", "Field2": "Y", "Field3": "SEA", "Field4": "1269958.6000000001", "Field5": "228530.3", "Field6": "YES", "Field7": "ACT", "Field8": "NO", "Field9": "9th Ave", "Field10": "98101", "Field11": "256 303 322 70", "Field12": "Virginia St", "Field13": "1", "Field14": "Virginia St & 9th Ave", "Field15": 3 }, "geometry": null },
{ "type": "Feature", "properties": { "Field1": "905", "Field2": "Y", "Field3": "SEA", "Field4": "1271300.6000000001", "Field5": "229372.9", "Field6": "YES", "Field7": "ACT", "Field8": "NO", "Field9": "Yale Ave N", "Field10": "98109", "Field11": "101 102 150 218 545EN", "Field12": "Stewart St", "Field13": "0", "Field14": "Stewart St & Yale Ave N", "Field15": 2 }, "geometry": null },
{ "type": "Feature", "properties": { "Field1": "45610", "Field2": "Y", "Field3": "SEA", "Field4": "1285372.1000000001", "Field5": "199181.5", "Field6": "YES", "Field7": "ACT", "Field8": "NO", "Field9": "Rainier Ave S", "Field10": "98118", "Field11": "50", "Field12": "S Othello St", "Field13": "1", "Field14": "S Othello St & Rainier Ave S", "Field15": 3 }, "geometry": null },
{ "type": "Feature", "properties": { "Field1": "45630", "Field2": "Y", "Field3": "SEA", "Field4": "1284156.2", "Field5": "199242.3", "Field6": "NO", "Field7": "ACT", "Field8": "NO", "Field9": "46th Ave S", "Field10": "98118", "Field11": "50", "Field12": "S Othello St", "Field13": "0", "Field14": "S Othello St & 46th Ave S", "Field15": 0 }, "geometry": null },
{ "type": "Feature", "properties": { "Field1": "860", "Field2": "Y", "Field3": "SEA", "Field4": "1271446.3999999999", "Field5": "223744.4", "Field6": "YES", "Field7": "ACT", "Field8": "NO", "Field9": "James St", "Field10": "98104", "Field12": "5th Ave", "Field13": "3", "Field14": "5th Ave & James St", "Field15": 3 }, "geometry": null },
{ "type": "Feature", "properties": { "Field1": "880", "Field2": "Y", "Field3": "SEA", "Field4": "1269200.3", "Field5": "227696.3", "Field6": "YES", "Field7": "ACT", "Field8": "NO", "Field9": "6th Ave", "Field10": "98101", "Field11": "256 7 70", "Field12": "Virginia St", "Field13": "1", "Field14": "Virginia St & 6th Ave", "Field15": 3 }, "geometry": null },
{ "type": "Feature", "properties": { "Field1": "940", "Field2": "Y", "Field3": "SEA", "Field4": "1270219.1000000001", "Field5": "228183.7", "Field6": "YES", "Field7": "ACT", "Field8": "NO", "Field9": "9th Ave", "Field10": "98101", "Field11": "101 102 150 218 256 545E 70N", "Field12": "Stewart St", "Field13": "0", "Field14": "Stewart St & 9th Ave", "Field15": 2 }, "geometry": null },
{ "type": "Feature", "properties": { "Field1": "950", "Field2": "Y", "Field3": "SEA", "Field4": "1269814.1000000001", "Field5": "227738.5", "Field6": "YES", "Field7": "ACT", "Field8": "NO", "Field9": "7th Ave", "Field10": "98101", "Field11": "101 102 150 218 256N 545E 70N", "Field12": "Stewart St", "Field13": "1", "Field14": "Stewart St & 7th Ave", "Field15": 3 }, "geometry": null },
{ "type": "Feature", "properties": { "Field1": "970", "Field2": "Y", "Field3": "SEA", "Field4": "1269008.1000000001", "Field5": "226852", "Field6": "YES", "Field7": "ACT", "Field8": "NO", "Field9": "4th Ave", "Field10": "98101", "Field11": "101 102 150 218 256N", "Field12": "Stewart St", "Field13": "0", "Field14": "Stewart St & 4th Ave", "Field15": 2 }, "geometry": null },
{ "type": "Feature", "properties": { "Field1": "3155", "Field2": "Y", "Field3": "SEA", "Field4": "1273653.1000000001", "Field5": "227129.3", "Field6": "YES", "Field7": "ACT", "Field8": "NO", "Field9": "Broadway", "Field10": "98122", "Field11": "2", "Field12": "E Union St", "Field13": "1", "Field14": "E Union St & Broadway", "Field15": 3 }, "geometry": null },
{ "type": "Feature", "properties": { "Field1": "3156", "Field2": "Y", "Field3": "SEA", "Field4": "1274365.8999999999", "Field5": "226964.8", "Field6": "YES", "Field7": "ACT", "Field8": "NO", "Field9": "12th Ave", "Field10": "98122", "Field11": "2", "Field12": "E Madison St", "Field13": "0", "Field14": "E Madison St & 12th Ave", "Field15": 2 }, "geometry": null },
{ "type": "Feature", "properties": { "Field1": "3160", "Field2": "Y", "Field3": "SEA", "Field4": "1274824.5", "Field5": "227091.5", "Field6": "YES", "Field7": "ACT", "Field8": "NO", "Field9": "13th Ave", "Field10": "98122", "Field11": "2", "Field12": "E Union St", "Field13": "0", "Field14": "E Union St & 13th Ave", "Field15": 2 }, "geometry": null },
{ "type": "Feature", "properties": { "Field1": "3230", "Field2": "Y", "Field3": "SEA", "Field4": "1279751.1000000001", "Field5": "227016.9", "Field6": "YES", "Field7": "ACT", "Field8": "NO", "Field9": "Martin L King Jr Way", "Field10": "98122", "Field11": "2", "Field12": "E Union St", "Field13": "1", "Field14": "E Union St & Martin L King Jr Way", "Field15": 3 }, "geometry": null },
{ "type": "Feature", "properties": { "Field1": "3240", "Field2": "Y", "Field3": "SEA", "Field4": "1280220.6000000001", "Field5": "227002.3", "Field6": "YES", "Field7": "ACT", "Field8": "NO", "Field9": "30th Ave", "Field10": "98122", "Field11": "2", "Field12": "E Union St", "Field13": "0", "Field14": "E Union St & 30th Ave", "Field15": 2 }, "geometry": null },
{ "type": "Feature", "properties": { "Field1": "3250", "Field2": "Y", "Field3": "SEA", "Field4": "1280853.8999999999", "Field5": "226976.4", "Field6": "YES", "Field7": "ACT", "Field8": "NO", "Field9": "32nd Ave", "Field10": "98122", "Field11": "2 988E", "Field12": "E Union St", "Field13": "0", "Field14": "E Union St & 32nd Ave", "Field15": 2 }, "geometry": null },
{ "type": "Feature", "properties": { "Field1": "3271", "Field2": "Y", "Field3": "SEA", "Field4": "1281369.3999999999", "Field5": "228347.1", "Field6": "YES", "Field7": "ACT", "Field8": "NO", "Field9": "E Olive St", "Field10": "98122", "Field11": "2", "Field12": "34th Ave", "Field13": "0", "Field14": "34th Ave & E Olive St", "Field15": 2 }, "geometry": null },
{ "type": "Feature", "properties": { "Field1": "3190", "Field2": "Y", "Field3": "SEA", "Field4": "1276453", "Field5": "227057.7", "Field6": "YES", "Field7": "ACT", "Field8": "NO", "Field9": "18th Ave", "Field10": "98122", "Field11": "2", "Field12": "E Union St", "Field13": "0", "Field14": "E Union St & 18th Ave", "Field15": 2 }, "geometry": null },
{ "type": "Feature", "properties": { "Field1": "3200", "Field2": "Y", "Field3": "SEA", "Field4": "1277097.7", "Field5": "227047.5", "Field6": "YES", "Field7": "ACT", "Field8": "NO", "Field9": "20th Ave", "Field10": "98122", "Field11": "2", "Field12": "E Union St", "Field13": "0", "Field14": "E Union St & 20th Ave", "Field15": 2 }, "geometry": null },
{ "type": "Feature", "properties": { "Field1": "3210", "Field2": "Y", "Field3": "SEA", "Field4": "1278245.3999999999", "Field5": "227039.1", "Field6": "YES", "Field7": "ACT", "Field8": "NO", "Field9": "23rd Ave", "Field10": "98122", "Field11": "2", "Field12": "E Union St", "Field13": "0", "Field14": "E Union St & 23rd Ave", "Field15": 2 }, "geometry": null },
{ "type": "Feature", "properties": { "Field1": "3220", "Field2": "Y", "Field3": "SEA", "Field4": "1279053.2", "Field5": "227019", "Field6": "YES", "Field7": "ACT", "Field8": "NO", "Field9": "26th Ave", "Field10": "98122", "Field11": "2", "Field12": "E Union St", "Field13": "0", "Field14": "E Union St & 26th Ave", "Field15": 2 }, "geometry": null },
{ "type": "Feature", "properties": { "Field1": "5560", "Field2": "Y", "Field3": "SEA", "Field4": "1265836.8999999999", "Field5": "270730.3", "Field6": "YES", "Field7": "ACT", "Field8": "NO", "Field9": "N 143rd St", "Field10": "98133", "Field11": "345 5", "Field12": "Greenwood Ave N", "Field13": "1", "Field14": "Greenwood Ave N & N 143rd St", "Field15": 3 }, "geometry": null },
{ "type": "Feature", "properties": { "Field1": "5580", "Field2": "Y", "Field3": "SEA", "Field4": "1265813.8", "Field5": "269419", "Field6": "YES", "Field7": "ACT", "Field8": "NO", "Field9": "N 137th St", "Field10": "98133", "Field11": "345 5", "Field12": "Greenwood Ave N", "Field13": "1", "Field14": "Greenwood Ave N & N 137th St", "Field15": 3 }, "geometry": null },
{ "type": "Feature", "properties": { "Field1": "5590", "Field2": "Y", "Field3": "SEA", "Field4": "1265797.5", "Field5": "268682.40000000002", "Field6": "YES", "Field7": "ACT", "Field8": "NO", "Field9": "N 134th St", "Field10": "98133", "Field11": "345 5", "Field12": "Greenwood Ave N", "Field13": "1", "Field14": "Greenwood Ave N & N 134th St", "Field15": 3 }, "geometry": null },
{ "type": "Feature", "properties": { "Field1": "3280", "Field2": "Y", "Field3": "SEA", "Field4": "1281381.3", "Field5": "228660.9", "Field6": "YES", "Field7": "ACT", "Field8": "NO", "Field9": "E Howell St", "Field10": "98122", "Field11": "2", "Field12": "34th Ave", "Field13": "0", "Field14": "34th Ave & E Howell St", "Field15": 2 }, "geometry": null },
{ "type": "Feature", "properties": { "Field1": "3293", "Field2": "Y", "Field3": "SEA", "Field4": "1281338.2", "Field5": "227518.2", "Field6": "YES", "Field7": "ACT", "Field8": "NO", "Field9": "E Pike St", "Field10": "98122", "Field11": "2", "Field12": "34th Ave", "Field13": "0", "Field14": "34th Ave & E Pike St", "Field15": 2 }, "geometry": null },
{ "type": "Feature", "properties": { "Field1": "3300", "Field2": "Y", "Field3": "SEA", "Field4": "1282392.3", "Field5": "228883.4", "Field6": "YES", "Field7": "ACT", "Field8": "NO", "Field9": "38th Ave", "Field10": "98112", "Field11": "2", "Field12": "Madrona Dr", "Field13": "0", "Field14": "Madrona Dr & 38th Ave", "Field15": 2 }, "geometry": null },
{ "type": "Feature", "properties": { "Field1": "3310", "Field2": "Y", "Field3": "SEA", "Field4": "1282504.6000000001", "Field5": "228264.9", "Field6": "YES", "Field7": "ACT", "Field8": "NO", "Field9": "E Olive St", "Field10": "98122", "Field11": "2", "Field12": "Madrona Dr", "Field13": "0", "Field14": "Madrona Dr & E Olive St", "Field15": 2 }, "geometry": null },
{ "type": "Feature", "properties": { "Field1": "3320", "Field2": "Y", "Field3": "SEA", "Field4": "1282694.2", "Field5": "227717.6", "Field6": "LTD", "Field7": "ACT", "Field8": "NO", "Field9": "E Pine St", "Field10": "98122", "Field11": "2", "Field12": "Madrona Dr", "Field13": "0", "Field14": "Madrona Dr & E Pine St", "Field15": 0 }, "geometry": null },
{ "type": "Feature", "properties": { "Field1": "3330", "Field2": "Y", "Field3": "SEA", "Field4": "1282964.6000000001", "Field5": "227154.5", "Field6": "YES", "Field7": "ACT", "Field8": "NO", "Field9": "Newport Way", "Field10": "98122", "Field11": "2", "Field12": "Madrona Dr", "Field13": "0", "Field14": "Madrona Dr & Newport Way", "Field15": 2 }, "geometry": null },
{ "type": "Feature", "properties": { "Field1": "5660", "Field2": "Y", "Field3": "SEA", "Field4": "1265715.8999999999", "Field5": "264062.09999999998", "Field6": "LTD", "Field7": "ACT", "Field8": "NO", "Field9": "N 117th St", "Field10": "98133", "Field11": "5", "Field12": "Greenwood Ave N", "Field13": "1", "Field14": "Greenwood Ave N & N 117th St", "Field15": 1 }, "geometry": null },
{ "type": "Feature", "properties": { "Field1": "5670", "Field2": "Y", "Field3": "SEA", "Field4": "1265705.8999999999", "Field5": "263464", "Field6": "YES", "Field7": "ACT", "Field8": "NO", "Field9": "N 115th St", "Field10": "98133", "Field11": "5", "Field12": "Greenwood Ave N", "Field13": "0", "Field14": "Greenwood Ave N & N 115th St", "Field15": 2 }, "geometry": null },
{ "type": "Feature", "properties": { "Field1": "5690", "Field2": "Y", "Field3": "SEA", "Field4": "1265686.5", "Field5": "262121.7", "Field6": "YES", "Field7": "ACT", "Field8": "NO", "Field9": "N 110th St", "Field10": "98133", "Field11": "5", "Field12": "Greenwood Ave N", "Field13": "1", "Field14": "Greenwood Ave N & N 110th St", "Field15": 3 }, "geometry": null },
{ "type": "Feature", "properties": { "Field1": "5710", "Field2": "Y", "Field3": "SEA", "Field4": "1265667.5", "Field5": "260693.8", "Field6": "YES", "Field7": "ACT", "Field8": "NO", "Field9": "Holman Rd N", "Field10": "98133", "Field11": "5", "Field12": "Greenwood Ave N", "Field13": "1", "Field14": "Greenwood Ave N & Holman Rd N", "Field15": 3 }, "geometry": null },
{ "type": "Feature", "properties": { "Field1": "5610", "Field2": "Y", "Field3": "SEA", "Field4": "1265772.7", "Field5": "267418.09999999998", "Field6": "YES", "Field7": "ACT", "Field8": "NO", "Field9": "N 130th St", "Field10": "98133", "Field11": "5", "Field12": "Greenwood Ave N", "Field13": "1", "Field14": "Greenwood Ave N & N 130th St", "Field15": 3 }, "geometry": null },
{ "type": "Feature", "properties": { "Field1": "5630", "Field2": "Y", "Field3": "SEA", "Field4": "1265752.5", "Field5": "266220.79999999999", "Field6": "YES", "Field7": "ACT", "Field8": "NO", "Field9": "N 125th St", "Field10": "98133", "Field11": "5", "Field12": "Greenwood Ave N", "Field13": "1", "Field14": "Greenwood Ave N & N 125th St", "Field15": 3 }, "geometry": null },
{ "type": "Feature", "properties": { "Field1": "5640", "Field2": "Y", "Field3": "SEA", "Field4": "1265737.1000000001", "Field5": "265311.3", "Field6": "YES", "Field7": "ACT", "Field8": "NO", "Field9": "N 122nd St", "Field10": "98133", "Field11": "5", "Field12": "Greenwood Ave N", "Field13": "0", "Field14": "Greenwood Ave N & N 122nd St", "Field15": 2 }, "geometry": null },
{ "type": "Feature", "properties": { "Field1": "7350", "Field2": "Y", "Field3": "SEA", "Field4": "1268628.7", "Field5": "244837.5", "Field6": "YES", "Field7": "ACT", "Field8": "NO", "Field9": "N 45th St", "Field10": "98103", "Field11": "62", "Field12": "Stone Way N", "Field13": "0", "Field14": "Stone Way N & N 45th St", "Field15": 2 }, "geometry": null },
{ "type": "Feature", "properties": { "Field1": "7360", "Field2": "Y", "Field3": "SEA", "Field4": "1268584.5", "Field5": "244014.9", "Field6": "YES", "Field7": "ACT", "Field8": "NO", "Field9": "N 43rd St", "Field10": "98103", "Field11": "62", "Field12": "Stone Way N", "Field13": "1", "Field14": "Stone Way N & N 43rd St", "Field15": 3 }, "geometry": null },
{ "type": "Feature", "properties": { "Field1": "5730", "Field2": "Y", "Field3": "SEA", "Field4": "1265650.8999999999", "Field5": "259467.6", "Field6": "YES", "Field7": "ACT", "Field8": "NO", "Field9": "N 100th St", "Field10": "98103", "Field11": "5", "Field12": "Greenwood Ave N", "Field13": "1", "Field14": "Greenwood Ave N & N 100th St", "Field15": 3 }, "geometry": null },
{ "type": "Feature", "properties": { "Field1": "5740", "Field2": "Y", "Field3": "SEA", "Field4": "1265641.1000000001", "Field5": "258817", "Field6": "YES", "Field7": "ACT", "Field8": "NO", "Field9": "N 97th St", "Field10": "98103", "Field11": "5", "Field12": "Greenwood Ave N", "Field13": "1", "Field14": "Greenwood Ave N & N 97th St", "Field15": 3 }, "geometry": null },
{ "type": "Feature", "properties": { "Field1": "5765", "Field2": "Y", "Field3": "SEA", "Field4": "1265621.8", "Field5": "257515.9", "Field6": "YES", "Field7": "ACT", "Field8": "NO", "Field9": "N 92nd St", "Field10": "98103", "Field11": "5", "Field12": "Greenwood Ave N", "Field13": "1", "Field14": "Greenwood Ave N & N 92nd St", "Field15": 3 }, "geometry": null },
{ "type": "Feature", "properties": { "Field1": "7430", "Field2": "Y", "Field3": "SEA", "Field4": "1267569.8999999999", "Field5": "228892.7", "Field6": "YES", "Field7": "ACT", "Field8": "NO", "Field9": "5th Ave", "Field10": "98121", "Field11": "131 132 21 28E 5 E", "Field12": "Wall St", "Field13": "2", "Field14": "Wall St & 5th Ave", "Field15": 3 }, "geometry": null },
{ "type": "Feature", "properties": { "Field1": "7380", "Field2": "Y", "Field3": "SEA", "Field4": "1268511.7", "Field5": "242620.2", "Field6": "YES", "Field7": "ACT", "Field8": "NO", "Field9": "N 40th St", "Field10": "98103", "Field11": "62", "Field12": "Stone Way N", "Field13": "1", "Field14": "Stone Way N & N 40th St", "Field15": 3 }, "geometry": null },
{ "type": "Feature", "properties": { "Field1": "7382", "Field2": "Y", "Field3": "SEA", "Field4": "1268458.5", "Field5": "241629.9", "Field6": "YES", "Field7": "ACT", "Field8": "NO", "Field9": "N 38th St", "Field10": "98103", "Field11": "62", "Field12": "Stone Way N", "Field13": "0", "Field14": "Stone Way N & N 38th St", "Field15": 2 }, "geometry": null },
{ "type": "Feature", "properties": { "Field1": "9010", "Field2": "Y", "Field3": "SEA", "Field4": "1285456.8", "Field5": "193167.5", "Field6": "YES", "Field7": "ACT", "Field8": "NO", "Field9": "51st Ave S", "Field10": "98118", "Field11": "106 107 7", "Field12": "Rainier Ave S", "Field13": "1", "Field14": "Rainier Ave S & 51st Ave S", "Field15": 3 }, "geometry": null },
{ "type": "Feature", "properties": { "Field1": "9030", "Field2": "Y", "Field3": "SEA", "Field4": "1286745", "Field5": "192925.3", "Field6": "YES", "Field7": "ACT", "Field8": "NO", "Field9": "54th Ave S", "Field10": "98118", "Field11": "7", "Field12": "Rainier Ave S", "Field13": "0", "Field14": "Rainier Ave S & 54th Ave S", "Field15": 2 }, "geometry": null },
{ "type": "Feature", "properties": { "Field1": "9060", "Field2": "Y", "Field3": "SEA", "Field4": "1287995.8", "Field5": "192139.6", "Field6": "YES", "Field7": "ACT", "Field8": "NO", "Field9": "S Carver St", "Field10": "98118", "Field11": "7", "Field12": "Waters Ave S", "Field13": "0", "Field14": "Waters Ave S & S Carver St", "Field15": 2 }, "geometry": null },
{ "type": "Feature", "properties": { "Field1": "9080", "Field2": "Y", "Field3": "SEA", "Field4": "1288617.6000000001", "Field5": "191406.4", "Field6": "YES", "Field7": "ACT", "Field8": "NO", "Field9": "61st Ave S", "Field10": "98118", "Field11": "7", "Field12": "Waters Ave S", "Field13": "0", "Field14": "Waters Ave S & 61st Ave S", "Field15": 2 }, "geometry": null },
{ "type": "Feature", "properties": { "Field1": "9090", "Field2": "Y", "Field3": "SEA", "Field4": "1288895.6000000001", "Field5": "191045.8", "Field6": "LTD", "Field7": "ACT", "Field8": "NO", "Field9": "62nd Ave S", "Field10": "98118", "Field11": "7", "Field12": "Waters Ave S", "Field13": "0", "Field14": "Waters Ave S & 62nd Ave S", "Field15": 0 }, "geometry": null },
{ "type": "Feature", "properties": { "Field1": "7498", "Field2": "Y", "Field3": "SEA", "Field4": "1268468.6000000001", "Field5": "241819.6", "Field6": "YES", "Field7": "ACT", "Field8": "NO", "Field9": "N 38th St", "Field10": "98103", "Field11": "62", "Field12": "Stone Way N", "Field13": "1", "Field14": "Stone Way N & N 38th St", "Field15": 3 }, "geometry": null },
{ "type": "Feature", "properties": { "Field1": "7500", "Field2": "Y", "Field3": "SEA", "Field4": "1268512.2", "Field5": "242629.3", "Field6": "YES", "Field7": "ACT", "Field8": "NO", "Field9": "N 40th St", "Field10": "98103", "Field11": "62", "Field12": "Stone Way N", "Field13": "0", "Field14": "Stone Way N & N 40th St", "Field15": 2 }, "geometry": null },
{ "type": "Feature", "properties": { "Field1": "7520", "Field2": "Y", "Field3": "SEA", "Field4": "1268570.8999999999", "Field5": "243759.7", "Field6": "YES", "Field7": "ACT", "Field8": "NO", "Field9": "N 42nd St", "Field10": "98103", "Field11": "62", "Field12": "Stone Way N", "Field13": "0", "Field14": "Stone Way N & N 42nd St", "Field15": 2 }, "geometry": null },
{ "type": "Feature", "properties": { "Field1": "9132", "Field2": "Y", "Field3": "SEA", "Field4": "1275810.7", "Field5": "245761", "Field6": "YES", "Field7": "ACT", "Field8": "NO", "Field9": "NE 50th St", "Field10": "98105", "Field11": "45 75 79", "Field12": "University Way NE", "Field13": "2", "Field14": "University Way NE & NE 50th St", "Field15": 3 }, "geometry": null },
{ "type": "Feature", "properties": { "Field1": "9133", "Field2": "Y", "Field3": "SEA", "Field4": "1275790.7", "Field5": "245083", "Field6": "YES", "Field7": "ACT", "Field8": "NO", "Field9": "NE 45th St", "Field10": "98105", "Field11": "75 79", "Field12": "University Way NE", "Field13": "1", "Field14": "University Way NE & NE 45th St", "Field15": 3 }, "geometry": null },
{ "type": "Feature", "properties": { "Field1": "9134", "Field2": "Y", "Field3": "SEA", "Field4": "1275763.7", "Field5": "244279.1", "Field6": "YES", "Field7": "ACT", "Field8": "NO", "Field9": "NE 43rd St", "Field10": "98105", "Field11": "75 79", "Field12": "University Way NE", "Field13": "1", "Field14": "University Way NE & NE 43rd St", "Field15": 3 }, "geometry": null },
{ "type": "Feature", "properties": { "Field1": "9135", "Field2": "Y", "Field3": "SEA", "Field4": "1275831.2", "Field5": "246450.5", "Field6": "YES", "Field7": "ACT", "Field8": "NO", "Field9": "NE 52nd St", "Field10": "98105", "Field11": "48", "Field12": "University Way NE", "Field13": "0", "Field14": "University Way NE & NE 52nd St", "Field15": 2 }, "geometry": null },
{ "type": "Feature", "properties": { "Field1": "9138", "Field2": "Y", "Field3": "SEA", "Field4": "1275202", "Field5": "242890.5", "Field6": "YES", "Field7": "ACT", "Field8": "NO", "Field9": "12th Ave NE", "Field10": "98105", "Field11": "49 70", "Field12": "NE Campus Pkwy", "Field13": "1", "Field14": "NE Campus Pkwy & 12th Ave NE", "Field15": 3 }, "geometry": null },
{ "type": "Feature", "properties": { "Field1": "9140", "Field2": "Y", "Field3": "SEA", "Field4": "1274440.8", "Field5": "242734.6", "Field6": "YES", "Field7": "ACT", "Field8": "NO", "Field9": "NE 40th St", "Field10": "98105", "Field11": "49 70", "Field12": "Univ Brdg Ramp", "Field13": "1", "Field14": "Univ Brdg Ramp & NE 40th St", "Field15": 3 }, "geometry": null },
{ "type": "Feature", "properties": { "Field1": "9110", "Field2": "Y", "Field3": "SEA", "Field4": "1288875.5", "Field5": "189799.3", "Field6": "YES", "Field7": "ACT", "Field8": "NO", "Field9": "S Cooper St", "Field10": "98178", "Field11": "7", "Field12": "62nd Ave S", "Field13": "0", "Field14": "62nd Ave S & S Cooper St", "Field15": 2 }, "geometry": null },
{ "type": "Feature", "properties": { "Field1": "11430", "Field2": "Y", "Field3": "SEA", "Field4": "1275633.1000000001", "Field5": "230718", "Field6": "YES", "Field7": "ACT", "Field8": "NO", "Field9": "E Republican St", "Field10": "98112", "Field11": "10", "Field12": "15th Ave E", "Field13": "0", "Field14": "15th Ave E & E Republican St", "Field15": 2 }, "geometry": null },
{ "type": "Feature", "properties": { "Field1": "11480", "Field2": "Y", "Field3": "SEA", "Field4": "1275427", "Field5": "227946.9", "Field6": "YES", "Field7": "ACT", "Field8": "NO", "Field9": "15th Ave", "Field10": "98122", "Field11": "10 12", "Field12": "E Pine St", "Field13": "1", "Field14": "E Pine St & 15th Ave", "Field15": 3 }, "geometry": null },
{ "type": "Feature", "properties": { "Field1": "11490", "Field2": "Y", "Field3": "SEA", "Field4": "1274773.8", "Field5": "227954.1", "Field6": "YES", "Field7": "ACT", "Field8": "NO", "Field9": "13th Ave", "Field10": "98122", "Field11": "10 12", "Field12": "E Pine St", "Field13": "0", "Field14": "E Pine St & 13th Ave", "Field15": 2 }, "geometry": null },
{ "type": "Feature", "properties": { "Field1": "9142", "Field2": "Y", "Field3": "SEA", "Field4": "1275721.6000000001", "Field5": "243139.7", "Field6": "YES", "Field7": "ACT", "Field8": "NO", "Field9": "NE 41st St", "Field10": "98105", "Field11": "75 79", "Field12": "University Way NE", "Field13": "1", "Field14": "University Way NE & NE 41st St", "Field15": 3 }, "geometry": null },
{ "type": "Feature", "properties": { "Field1": "55578", "Field2": "Y", "Field3": "SEA", "Field4": "1283196.6000000001", "Field5": "194116.2", "Field6": "YES", "Field7": "ACT", "Field8": "NO", "Field9": "S Henderson St", "Field10": "98118", "Field11": "599", "Field12": "ST Light Rail", "Field13": "0", "Field14": "ST Light Rail & S Henderson St", "Field15": 2 }, "geometry": null },
{ "type": "Feature", "properties": { "Field1": "11520", "Field2": "Y", "Field3": "SEA", "Field4": "1274628.7", "Field5": "227955.4", "Field6": "YES", "Field7": "ACT", "Field8": "NO", "Field9": "12th Ave", "Field10": "98122", "Field11": "10 12", "Field12": "E Pine St", "Field13": "0", "Field14": "E Pine St & 12th Ave", "Field15": 2 }, "geometry": null },
{ "type": "Feature", "properties": { "Field1": "11535", "Field2": "Y", "Field3": "SEA", "Field4": "1275772.8999999999", "Field5": "227939.4", "Field6": "YES", "Field7": "ACT", "Field8": "NO", "Field9": "15th Ave", "Field10": "98122", "Field11": "12", "Field12": "E Pine St", "Field13": "0", "Field14": "E Pine St & 15th Ave", "Field15": 2 }, "geometry": null },
{ "type": "Feature", "properties": { "Field1": "12860", "Field2": "Y", "Field3": "SEA", "Field4": "1273422.6000000001", "Field5": "224633", "Field6": "YES", "Field7": "ACT", "Field8": "NO", "Field9": "Broadway", "Field10": "98104", "Field11": "193E 3 303 322 4", "Field12": "Jefferson St", "Field13": "1", "Field14": "Jefferson St & Broadway", "Field15": 3 }, "geometry": null },
{ "type": "Feature", "properties": { "Field1": "12880", "Field2": "Y", "Field3": "SEA", "Field4": "1272740.2", "Field5": "224227.7", "Field6": "YES", "Field7": "ACT", "Field8": "NO", "Field9": "9th Ave", "Field10": "98104", "Field11": "193E 3 303 322 4", "Field12": "Jefferson St", "Field13": "0", "Field14": "Jefferson St & 9th Ave", "Field15": 2 }, "geometry": null },
{ "type": "Feature", "properties": { "Field1": "12890", "Field2": "Y", "Field3": "SEA", "Field4": "1272272.8999999999", "Field5": "224302.5", "Field6": "YES", "Field7": "ACT", "Field8": "NO", "Field9": "8th Ave", "Field10": "98104", "Field11": "3 4", "Field12": "James St", "Field13": "1", "Field14": "James St & 8th Ave", "Field15": 3 }, "geometry": null },
{ "type": "Feature", "properties": { "Field1": "12900", "Field2": "Y", "Field3": "SEA", "Field4": "1272324.7", "Field5": "224334.5", "Field6": "YES", "Field7": "ACT", "Field8": "NO", "Field9": "8th Ave", "Field10": "98104", "Field11": "3 4", "Field12": "James St", "Field13": "1", "Field14": "James St & 8th Ave", "Field15": 3 }, "geometry": null },
{ "type": "Feature", "properties": { "Field1": "12910", "Field2": "Y", "Field3": "SEA", "Field4": "1272664.7", "Field5": "224214.8", "Field6": "YES", "Field7": "ACT", "Field8": "NO", "Field9": "Jefferson St", "Field10": "98104", "Field11": "193E 3 4 60", "Field12": "9th Ave", "Field13": "0", "Field14": "9th Ave & Jefferson St", "Field15": 2 }, "geometry": null },
{ "type": "Feature", "properties": { "Field1": "12930", "Field2": "Y", "Field3": "SEA", "Field4": "1273644.3", "Field5": "224669.5", "Field6": "YES", "Field7": "ACT", "Field8": "NO", "Field9": "Broadway", "Field10": "98122", "Field11": "193E 3 303 322 4", "Field12": "E Jefferson St", "Field13": "0", "Field14": "E Jefferson St & Broadway", "Field15": 2 }, "geometry": null },
{ "type": "Feature", "properties": { "Field1": "12950", "Field2": "Y", "Field3": "SEA", "Field4": "1274593.2", "Field5": "224647.1", "Field6": "YES", "Field7": "ACT", "Field8": "NO", "Field9": "12th Ave", "Field10": "98122", "Field11": "193E 3 303 4", "Field12": "E Jefferson St", "Field13": "1", "Field14": "E Jefferson St & 12th Ave", "Field15": 3 }, "geometry": null },
{ "type": "Feature", "properties": { "Field1": "28630", "Field2": "Y", "Field3": "SEA", "Field4": "1262991.3999999999", "Field5": "257092.2", "Field6": "YES", "Field7": "ACT", "Field8": "NO", "Field9": "NW 90th St", "Field10": "98117", "Field11": "28E", "Field12": "8th Ave NW", "Field13": "0", "Field14": "8th Ave NW & NW 90th St", "Field15": 2 }, "geometry": null },
{ "type": "Feature", "properties": { "Field1": "28650", "Field2": "Y", "Field3": "SEA", "Field4": "1263012.7", "Field5": "258415.7", "Field6": "YES", "Field7": "ACT", "Field8": "NO", "Field9": "NW 95th St", "Field10": "98117", "Field11": "28E", "Field12": "8th Ave NW", "Field13": "0", "Field14": "8th Ave NW & NW 95th St", "Field15": 2 }, "geometry": null },
{ "type": "Feature", "properties": { "Field1": "28670", "Field2": "Y", "Field3": "SEA", "Field4": "1263030.3999999999", "Field5": "259521.2", "Field6": "YES", "Field7": "ACT", "Field8": "NO", "Field9": "NW 100th Pl", "Field10": "98117", "Field11": "28E", "Field12": "8th Ave NW", "Field13": "0", "Field14": "8th Ave NW & NW 100th Pl", "Field15": 2 }, "geometry": null },
{ "type": "Feature", "properties": { "Field1": "12960", "Field2": "Y", "Field3": "SEA", "Field4": "1275288.1000000001", "Field5": "224633.5", "Field6": "YES", "Field7": "ACT", "Field8": "NO", "Field9": "14th Ave", "Field10": "98122", "Field11": "3 4", "Field12": "E Jefferson St", "Field13": "0", "Field14": "E Jefferson St & 14th Ave", "Field15": 2 }, "geometry": null },
{ "type": "Feature", "properties": { "Field1": "15070", "Field2": "Y", "Field3": "SEA", "Field4": "1257737.8999999999", "Field5": "215851.1", "Field6": "YES", "Field7": "ACT", "Field8": "NO", "Field9": "41st Ave SW", "Field10": "98116", "Field11": "56 57", "Field12": "SW Admiral Way", "Field13": "0", "Field14": "SW Admiral Way & 41st Ave SW", "Field15": 2 }, "geometry": null },
{ "type": "Feature", "properties": { "Field1": "15080", "Field2": "Y", "Field3": "SEA", "Field4": "1258491.5", "Field5": "215811.1", "Field6": "YES", "Field7": "ACT", "Field8": "NO", "Field9": "39th Ave SW", "Field10": "98126", "Field11": "56 57", "Field12": "SW Admiral Way", "Field13": "0", "Field14": "SW Admiral Way & 39th Ave SW", "Field15": 2 }, "geometry": null },
{ "type": "Feature", "properties": { "Field1": "15090", "Field2": "Y", "Field3": "SEA", "Field4": "1258982.5", "Field5": "215795.1", "Field6": "YES", "Field7": "ACT", "Field8": "NO", "Field9": "Belvidere Ave SW", "Field10": "98126", "Field11": "56 57", "Field12": "SW Admiral Way", "Field13": "0", "Field14": "SW Admiral Way & Belvidere Ave SW", "Field15": 2 }, "geometry": null },
{ "type": "Feature", "properties": { "Field1": "15100", "Field2": "Y", "Field3": "SEA", "Field4": "1259523.6000000001", "Field5": "215493.8", "Field6": "YES", "Field7": "ACT", "Field8": "NO", "Field9": "SW Olga St", "Field10": "98126", "Field11": "56 57", "Field12": "SW Admiral Way", "Field13": "1", "Field14": "SW Admiral Way & SW Olga St", "Field15": 3 }, "geometry": null },
{ "type": "Feature", "properties": { "Field1": "15120", "Field2": "Y", "Field3": "SEA", "Field4": "1260325.6000000001", "Field5": "213054.1", "Field6": "YES", "Field7": "ACT", "Field8": "NO", "Field9": "SW City View St", "Field10": "98126", "Field11": "56 57", "Field12": "SW Admiral Way", "Field13": "0", "Field14": "SW Admiral Way & SW City View St", "Field15": 2 }, "geometry": null },
{ "type": "Feature", "properties": { "Field1": "15140", "Field2": "Y", "Field3": "SEA", "Field4": "1262289.7", "Field5": "212235.1", "Field6": "YES", "Field7": "ACT", "Field8": "NO", "Field9": "26th Ave SW", "Field10": "98126", "Field11": "21", "Field12": "SW Spokane St", "Field13": "1", "Field14": "SW Spokane St & 26th Ave SW", "Field15": 3 }, "geometry": null },
{ "type": "Feature", "properties": { "Field1": "15145", "Field2": "Y", "Field3": "SEA", "Field4": "1262990.1000000001", "Field5": "212170.3", "Field6": "YES", "Field7": "ACT", "Field8": "NO", "Field9": "West Seattle Ramp", "Field10": "98106", "Field11": "21", "Field12": "SW Spokane St", "Field13": "0", "Field14": "SW Spokane St & West Seattle Ramp", "Field15": 2 }, "geometry": null },
{ "type": "Feature", "properties": { "Field1": "29920", "Field2": "Y", "Field3": "SEA", "Field4": "1280872.5", "Field5": "244599.2", "Field6": "YES", "Field7": "ACT", "Field8": "NO", "Field9": "Mary Gates Memorial Dr NE", "Field10": "98105", "Field11": "31 32 65 75", "Field12": "NE 45th St", "Field13": "0", "Field14": "NE 45th St & Mary Gates Memorial Dr NE", "Field15": 2 }, "geometry": null },
{ "type": "Feature", "properties": { "Field1": "29930", "Field2": "Y", "Field3": "SEA", "Field4": "1281719.5", "Field5": "244548.9", "Field6": "YES", "Field7": "ACT", "Field8": "NO", "Field9": "36th Ave NE", "Field10": "98105", "Field11": "31 32 65 75", "Field12": "NE 45th St", "Field13": "0", "Field14": "NE 45th St & 36th Ave NE", "Field15": 2 }, "geometry": null },
{ "type": "Feature", "properties": { "Field1": "29950", "Field2": "Y", "Field3": "SEA", "Field4": "1282648", "Field5": "244583.9", "Field6": "YES", "Field7": "ACT", "Field8": "NO", "Field9": "40th Ave NE", "Field10": "98105", "Field11": "31 32", "Field12": "NE 45th St", "Field13": "0", "Field14": "NE 45th St & 40th Ave NE", "Field15": 2 }, "geometry": null },
{ "type": "Feature", "properties": { "Field1": "31590", "Field2": "Y", "Field3": "SEA", "Field4": "1264779.3999999999", "Field5": "192431.7", "Field6": "YES", "Field7": "ACT", "Field8": "NO", "Field9": "15th Ave SW", "Field10": "98106", "Field11": "113 128 60", "Field12": "SW Roxbury St", "Field13": "1", "Field14": "SW Roxbury St & 15th Ave SW", "Field15": 3 }, "geometry": null },
{ "type": "Feature", "properties": { "Field1": "16830", "Field2": "Y", "Field3": "SEA", "Field4": "1271064.7", "Field5": "269448.7", "Field6": "YES", "Field7": "ACT", "Field8": "NO", "Field9": "Roosevelt Way N", "Field10": "98133", "Field11": "365", "Field12": "Meridian Ave N", "Field13": "0", "Field14": "Meridian Ave N & Roosevelt Way N", "Field15": 2 }, "geometry": null },
{ "type": "Feature", "properties": { "Field1": "16840", "Field2": "Y", "Field3": "SEA", "Field4": "1271054.3", "Field5": "268635.09999999998", "Field6": "YES", "Field7": "ACT", "Field8": "NO", "Field9": "N 135th St", "Field10": "98133", "Field11": "365", "Field12": "Meridian Ave N", "Field13": "1", "Field14": "Meridian Ave N & N 135th St", "Field15": 3 }, "geometry": null },
{ "type": "Feature", "properties": { "Field1": "16850", "Field2": "Y", "Field3": "SEA", "Field4": "1271045.2", "Field5": "268106.40000000002", "Field6": "YES", "Field7": "ACT", "Field8": "NO", "Field9": "N 133rd St", "Field10": "98133", "Field11": "365", "Field12": "Meridian Ave N", "Field13": "0", "Field14": "Meridian Ave N & N 133rd St", "Field15": 2 }, "geometry": null },
{ "type": "Feature", "properties": { "Field1": "16860", "Field2": "Y", "Field3": "SEA", "Field4": "1271031.7", "Field5": "267311.2", "Field6": "YES", "Field7": "ACT", "Field8": "NO", "Field9": "N 130th St", "Field10": "98133", "Field11": "345 365", "Field12": "Meridian Ave N", "Field13": "0", "Field14": "Meridian Ave N & N 130th St", "Field15": 2 }, "geometry": null },
{ "type": "Feature", "properties": { "Field1": "16870", "Field2": "Y", "Field3": "SEA", "Field4": "1270930.8", "Field5": "266972.3", "Field6": "LTD", "Field7": "ACT", "Field8": "NO", "Field9": "Meridian Ave N", "Field10": "98133", "Field11": "345 365", "Field12": "N 128th St", "Field13": "0", "Field14": "N 128th St & Meridian Ave N", "Field15": 0 }, "geometry": null },
{ "type": "Feature", "properties": { "Field1": "16880", "Field2": "Y", "Field3": "SEA", "Field4": "1270178.8", "Field5": "266803.40000000002", "Field6": "YES", "Field7": "ACT", "Field8": "NO", "Field9": "N 128th St", "Field10": "98133", "Field11": "345 365", "Field12": "Densmore Ave N", "Field13": "0", "Field14": "Densmore Ave N & N 128th St", "Field15": 2 }, "geometry": null },
{ "type": "Feature", "properties": { "Field1": "16890", "Field2": "Y", "Field3": "SEA", "Field4": "1269948.5", "Field5": "266006.2", "Field6": "YES", "Field7": "ACT", "Field8": "NO", "Field9": "N 125th St", "Field10": "98133", "Field11": "345 365", "Field12": "Densmore Ave N", "Field13": "0", "Field14": "Densmore Ave N & N 125th St", "Field15": 2 }, "geometry": null },
{ "type": "Feature", "properties": { "Field1": "16900", "Field2": "Y", "Field3": "SEA", "Field4": "1270218.8999999999", "Field5": "265214.8", "Field6": "LTD", "Field7": "ACT", "Field8": "NO", "Field9": "N 122nd St", "Field10": "98133", "Field11": "345 365", "Field12": "Densmore Ave N", "Field13": "0", "Field14": "Densmore Ave N & N 122nd St", "Field15": 0 }, "geometry": null },
{ "type": "Feature", "properties": { "Field1": "16914", "Field2": "Y", "Field3": "SEA", "Field4": "1270391.6000000001", "Field5": "263938.09999999998", "Field6": "YES", "Field7": "ACT", "Field8": "NO", "Field9": "Hospital AcRd", "Field10": "98133", "Field11": "345 365", "Field12": "Northwest Hospital AcRd", "Field13": "1", "Field14": "Northwest Hospital AcRd & Hospital AcRd", "Field15": 3 }, "geometry": null },
{ "type": "Feature", "properties": { "Field1": "18359", "Field2": "Y", "Field3": "SEA", "Field4": "1268343.2", "Field5": "232444.9", "Field6": "YES", "Field7": "ACT", "Field8": "NO", "Field9": "Aloha St", "Field10": "98109", "Field11": "62", "Field12": "Dexter Ave N", "Field13": "1", "Field14": "Dexter Ave N & Aloha St", "Field15": 3 }, "geometry": null },
{ "type": "Feature", "properties": { "Field1": "18370", "Field2": "Y", "Field3": "SEA", "Field4": "1268323.8", "Field5": "231685.9", "Field6": "YES", "Field7": "ACT", "Field8": "NO", "Field9": "Roy St", "Field10": "98109", "Field11": "62", "Field12": "Dexter Ave N", "Field13": "1", "Field14": "Dexter Ave N & Roy St", "Field15": 3 }, "geometry": null },
{ "type": "Feature", "properties": { "Field1": "18388", "Field2": "Y", "Field3": "SEA", "Field4": "1268302.8", "Field5": "230866.5", "Field6": "YES", "Field7": "ACT", "Field8": "NO", "Field9": "Republican St", "Field10": "98109", "Field11": "62", "Field12": "Dexter Ave N", "Field13": "1", "Field14": "Dexter Ave N & Republican St", "Field15": 3 }, "geometry": null },
{ "type": "Feature", "properties": { "Field1": "18402", "Field2": "Y", "Field3": "SEA", "Field4": "1268260.3999999999", "Field5": "229186.8", "Field6": "YES", "Field7": "ACT", "Field8": "NO", "Field9": "Denny Way", "Field10": "98121", "Field11": "62", "Field12": "Dexter Ave", "Field13": "0", "Field14": "Dexter Ave & Denny Way", "Field15": 2 }, "geometry": null },
{ "type": "Feature", "properties": { "Field1": "19922", "Field2": "Y", "Field3": "SEA", "Field4": "1260975.3", "Field5": "209780.4", "Field6": "YES", "Field7": "ACT", "Field8": "NO", "Field9": "30th Ave SW", "Field10": "98126", "Field11": "50", "Field12": "SW Genesee St", "Field13": "0", "Field14": "SW Genesee St & 30th Ave SW", "Field15": 2 }, "geometry": null },
{ "type": "Feature", "properties": { "Field1": "19930", "Field2": "Y", "Field3": "SEA", "Field4": "1260898.8999999999", "Field5": "210937.8", "Field6": "YES", "Field7": "ACT", "Field8": "NO", "Field9": "SW Yancy St", "Field10": "98126", "Field11": "21 773 C", "Field12": "SW Avalon Way", "Field13": "1", "Field14": "SW Avalon Way & SW Yancy St", "Field15": 3 }, "geometry": null },
{ "type": "Feature", "properties": { "Field1": "19940", "Field2": "Y", "Field3": "SEA", "Field4": "1260932.1000000001", "Field5": "211745.7", "Field6": "YES", "Field7": "ACT", "Field8": "NO", "Field9": "SW Charlestown St", "Field10": "98126", "Field11": "21 773", "Field12": "SW Avalon Way", "Field13": "1", "Field14": "SW Avalon Way & SW Charlestown St", "Field15": 3 }, "geometry": null },
{ "type": "Feature", "properties": { "Field1": "19978", "Field2": "Y", "Field3": "SEA", "Field4": "1260936.2", "Field5": "209781", "Field6": "YES", "Field7": "ACT", "Field8": "NO", "Field9": "30th Ave SW", "Field10": "98126", "Field11": "50", "Field12": "SW Genesee St", "Field13": "0", "Field14": "SW Genesee St & 30th Ave SW", "Field15": 2 }, "geometry": null },
{ "type": "Feature", "properties": { "Field1": "19980", "Field2": "Y", "Field3": "SEA", "Field4": "1260445.6000000001", "Field5": "209802.8", "Field6": "YES", "Field7": "ACT", "Field8": "NO", "Field9": "SW Genesee St", "Field10": "98126", "Field11": "21 773", "Field12": "SW Avalon Way", "Field13": "0", "Field14": "SW Avalon Way & SW Genesee St", "Field15": 2 }, "geometry": null },
{ "type": "Feature", "properties": { "Field1": "20010", "Field2": "Y", "Field3": "SEA", "Field4": "1258698.5", "Field5": "209086.4", "Field6": "YES", "Field7": "ACT", "Field8": "NO", "Field9": "SW Oregon St", "Field10": "98126", "Field12": "Fauntleroy Way SW", "Field13": "0", "Field14": "Fauntleroy Way SW & SW Oregon St", "Field15": 2 }, "geometry": null },
{ "type": "Feature", "properties": { "Field1": "21850", "Field2": "Y", "Field3": "SEA", "Field4": "1272686.3999999999", "Field5": "219558.3", "Field6": "YES", "Field7": "ACT", "Field8": "NO", "Field9": "S Royal Brougham Way", "Field10": "98134", "Field11": "545E", "Field12": "Airport Way S", "Field13": "0", "Field14": "Airport Way S & S Royal Brougham Way", "Field15": 2 }, "geometry": null },
{ "type": "Feature", "properties": { "Field1": "35331", "Field2": "Y", "Field3": "SEA", "Field4": "1278372.3999999999", "Field5": "262090.1", "Field6": "YES", "Field7": "ACT", "Field8": "NO", "Field9": "24th Ave NE", "Field10": "98125", "Field11": "322 61", "Field12": "NE Northgate Way", "Field13": "0", "Field14": "NE Northgate Way & 24th Ave NE", "Field15": 2 }, "geometry": null },
{ "type": "Feature", "properties": { "Field1": "35332", "Field2": "Y", "Field3": "SEA", "Field4": "1276353.5", "Field5": "261946.3", "Field6": "YES", "Field7": "ACT", "Field8": "NO", "Field9": "15th Ave NE", "Field10": "98125", "Field11": "322 61", "Field12": "NE Northgate Way", "Field13": "0", "Field14": "NE Northgate Way & 15th Ave NE", "Field15": 2 }, "geometry": null },
{ "type": "Feature", "properties": { "Field1": "35333", "Field2": "Y", "Field3": "SEA", "Field4": "1278377.2", "Field5": "262091.5", "Field6": "YES", "Field7": "ACT", "Field8": "NO", "Field9": "19th Ave NE", "Field10": "98125", "Field11": "322 61", "Field12": "NE Northgate Way", "Field13": "0", "Field14": "NE Northgate Way & 19th Ave NE", "Field15": 2 }, "geometry": null },
{ "type": "Feature", "properties": { "Field1": "35334", "Field2": "Y", "Field3": "SEA", "Field4": "1277417.8", "Field5": "261911", "Field6": "YES", "Field7": "ACT", "Field8": "NO", "Field9": "19th Ave NE", "Field10": "98125", "Field11": "322 61", "Field12": "NE Northgate Way", "Field13": "0", "Field14": "NE Northgate Way & 19th Ave NE", "Field15": 2 }, "geometry": null },
{ "type": "Feature", "properties": { "Field1": "35336", "Field2": "Y", "Field3": "SEA", "Field4": "1277277.8999999999", "Field5": "261915.6", "Field6": "YES", "Field7": "ACT", "Field8": "NO", "Field9": "19th Ave NE", "Field10": "98125", "Field11": "322 61", "Field12": "NE Northgate Way", "Field13": "0", "Field14": "NE Northgate Way & 19th Ave NE", "Field15": 2 }, "geometry": null },
{ "type": "Feature", "properties": { "Field1": "35338", "Field2": "Y", "Field3": "SEA", "Field4": "1275999.8999999999", "Field5": "261956.2", "Field6": "YES", "Field7": "ACT", "Field8": "NO", "Field9": "15th Ave NE", "Field10": "98125", "Field11": "322 61", "Field12": "NE Northgate Way", "Field13": "0", "Field14": "NE Northgate Way & 15th Ave NE", "Field15": 2 }, "geometry": null },
{ "type": "Feature", "properties": { "Field1": "35350", "Field2": "Y", "Field3": "SEA", "Field4": "1275002.6000000001", "Field5": "265977.8", "Field6": "YES", "Field7": "ACT", "Field8": "NO", "Field9": "Roosevelt Way NE", "Field10": "98125", "Field11": "75", "Field12": "NE 125th St", "Field13": "0", "Field14": "NE 125th St & Roosevelt Way NE", "Field15": 2 }, "geometry": null },
{ "type": "Feature", "properties": { "Field1": "36960", "Field2": "Y", "Field3": "SEA", "Field4": "1273904.6000000001", "Field5": "250076.5", "Field6": "YES", "Field7": "ACT", "Field8": "NO", "Field9": "Oswego Pl NE", "Field10": "98115", "Field11": "45 62 79", "Field12": "NE 65th St", "Field13": "2", "Field14": "NE 65th St & Oswego Pl NE", "Field15": 3 }, "geometry": null },
{ "type": "Feature", "properties": { "Field1": "36961", "Field2": "Y", "Field3": "SEA", "Field4": "1272508.3", "Field5": "252093.4", "Field6": "YES", "Field7": "ACT", "Field8": "NO", "Field9": "4th Ave NE", "Field10": "98115", "Field11": "45", "Field12": "East Green Lake Dr N", "Field13": "1", "Field14": "East Green Lake Dr N & 4th Ave NE", "Field15": 3 }, "geometry": null },
{ "type": "Feature", "properties": { "Field1": "36991", "Field2": "Y", "Field3": "SEA", "Field4": "1270886.3", "Field5": "252759.4", "Field6": "YES", "Field7": "ACT", "Field8": "NO", "Field9": "Meridian Ave N", "Field10": "98103", "Field11": "45", "Field12": "East Green Lake Dr N", "Field13": "0", "Field14": "East Green Lake Dr N & Meridian Ave N", "Field15": 2 }, "geometry": null },
{ "type": "Feature", "properties": { "Field1": "21860", "Field2": "Y", "Field3": "SEA", "Field4": "1273207.6000000001", "Field5": "217030.1", "Field6": "YES", "Field7": "ACT", "Field8": "NO", "Field9": "S Holgate St", "Field10": "98134", "Field11": "124", "Field12": "Airport Way S", "Field13": "0", "Field14": "Airport Way S & S Holgate St", "Field15": 2 }, "geometry": null },
{ "type": "Feature", "properties": { "Field1": "21870", "Field2": "Y", "Field3": "SEA", "Field4": "1273195.6000000001", "Field5": "216427.6", "Field6": "YES", "Field7": "ACT", "Field8": "NO", "Field9": "S Walker St", "Field10": "98134", "Field11": "124", "Field12": "Airport Way S", "Field13": "0", "Field14": "Airport Way S & S Walker St", "Field15": 2 }, "geometry": null },
{ "type": "Feature", "properties": { "Field1": "21880", "Field2": "Y", "Field3": "SEA", "Field4": "1273181.8", "Field5": "215729.6", "Field6": "YES", "Field7": "ACT", "Field8": "NO", "Field9": "S Stacy St", "Field10": "98134", "Field11": "124", "Field12": "Airport Way S", "Field13": "0", "Field14": "Airport Way S & S Stacy St", "Field15": 2 }, "geometry": null },
{ "type": "Feature", "properties": { "Field1": "21890", "Field2": "Y", "Field3": "SEA", "Field4": "1273166.5", "Field5": "214962.1", "Field6": "YES", "Field7": "ACT", "Field8": "NO", "Field9": "S Lander St", "Field10": "98134", "Field11": "124", "Field12": "Airport Way S", "Field13": "0", "Field14": "Airport Way S & S Lander St", "Field15": 2 }, "geometry": null },
{ "type": "Feature", "properties": { "Field1": "21910", "Field2": "Y", "Field3": "SEA", "Field4": "1273147.7", "Field5": "214012.6", "Field6": "YES", "Field7": "ACT", "Field8": "NO", "Field9": "S Stevens St", "Field10": "98134", "Field11": "124", "Field12": "Airport Way S", "Field13": "0", "Field14": "Airport Way S & S Stevens St", "Field15": 2 }, "geometry": null },
{ "type": "Feature", "properties": { "Field1": "21920", "Field2": "Y", "Field3": "SEA", "Field4": "1273124.6000000001", "Field5": "212966.39999999999", "Field6": "YES", "Field7": "ACT", "Field8": "NO", "Field9": "Diagonal Ave S", "Field10": "98134", "Field11": "124", "Field12": "Airport Way S", "Field13": "0", "Field14": "Airport Way S & Diagonal Ave S", "Field15": 2 }, "geometry": null },
{ "type": "Feature", "properties": { "Field1": "21940", "Field2": "Y", "Field3": "SEA", "Field4": "1272775.8999999999", "Field5": "212057.4", "Field6": "YES", "Field7": "ACT", "Field8": "NO", "Field9": "S Spokane St", "Field10": "98134", "Field11": "124", "Field12": "Airport Way S", "Field13": "0", "Field14": "Airport Way S & S Spokane St", "Field15": 2 }, "geometry": null },
{ "type": "Feature", "properties": { "Field1": "37020", "Field2": "Y", "Field3": "SEA", "Field4": "1270153.3", "Field5": "253697", "Field6": "YES", "Field7": "ACT", "Field8": "NO", "Field9": "Wallingford Ave N", "Field10": "98103", "Field11": "45", "Field12": "East Green Lake Dr N", "Field13": "0", "Field14": "East Green Lake Dr N & Wallingford Ave N", "Field15": 2 }, "geometry": null },
{ "type": "Feature", "properties": { "Field1": "37040", "Field2": "Y", "Field3": "SEA", "Field4": "1264375", "Field5": "255648.8", "Field6": "YES", "Field7": "ACT", "Field8": "NO", "Field9": "3rd Ave NW", "Field10": "98117", "Field11": "45", "Field12": "NW 85th St", "Field13": "1", "Field14": "NW 85th St & 3rd Ave NW", "Field15": 3 }, "geometry": null },
{ "type": "Feature", "properties": { "Field1": "37060", "Field2": "Y", "Field3": "SEA", "Field4": "1262807", "Field5": "255690.7", "Field6": "YES", "Field7": "ACT", "Field8": "NO", "Field9": "8th Ave NW", "Field10": "98117", "Field11": "45", "Field12": "NW 85th St", "Field13": "0", "Field14": "NW 85th St & 8th Ave NW", "Field15": 2 }, "geometry": null },
{ "type": "Feature", "properties": { "Field1": "38610", "Field2": "Y", "Field3": "SEA", "Field4": "1279035.8", "Field5": "261968.8", "Field6": "YES", "Field7": "ACT", "Field8": "NO", "Field9": "NE 110th St", "Field10": "98125", "Field11": "372E", "Field12": "Lake City Way NE", "Field13": "1", "Field14": "Lake City Way NE & NE 110th St", "Field15": 3 }, "geometry": null },
{ "type": "Feature", "properties": { "Field1": "38620", "Field2": "Y", "Field3": "SEA", "Field4": "1279338.3", "Field5": "262815.09999999998", "Field6": "YES", "Field7": "ACT", "Field8": "NO", "Field9": "NE 113th St", "Field10": "98125", "Field11": "322 372E 61", "Field12": "Lake City Way NE", "Field13": "1", "Field14": "Lake City Way NE & NE 113th St", "Field15": 3 }, "geometry": null },
{ "type": "Feature", "properties": { "Field1": "26999", "Field2": "Y", "Field3": "SEA", "Field4": "1271895.8", "Field5": "242707.3", "Field6": "YES", "Field7": "ACT", "Field8": "NO", "Field9": "Eastern Ave N", "Field10": "98103", "Field11": "31 32", "Field12": "N 40th St", "Field13": "1", "Field14": "N 40th St & Eastern Ave N", "Field15": 3 }, "geometry": null },
{ "type": "Feature", "properties": { "Field1": "23273", "Field2": "Y", "Field3": "SEA", "Field4": "1273373.1000000001", "Field5": "259379.1", "Field6": "YES", "Field7": "ACT", "Field8": "NO", "Field9": "4th Ave NE", "Field10": "98115", "Field11": "67 75", "Field12": "NE 100th St", "Field13": "0", "Field14": "NE 100th St & 4th Ave NE", "Field15": 2 }, "geometry": null },
{ "type": "Feature", "properties": { "Field1": "38650", "Field2": "Y", "Field3": "SEA", "Field4": "1280082.7", "Field5": "264581.7", "Field6": "YES", "Field7": "ACT", "Field8": "NO", "Field9": "NE 120th St", "Field10": "98125", "Field11": "322 372E 61", "Field12": "Lake City Way NE", "Field13": "0", "Field14": "Lake City Way NE & NE 120th St", "Field15": 2 }, "geometry": null },
{ "type": "Feature", "properties": { "Field1": "38653", "Field2": "Y", "Field3": "SEA", "Field4": "1281482.7", "Field5": "267018.90000000002", "Field6": "YES", "Field7": "ACT", "Field8": "NO", "Field9": "35th Ave NE", "Field10": "98125", "Field11": "372E 61", "Field12": "NE 130th St", "Field13": "1", "Field14": "NE 130th St & 35th Ave NE", "Field15": 3 }, "geometry": null },
{ "type": "Feature", "properties": { "Field1": "40030", "Field2": "Y", "Field3": "SEA", "Field4": "1269014.1000000001", "Field5": "260819.7", "Field6": "YES", "Field7": "ACT", "Field8": "NO", "Field9": "Stone Ave N", "Field10": "98133", "Field11": "40", "Field12": "N Northgate Way", "Field13": "0", "Field14": "N Northgate Way & Stone Ave N", "Field15": 2 }, "geometry": null },
{ "type": "Feature", "properties": { "Field1": "40032", "Field2": "Y", "Field3": "SEA", "Field4": "1268096.8", "Field5": "260840.2", "Field6": "LTD", "Field7": "ACT", "Field8": "NO", "Field9": "Aurora Ave N", "Field10": "98133", "Field11": "40", "Field12": "N 105th St", "Field13": "1", "Field14": "N 105th St & Aurora Ave N", "Field15": 1 }, "geometry": null },
{ "type": "Feature", "properties": { "Field1": "40035", "Field2": "Y", "Field3": "SEA", "Field4": "1266917.6000000001", "Field5": "260868", "Field6": "LTD", "Field7": "ACT", "Field8": "NO", "Field9": "Fremont Ave N", "Field10": "98133", "Field11": "40", "Field12": "N 105th St", "Field13": "1", "Field14": "N 105th St & Fremont Ave N", "Field15": 1 }, "geometry": null },
{ "type": "Feature", "properties": { "Field1": "40038", "Field2": "Y", "Field3": "SEA", "Field4": "1265723.5", "Field5": "260898.7", "Field6": "YES", "Field7": "ACT", "Field8": "NO", "Field9": "Greenwood Ave N", "Field10": "98133", "Field11": "40", "Field12": "N 105th St", "Field13": "1", "Field14": "N 105th St & Greenwood Ave N", "Field15": 3 }, "geometry": null },
{ "type": "Feature", "properties": { "Field1": "26840", "Field2": "Y", "Field3": "SEA", "Field4": "1267784.5", "Field5": "238601.60000000001", "Field6": "YES", "Field7": "ACT", "Field8": "NO", "Field9": "Westlake Ave N", "Field10": "98109", "Field11": "40", "Field12": "Westlake Ave N", "Field13": "0", "Field14": "Westlake Ave N & Westlake Ave N", "Field15": 2 }, "geometry": null },
{ "type": "Feature", "properties": { "Field1": "40040", "Field2": "Y", "Field3": "SEA", "Field4": "1264279.5", "Field5": "259897.5", "Field6": "YES", "Field7": "ACT", "Field8": "NO", "Field9": "3rd Ave NW", "Field10": "98177", "Field11": "40", "Field12": "Holman Rd NW", "Field13": "0", "Field14": "Holman Rd NW & 3rd Ave NW", "Field15": 2 }, "geometry": null },
{ "type": "Feature", "properties": { "Field1": "40042", "Field2": "Y", "Field3": "SEA", "Field4": "1263285", "Field5": "259180.2", "Field6": "YES", "Field7": "ACT", "Field8": "NO", "Field9": "7th Ave NW", "Field10": "98117", "Field11": "40", "Field12": "Holman Rd NW", "Field13": "0", "Field14": "Holman Rd NW & 7th Ave NW", "Field15": 2 }, "geometry": null },
{ "type": "Feature", "properties": { "Field1": "40044", "Field2": "Y", "Field3": "SEA", "Field4": "1262295.8", "Field5": "258466.8", "Field6": "YES", "Field7": "ACT", "Field8": "NO", "Field9": "9th Ave NW", "Field10": "98117", "Field11": "40", "Field12": "Holman Rd NW", "Field13": "0", "Field14": "Holman Rd NW & 9th Ave NW", "Field15": 2 }, "geometry": null },
{ "type": "Feature", "properties": { "Field1": "40046", "Field2": "Y", "Field3": "SEA", "Field4": "1261256.3999999999", "Field5": "257741.2", "Field6": "YES", "Field7": "ACT", "Field8": "NO", "Field9": "13th Ave NW", "Field10": "98117", "Field11": "40", "Field12": "Holman Rd NW", "Field13": "0", "Field14": "Holman Rd NW & 13th Ave NW", "Field15": 2 }, "geometry": null },
{ "type": "Feature", "properties": { "Field1": "30122", "Field2": "Y", "Field3": "SEA", "Field4": "1286871.8999999999", "Field5": "193575.9", "Field6": "YES", "Field7": "ACT", "Field8": "NO", "Field9": "S Fisher Pl", "Field10": "98118", "Field11": "7", "Field12": "Seward Park Ave S", "Field13": "1", "Field14": "Seward Park Ave S & S Fisher Pl", "Field15": 3 }, "geometry": null },
{ "type": "Feature", "properties": { "Field1": "30160", "Field2": "Y", "Field3": "SEA", "Field4": "1283765", "Field5": "194234.4", "Field6": "YES", "Field7": "ACT", "Field8": "NO", "Field9": "Renton Ave S", "Field10": "98118", "Field11": "106 107 9E", "Field12": "S Henderson St", "Field13": "1", "Field14": "S Henderson St & Renton Ave S", "Field15": 3 }, "geometry": null },
{ "type": "Feature", "properties": { "Field1": "30170", "Field2": "Y", "Field3": "SEA", "Field4": "1283054.5", "Field5": "194207.1", "Field6": "YES", "Field7": "ACT", "Field8": "NO", "Field9": "Martin L King Jr Way S", "Field10": "98118", "Field11": "107", "Field12": "S Henderson St", "Field13": "1", "Field14": "S Henderson St & Martin L King Jr Way S", "Field15": 3 }, "geometry": null },
{ "type": "Feature", "properties": { "Field1": "30171", "Field2": "Y", "Field3": "SEA", "Field4": "1282724.5", "Field5": "193876.2", "Field6": "YES", "Field7": "ACT", "Field8": "NO", "Field9": "41st Ave S", "Field10": "98118", "Field11": "107", "Field12": "Carkeek Dr S", "Field13": "0", "Field14": "Carkeek Dr S & 41st Ave S", "Field15": 2 }, "geometry": null },
{ "type": "Feature", "properties": { "Field1": "30180", "Field2": "Y", "Field3": "SEA", "Field4": "1282398.8999999999", "Field5": "192082.7", "Field6": "YES", "Field7": "ACT", "Field8": "NO", "Field9": "40th Ave S", "Field10": "98118", "Field11": "107", "Field12": "Carkeek Dr S", "Field13": "0", "Field14": "Carkeek Dr S & 40th Ave S", "Field15": 2 }, "geometry": null },
{ "type": "Feature", "properties": { "Field1": "26730", "Field2": "Y", "Field3": "SEA", "Field4": "1269278.1000000001", "Field5": "231787.6", "Field6": "YES", "Field7": "ACT", "Field8": "NO", "Field9": "Mercer St", "Field10": "98109", "Field11": "40 C", "Field12": "Westlake Ave N", "Field13": "1", "Field14": "Westlake Ave N & Mercer St", "Field15": 3 }, "geometry": null },
{ "type": "Feature", "properties": { "Field1": "26760", "Field2": "Y", "Field3": "SEA", "Field4": "1268693.3", "Field5": "233426.5", "Field6": "YES", "Field7": "ACT", "Field8": "NO", "Field9": "Highland Dr", "Field10": "98109", "Field11": "40", "Field12": "Westlake Ave N", "Field13": "0", "Field14": "Westlake Ave N & Highland Dr", "Field15": 2 }, "geometry": null },
{ "type": "Feature", "properties": { "Field1": "26770", "Field2": "Y", "Field3": "SEA", "Field4": "1268760", "Field5": "234444.2", "Field6": "YES", "Field7": "ACT", "Field8": "NO", "Field9": "Galer St", "Field10": "98109", "Field11": "40", "Field12": "Westlake Ave N", "Field13": "0", "Field14": "Westlake Ave N & Galer St", "Field15": 2 }, "geometry": null },
{ "type": "Feature", "properties": { "Field1": "26780", "Field2": "Y", "Field3": "SEA", "Field4": "1268870.8", "Field5": "235406.7", "Field6": "YES", "Field7": "ACT", "Field8": "NO", "Field9": "8th Ave N", "Field10": "98109", "Field11": "40", "Field12": "Westlake Ave N", "Field13": "0", "Field14": "Westlake Ave N & 8th Ave N", "Field15": 2 }, "geometry": null },
{ "type": "Feature", "properties": { "Field1": "26800", "Field2": "Y", "Field3": "SEA", "Field4": "1268781.3999999999", "Field5": "236414.9", "Field6": "YES", "Field7": "ACT", "Field8": "NO", "Field9": "Crockett St", "Field10": "98109", "Field11": "40", "Field12": "Westlake Ave N", "Field13": "0", "Field14": "Westlake Ave N & Crockett St", "Field15": 2 }, "geometry": null },
{ "type": "Feature", "properties": { "Field1": "844", "Field2": "Y", "Field3": "SEA", "Field4": "1271746.5", "Field5": "221615.5", "Field6": "YES", "Field7": "ACT", "Field8": "NO", "Field9": "S Weller St", "Field10": "98104", "Field11": "106 14 36 545E 630 7", "Field12": "5th Ave S", "Field13": "0", "Field14": "5th Ave S & S Weller St", "Field15": 2 }, "geometry": null },
{ "type": "Feature", "properties": { "Field1": "22820", "Field2": "Y", "Field3": "SEA", "Field4": "1259528.1000000001", "Field5": "209389.5", "Field6": "YES", "Field7": "ACT", "Field8": "NO", "Field9": "SW Avalon Way", "Field10": "98126", "Field11": "21 21E 50 773 C", "Field12": "35th Ave SW", "Field13": "2", "Field14": "35th Ave SW & SW Avalon Way", "Field15": 3 }, "geometry": null },
{ "type": "Feature", "properties": { "Field1": "22830", "Field2": "Y", "Field3": "SEA", "Field4": "1259527.6000000001", "Field5": "209366.5", "Field6": "YES", "Field7": "ACT", "Field8": "NO", "Field9": "SW Avalon Way", "Field10": "98126", "Field11": "21 21E 50 773 C", "Field12": "35th Ave SW", "Field13": "1", "Field14": "35th Ave SW & SW Avalon Way", "Field15": 3 }, "geometry": null },
{ "type": "Feature", "properties": { "Field1": "22860", "Field2": "Y", "Field3": "SEA", "Field4": "1259484.6000000001", "Field5": "207726.3", "Field6": "YES", "Field7": "ACT", "Field8": "NO", "Field9": "SW Edmunds St", "Field10": "98126", "Field11": "21", "Field12": "35th Ave SW", "Field13": "0", "Field14": "35th Ave SW & SW Edmunds St", "Field15": 2 }, "geometry": null },
{ "type": "Feature", "properties": { "Field1": "22870", "Field2": "Y", "Field3": "SEA", "Field4": "1259467.8", "Field5": "207063.8", "Field6": "YES", "Field7": "ACT", "Field8": "NO", "Field9": "SW Hudson St", "Field10": "98126", "Field11": "21", "Field12": "35th Ave SW", "Field13": "0", "Field14": "35th Ave SW & SW Hudson St", "Field15": 2 }, "geometry": null },
{ "type": "Feature", "properties": { "Field1": "22880", "Field2": "Y", "Field3": "SEA", "Field4": "1259450.8", "Field5": "206401", "Field6": "YES", "Field7": "ACT", "Field8": "NO", "Field9": "SW Dawson St", "Field10": "98126", "Field11": "21", "Field12": "35th Ave SW", "Field13": "0", "Field14": "35th Ave SW & SW Dawson St", "Field15": 2 }, "geometry": null },
{ "type": "Feature", "properties": { "Field1": "22900", "Field2": "Y", "Field3": "SEA", "Field4": "1259412.2", "Field5": "205068.6", "Field6": "YES", "Field7": "ACT", "Field8": "NO", "Field9": "SW Findlay St", "Field10": "98126", "Field11": "21", "Field12": "35th Ave SW", "Field13": "0", "Field14": "35th Ave SW & SW Findlay St", "Field15": 2 }, "geometry": null },
{ "type": "Feature", "properties": { "Field1": "22912", "Field2": "Y", "Field3": "SEA", "Field4": "1259370.2", "Field5": "203742.1", "Field6": "YES", "Field7": "ACT", "Field8": "NO", "Field9": "SW Raymond St", "Field10": "98126", "Field11": "21", "Field12": "35th Ave SW", "Field13": "0", "Field14": "35th Ave SW & SW Raymond St", "Field15": 2 }, "geometry": null },
{ "type": "Feature", "properties": { "Field1": "22990", "Field2": "Y", "Field3": "SEA", "Field4": "1259218.5", "Field5": "199057.6", "Field6": "YES", "Field7": "ACT", "Field8": "NO", "Field9": "SW Webster St", "Field10": "98126", "Field11": "21 21E", "Field12": "35th Ave SW", "Field13": "0", "Field14": "35th Ave SW & SW Webster St", "Field15": 2 }, "geometry": null },
{ "type": "Feature", "properties": { "Field1": "23000", "Field2": "Y", "Field3": "SEA", "Field4": "1259206.3", "Field5": "198574.5", "Field6": "YES", "Field7": "ACT", "Field8": "NO", "Field9": "SW Ida St", "Field10": "98126", "Field11": "21 21E", "Field12": "35th Ave SW", "Field13": "0", "Field14": "35th Ave SW & SW Ida St", "Field15": 2 }, "geometry": null },
{ "type": "Feature", "properties": { "Field1": "23010", "Field2": "Y", "Field3": "SEA", "Field4": "1259185.6000000001", "Field5": "197739.6", "Field6": "YES", "Field7": "ACT", "Field8": "NO", "Field9": "SW Kenyon St", "Field10": "98126", "Field11": "21 21E", "Field12": "35th Ave SW", "Field13": "0", "Field14": "35th Ave SW & SW Kenyon St", "Field15": 2 }, "geometry": null },
{ "type": "Feature", "properties": { "Field1": "23020", "Field2": "Y", "Field3": "SEA", "Field4": "1259172.2", "Field5": "197124.2", "Field6": "YES", "Field7": "ACT", "Field8": "NO", "Field9": "SW Elmgrove St", "Field10": "98126", "Field11": "21 21E", "Field12": "35th Ave SW", "Field13": "0", "Field14": "35th Ave SW & SW Elmgrove St", "Field15": 2 }, "geometry": null },
{ "type": "Feature", "properties": { "Field1": "23030", "Field2": "Y", "Field3": "SEA", "Field4": "1259158.7", "Field5": "196435.8", "Field6": "YES", "Field7": "ACT", "Field8": "NO", "Field9": "SW Thistle St", "Field10": "98126", "Field11": "21 21E", "Field12": "35th Ave SW", "Field13": "0", "Field14": "35th Ave SW & SW Thistle St", "Field15": 2 }, "geometry": null },
{ "type": "Feature", "properties": { "Field1": "23050", "Field2": "Y", "Field3": "SEA", "Field4": "1259129.5", "Field5": "195107.9", "Field6": "YES", "Field7": "ACT", "Field8": "NO", "Field9": "SW Trenton St", "Field10": "98126", "Field11": "21 21E", "Field12": "35th Ave SW", "Field13": "0", "Field14": "35th Ave SW & SW Trenton St", "Field15": 2 }, "geometry": null },
{ "type": "Feature", "properties": { "Field1": "24950", "Field2": "Y", "Field3": "SEA", "Field4": "1281612.5", "Field5": "261699.9", "Field6": "YES", "Field7": "ACT", "Field8": "NO", "Field9": "NE 110th St", "Field10": "98125", "Field11": "65", "Field12": "35th Ave NE", "Field13": "1", "Field14": "35th Ave NE & NE 110th St", "Field15": 3 }, "geometry": null },
{ "type": "Feature", "properties": { "Field1": "24960", "Field2": "Y", "Field3": "SEA", "Field4": "1281565", "Field5": "260385", "Field6": "YES", "Field7": "ACT", "Field8": "NO", "Field9": "NE 105th St", "Field10": "98125", "Field11": "65", "Field12": "35th Ave NE", "Field13": "0", "Field14": "35th Ave NE & NE 105th St", "Field15": 2 }, "geometry": null },
{ "type": "Feature", "properties": { "Field1": "24980", "Field2": "Y", "Field3": "SEA", "Field4": "1281581.8999999999", "Field5": "259055.4", "Field6": "YES", "Field7": "ACT", "Field8": "NO", "Field9": "NE 100th St", "Field10": "98125", "Field11": "65", "Field12": "35th Ave NE", "Field13": "1", "Field14": "35th Ave NE & NE 100th St", "Field15": 3 }, "geometry": null },
{ "type": "Feature", "properties": { "Field1": "24990", "Field2": "Y", "Field3": "SEA", "Field4": "1281590.3999999999", "Field5": "258380.9", "Field6": "YES", "Field7": "ACT", "Field8": "NO", "Field9": "NE 97th St", "Field10": "98115", "Field11": "65", "Field12": "35th Ave NE", "Field13": "0", "Field14": "35th Ave NE & NE 97th St", "Field15": 2 }, "geometry": null },
{ "type": "Feature", "properties": { "Field1": "25070", "Field2": "Y", "Field3": "SEA", "Field4": "1281511", "Field5": "252418.3", "Field6": "YES", "Field7": "ACT", "Field8": "NO", "Field9": "NE 75th St", "Field10": "98115", "Field11": "65", "Field12": "35th Ave NE", "Field13": "0", "Field14": "35th Ave NE & NE 75th St", "Field15": 2 }, "geometry": null },
{ "type": "Feature", "properties": { "Field1": "25090", "Field2": "Y", "Field3": "SEA", "Field4": "1281511.3", "Field5": "251087.6", "Field6": "YES", "Field7": "ACT", "Field8": "NO", "Field9": "NE 70th St", "Field10": "98115", "Field11": "65", "Field12": "35th Ave NE", "Field13": "1", "Field14": "35th Ave NE & NE 70th St", "Field15": 3 }, "geometry": null },
{ "type": "Feature", "properties": { "Field1": "25100", "Field2": "Y", "Field3": "SEA", "Field4": "1281511.3", "Field5": "250455", "Field6": "YES", "Field7": "ACT", "Field8": "NO", "Field9": "NE 68th St", "Field10": "98115", "Field11": "65", "Field12": "35th Ave NE", "Field13": "0", "Field14": "35th Ave NE & NE 68th St", "Field15": 2 }, "geometry": null },
{ "type": "Feature", "properties": { "Field1": "25110", "Field2": "Y", "Field3": "SEA", "Field4": "1281510.3", "Field5": "249802.3", "Field6": "YES", "Field7": "ACT", "Field8": "NO", "Field9": "NE 65th St", "Field10": "98115", "Field11": "65", "Field12": "35th Ave NE", "Field13": "1", "Field14": "35th Ave NE & NE 65th St", "Field15": 3 }, "geometry": null },
{ "type": "Feature", "properties": { "Field1": "25130", "Field2": "Y", "Field3": "SEA", "Field4": "1281495.3999999999", "Field5": "248515.9", "Field6": "YES", "Field7": "ACT", "Field8": "NO", "Field9": "NE 60th St", "Field10": "98105", "Field11": "65", "Field12": "35th Ave NE", "Field13": "1", "Field14": "35th Ave NE & NE 60th St", "Field15": 3 }, "geometry": null },
{ "type": "Feature", "properties": { "Field1": "25140", "Field2": "Y", "Field3": "SEA", "Field4": "1281482.2", "Field5": "247350", "Field6": "YES", "Field7": "ACT", "Field8": "NO", "Field9": "NE 55th St", "Field10": "98105", "Field11": "65", "Field12": "35th Ave NE", "Field13": "0", "Field14": "35th Ave NE & NE 55th St", "Field15": 2 }, "geometry": null },
{ "type": "Feature", "properties": { "Field1": "26689", "Field2": "Y", "Field3": "SEA", "Field4": "1269350.3", "Field5": "228183.8", "Field6": "YES", "Field7": "ACT", "Field8": "NO", "Field9": "7th Ave", "Field10": "98121", "Field11": "98N", "Field12": "Westlake Ave", "Field13": "0", "Field14": "Westlake Ave & 7th Ave", "Field15": 2 }, "geometry": null },
{ "type": "Feature", "properties": { "Field1": "24680", "Field2": "Y", "Field3": "SEA", "Field4": "1254431.8999999999", "Field5": "244651.2", "Field6": "YES", "Field7": "ACT", "Field8": "NO", "Field9": "33rd Ave W", "Field10": "98199", "Field11": "24 33", "Field12": "W Government Way", "Field13": "0", "Field14": "W Government Way & 33rd Ave W", "Field15": 2 }, "geometry": null },
{ "type": "Feature", "properties": { "Field1": "24690", "Field2": "Y", "Field3": "SEA", "Field4": "1254138.8", "Field5": "244219.5", "Field6": "YES", "Field7": "ACT", "Field8": "NO", "Field9": "W Government Way", "Field10": "98199", "Field11": "24", "Field12": "34th Ave W", "Field13": "0", "Field14": "34th Ave W & W Government Way", "Field15": 2 }, "geometry": null },
{ "type": "Feature", "properties": { "Field1": "24700", "Field2": "Y", "Field3": "SEA", "Field4": "1254129.2", "Field5": "243783.1", "Field6": "YES", "Field7": "ACT", "Field8": "NO", "Field9": "W Elmore St", "Field10": "98199", "Field11": "24", "Field12": "34th Ave W", "Field13": "0", "Field14": "34th Ave W & W Elmore St", "Field15": 2 }, "geometry": null },
{ "type": "Feature", "properties": { "Field1": "24710", "Field2": "Y", "Field3": "SEA", "Field4": "1254114.1000000001", "Field5": "243082.2", "Field6": "YES", "Field7": "ACT", "Field8": "NO", "Field9": "W Thurman St", "Field10": "98199", "Field11": "24", "Field12": "34th Ave W", "Field13": "0", "Field14": "34th Ave W & W Thurman St", "Field15": 2 }, "geometry": null },
{ "type": "Feature", "properties": { "Field1": "24720", "Field2": "Y", "Field3": "SEA", "Field4": "1254099.6000000001", "Field5": "242414.4", "Field6": "YES", "Field7": "ACT", "Field8": "NO", "Field9": "W Emerson St", "Field10": "98199", "Field11": "24", "Field12": "34th Ave W", "Field13": "1", "Field14": "34th Ave W & W Emerson St", "Field15": 3 }, "geometry": null },
{ "type": "Feature", "properties": { "Field1": "24740", "Field2": "Y", "Field3": "SEA", "Field4": "1254070", "Field5": "241127.9", "Field6": "YES", "Field7": "ACT", "Field8": "NO", "Field9": "W Bertona St", "Field10": "98199", "Field11": "24", "Field12": "34th Ave W", "Field13": "0", "Field14": "34th Ave W & W Bertona St", "Field15": 2 }, "geometry": null },
{ "type": "Feature", "properties": { "Field1": "24750", "Field2": "Y", "Field3": "SEA", "Field4": "1254055.2", "Field5": "240463.4", "Field6": "YES", "Field7": "ACT", "Field8": "NO", "Field9": "W Dravus St", "Field10": "98199", "Field11": "24", "Field12": "34th Ave W", "Field13": "0", "Field14": "34th Ave W & W Dravus St", "Field15": 2 }, "geometry": null },
{ "type": "Feature", "properties": { "Field1": "24760", "Field2": "Y", "Field3": "SEA", "Field4": "1254039.3999999999", "Field5": "239803.1", "Field6": "YES", "Field7": "ACT", "Field8": "NO", "Field9": "W Barrett St", "Field10": "98199", "Field11": "24", "Field12": "34th Ave W", "Field13": "0", "Field14": "34th Ave W & W Barrett St", "Field15": 2 }, "geometry": null },
{ "type": "Feature", "properties": { "Field1": "24770", "Field2": "Y", "Field3": "SEA", "Field4": "1254021.3", "Field5": "239140", "Field6": "YES", "Field7": "ACT", "Field8": "NO", "Field9": "W Armour St", "Field10": "98199", "Field11": "24", "Field12": "34th Ave W", "Field13": "0", "Field14": "34th Ave W & W Armour St", "Field15": 2 }, "geometry": null },
{ "type": "Feature", "properties": { "Field1": "24780", "Field2": "Y", "Field3": "SEA", "Field4": "1254002.8999999999", "Field5": "238475.9", "Field6": "YES", "Field7": "ACT", "Field8": "NO", "Field9": "W Raye St", "Field10": "98199", "Field11": "24", "Field12": "34th Ave W", "Field13": "0", "Field14": "34th Ave W & W Raye St", "Field15": 2 }, "geometry": null },
{ "type": "Feature", "properties": { "Field1": "24910", "Field2": "Y", "Field3": "SEA", "Field4": "1281524.5", "Field5": "264981.7", "Field6": "YES", "Field7": "ACT", "Field8": "NO", "Field9": "NE 123rd St", "Field10": "98125", "Field11": "65", "Field12": "35th Ave NE", "Field13": "1", "Field14": "35th Ave NE & NE 123rd St", "Field15": 3 }, "geometry": null },
{ "type": "Feature", "properties": { "Field1": "24920", "Field2": "Y", "Field3": "SEA", "Field4": "1281477.6000000001", "Field5": "264316.90000000002", "Field6": "YES", "Field7": "ACT", "Field8": "NO", "Field9": "NE 120th St", "Field10": "98125", "Field11": "65", "Field12": "35th Ave NE", "Field13": "0", "Field14": "35th Ave NE & NE 120th St", "Field15": 2 }, "geometry": null },
{ "type": "Feature", "properties": { "Field1": "24940", "Field2": "Y", "Field3": "SEA", "Field4": "1281665", "Field5": "263007.8", "Field6": "YES", "Field7": "ACT", "Field8": "NO", "Field9": "NE 115th St", "Field10": "98125", "Field11": "65", "Field12": "35th Ave NE", "Field13": "0", "Field14": "35th Ave NE & NE 115th St", "Field15": 2 }, "geometry": null },
{ "type": "Feature", "properties": { "Field1": "26510", "Field2": "Y", "Field3": "SEA", "Field4": "1266669.8999999999", "Field5": "240685.8", "Field6": "YES", "Field7": "ACT", "Field8": "NO", "Field9": "N 34th St", "Field10": "98103", "Field11": "31 32 40 62", "Field12": "Fremont Ave N", "Field13": "0", "Field14": "Fremont Ave N & N 34th St", "Field15": 2 }, "geometry": null },
{ "type": "Feature", "properties": { "Field1": "26520", "Field2": "Y", "Field3": "SEA", "Field4": "1266769.1000000001", "Field5": "239272.6", "Field6": "YES", "Field7": "ACT", "Field8": "NO", "Field9": "Dexter Ave N", "Field10": "98109", "Field11": "40", "Field12": "Westlake Ave N", "Field13": "0", "Field14": "Westlake Ave N & Dexter Ave N", "Field15": 2 }, "geometry": null },
{ "type": "Feature", "properties": { "Field1": "25000", "Field2": "Y", "Field3": "SEA", "Field4": "1281579.2", "Field5": "257507.8", "Field6": "YES", "Field7": "ACT", "Field8": "NO", "Field9": "NE 94th St", "Field10": "98115", "Field11": "65", "Field12": "35th Ave NE", "Field13": "1", "Field14": "35th Ave NE & NE 94th St", "Field15": 3 }, "geometry": null },
{ "type": "Feature", "properties": { "Field1": "25010", "Field2": "Y", "Field3": "SEA", "Field4": "1281571.3", "Field5": "257071.8", "Field6": "YES", "Field7": "ACT", "Field8": "NO", "Field9": "NE 92nd St", "Field10": "98115", "Field11": "65", "Field12": "35th Ave NE", "Field13": "0", "Field14": "35th Ave NE & NE 92nd St", "Field15": 2 }, "geometry": null },
{ "type": "Feature", "properties": { "Field1": "25020", "Field2": "Y", "Field3": "SEA", "Field4": "1281547.2", "Field5": "256401.4", "Field6": "YES", "Field7": "ACT", "Field8": "NO", "Field9": "NE 90th St", "Field10": "98115", "Field11": "65", "Field12": "35th Ave NE", "Field13": "0", "Field14": "35th Ave NE & NE 90th St", "Field15": 2 }, "geometry": null },
{ "type": "Feature", "properties": { "Field1": "25040", "Field2": "Y", "Field3": "SEA", "Field4": "1281502.8999999999", "Field5": "255058", "Field6": "YES", "Field7": "ACT", "Field8": "NO", "Field9": "NE 85th St", "Field10": "98115", "Field11": "65", "Field12": "35th Ave NE", "Field13": "1", "Field14": "35th Ave NE & NE 85th St", "Field15": 3 }, "geometry": null },
{ "type": "Feature", "properties": { "Field1": "25050", "Field2": "Y", "Field3": "SEA", "Field4": "1281506.2", "Field5": "254067.4", "Field6": "YES", "Field7": "ACT", "Field8": "NO", "Field9": "NE 81st St", "Field10": "98115", "Field11": "65", "Field12": "35th Ave NE", "Field13": "1", "Field14": "35th Ave NE & NE 81st St", "Field15": 3 }, "geometry": null },
{ "type": "Feature", "properties": { "Field1": "26641", "Field2": "Y", "Field3": "SEA", "Field4": "1269279.8999999999", "Field5": "231302.39999999999", "Field6": "YES", "Field7": "ACT", "Field8": "NO", "Field9": "Mercer St", "Field10": "98109", "Field11": "40 98N C", "Field12": "Westlake Ave N", "Field13": "0", "Field14": "Westlake Ave N & Mercer St", "Field15": 2 }, "geometry": null },
{ "type": "Feature", "properties": { "Field1": "26645", "Field2": "Y", "Field3": "SEA", "Field4": "1269254.2", "Field5": "230290.4", "Field6": "YES", "Field7": "ACT", "Field8": "NO", "Field9": "Harrison St", "Field10": "98109", "Field11": "40 98N C", "Field12": "Westlake Ave N", "Field13": "0", "Field14": "Westlake Ave N & Harrison St", "Field15": 2 }, "geometry": null },
{ "type": "Feature", "properties": { "Field1": "26690", "Field2": "Y", "Field3": "SEA", "Field4": "1269238.3", "Field5": "229150.1", "Field6": "YES", "Field7": "ACT", "Field8": "NO", "Field9": "9th Ave", "Field10": "98121", "Field11": "40 98N C", "Field12": "Westlake Ave", "Field13": "0", "Field14": "Westlake Ave & 9th Ave", "Field15": 2 }, "geometry": null },
{ "type": "Feature", "properties": { "Field1": "26693", "Field2": "Y", "Field3": "SEA", "Field4": "1269576.8999999999", "Field5": "230330", "Field6": "YES", "Field7": "ACT", "Field8": "NO", "Field9": "Thomas St", "Field10": "98109", "Field11": "98", "Field12": "Terry Ave N", "Field13": "0", "Field14": "Terry Ave N & Thomas St", "Field15": 2 }, "geometry": null },
{ "type": "Feature", "properties": { "Field1": "26698", "Field2": "Y", "Field3": "SEA", "Field4": "1269594.3", "Field5": "231027.20000000001", "Field6": "YES", "Field7": "ACT", "Field8": "NO", "Field9": "Republican St", "Field10": "98109", "Field11": "98", "Field12": "Terry Ave N", "Field13": "0", "Field14": "Terry Ave N & Republican St", "Field15": 2 }, "geometry": null },
{ "type": "Feature", "properties": { "Field1": "26700", "Field2": "Y", "Field3": "SEA", "Field4": "1270819", "Field5": "232538.2", "Field6": "YES", "Field7": "ACT", "Field8": "NO", "Field9": "Ward St", "Field10": "98109", "Field11": "98", "Field12": "Fairview Ave N", "Field13": "0", "Field14": "Fairview Ave N & Ward St", "Field15": 2 }, "geometry": null },
{ "type": "Feature", "properties": { "Field1": "26701", "Field2": "Y", "Field3": "SEA", "Field4": "1269803.6000000001", "Field5": "231928.1", "Field6": "YES", "Field7": "ACT", "Field8": "NO", "Field9": "Terry Ave N", "Field10": "98109", "Field11": "98", "Field12": "SLU Streetcar Rail", "Field13": "0", "Field14": "SLU Streetcar Rail & Terry Ave N", "Field15": 2 }, "geometry": null },
{ "type": "Feature", "properties": { "Field1": "26702", "Field2": "Y", "Field3": "SEA", "Field4": "1269761.6000000001", "Field5": "231929.4", "Field6": "YES", "Field7": "ACT", "Field8": "NO", "Field9": "Terry Ave N", "Field10": "98109", "Field11": "98", "Field12": "SLU Streetcar Rail", "Field13": "0", "Field14": "SLU Streetcar Rail & Terry Ave N", "Field15": 2 }, "geometry": null },
{ "type": "Feature", "properties": { "Field1": "26705", "Field2": "Y", "Field3": "SEA", "Field4": "1270821.1000000001", "Field5": "232540.6", "Field6": "YES", "Field7": "ACT", "Field8": "NO", "Field9": "Aloha St", "Field10": "98109", "Field11": "98", "Field12": "Fairview Ave N", "Field13": "0", "Field14": "Fairview Ave N & Aloha St", "Field15": 2 }, "geometry": null },
{ "type": "Feature", "properties": { "Field1": "26400", "Field2": "Y", "Field3": "SEA", "Field4": "1270081.7", "Field5": "242776.1", "Field6": "YES", "Field7": "ACT", "Field8": "NO", "Field9": "Wallingford Ave N", "Field10": "98103", "Field11": "31 32", "Field12": "N 40th St", "Field13": "0", "Field14": "N 40th St & Wallingford Ave N", "Field15": 2 }, "geometry": null },
{ "type": "Feature", "properties": { "Field1": "26410", "Field2": "Y", "Field3": "SEA", "Field4": "1270025.3", "Field5": "242207.8", "Field6": "YES", "Field7": "ACT", "Field8": "NO", "Field9": "N 39th St", "Field10": "98103", "Field11": "31 32", "Field12": "Wallingford Ave N", "Field13": "0", "Field14": "Wallingford Ave N & N 39th St", "Field15": 2 }, "geometry": null },
{ "type": "Feature", "properties": { "Field1": "26430", "Field2": "Y", "Field3": "SEA", "Field4": "1270001.3", "Field5": "241367.2", "Field6": "YES", "Field7": "ACT", "Field8": "NO", "Field9": "N 37th St", "Field10": "98103", "Field11": "31 32", "Field12": "Wallingford Ave N", "Field13": "0", "Field14": "Wallingford Ave N & N 37th St", "Field15": 2 }, "geometry": null },
{ "type": "Feature", "properties": { "Field1": "26450", "Field2": "Y", "Field3": "SEA", "Field4": "1269855.8", "Field5": "240427.4", "Field6": "YES", "Field7": "ACT", "Field8": "NO", "Field9": "Wallingford Ave N", "Field10": "98103", "Field11": "31 32", "Field12": "N 35th St", "Field13": "1", "Field14": "N 35th St & Wallingford Ave N", "Field15": 3 }, "geometry": null },
{ "type": "Feature", "properties": { "Field1": "26460", "Field2": "Y", "Field3": "SEA", "Field4": "1269301.2", "Field5": "240442.3", "Field6": "YES", "Field7": "ACT", "Field8": "NO", "Field9": "Woodlawn Ave N", "Field10": "98103", "Field11": "31 32", "Field12": "N 35th St", "Field13": "0", "Field14": "N 35th St & Woodlawn Ave N", "Field15": 2 }, "geometry": null },
{ "type": "Feature", "properties": { "Field1": "26480", "Field2": "Y", "Field3": "SEA", "Field4": "1268276.5", "Field5": "240571.9", "Field6": "YES", "Field7": "ACT", "Field8": "NO", "Field9": "Stone Way N", "Field10": "98103", "Field11": "31 32 62", "Field12": "N 35th St", "Field13": "1", "Field14": "N 35th St & Stone Way N", "Field15": 3 }, "geometry": null },
{ "type": "Feature", "properties": { "Field1": "26490", "Field2": "Y", "Field3": "SEA", "Field4": "1267216.3", "Field5": "240837.1", "Field6": "YES", "Field7": "ACT", "Field8": "NO", "Field9": "Troll Ave N", "Field10": "98103", "Field11": "31 32 62", "Field12": "N 35th St", "Field13": "0", "Field14": "N 35th St & Troll Ave N", "Field15": 2 }, "geometry": null },
{ "type": "Feature", "properties": { "Field1": "26560", "Field2": "Y", "Field3": "SEA", "Field4": "1268787.8999999999", "Field5": "236396", "Field6": "YES", "Field7": "ACT", "Field8": "NO", "Field9": "Crockett St", "Field10": "98109", "Field11": "40", "Field12": "Westlake Ave N", "Field13": "1", "Field14": "Westlake Ave N & Crockett St", "Field15": 3 }, "geometry": null },
{ "type": "Feature", "properties": { "Field1": "26580", "Field2": "Y", "Field3": "SEA", "Field4": "1268869.1000000001", "Field5": "235221.7", "Field6": "YES", "Field7": "ACT", "Field8": "NO", "Field9": "8th Ave N", "Field10": "98109", "Field11": "40", "Field12": "Westlake Ave N", "Field13": "0", "Field14": "Westlake Ave N & 8th Ave N", "Field15": 2 }, "geometry": null },
{ "type": "Feature", "properties": { "Field1": "26590", "Field2": "Y", "Field3": "SEA", "Field4": "1268758.8", "Field5": "234439.5", "Field6": "YES", "Field7": "ACT", "Field8": "NO", "Field9": "Galer St", "Field10": "98109", "Field11": "40", "Field12": "Westlake Ave N", "Field13": "0", "Field14": "Westlake Ave N & Galer St", "Field15": 2 }, "geometry": null },
{ "type": "Feature", "properties": { "Field1": "26600", "Field2": "Y", "Field3": "SEA", "Field4": "1268691.8", "Field5": "233371.5", "Field6": "YES", "Field7": "ACT", "Field8": "NO", "Field9": "Highland Dr", "Field10": "98109", "Field11": "40", "Field12": "Westlake Ave N", "Field13": "0", "Field14": "Westlake Ave N & Highland Dr", "Field15": 2 }, "geometry": null },
{ "type": "Feature", "properties": { "Field1": "26665", "Field2": "Y", "Field3": "SEA", "Field4": "1269254.5", "Field5": "228986.5", "Field6": "YES", "Field7": "ACT", "Field8": "NO", "Field9": "9th Ave", "Field10": "98121", "Field11": "40 98N C", "Field12": "Westlake Ave", "Field13": "0", "Field14": "Westlake Ave & 9th Ave", "Field15": 2 }, "geometry": null },
{ "type": "Feature", "properties": { "Field1": "670", "Field2": "Y", "Field3": "SEA", "Field4": "1270215.1000000001", "Field5": "225192.6", "Field6": "YES", "Field7": "ACT", "Field8": "NO", "Field9": "Seneca St", "Field10": "98101", "Field11": "111N 212N 218N 256 550EN 554EN", "Field12": "4th Ave", "Field13": "0", "Field14": "4th Ave & Seneca St", "Field15": 2 }, "geometry": null },
{ "type": "Feature", "properties": { "Field1": "675", "Field2": "Y", "Field3": "SEA", "Field4": "1270497.1000000001", "Field5": "225387.5", "Field6": "YES", "Field7": "ACT", "Field8": "NO", "Field9": "5th Ave", "Field10": "98101", "Field12": "Seneca St", "Field13": "0", "Field14": "Seneca St & 5th Ave", "Field15": 2 }, "geometry": null },
{ "type": "Feature", "properties": { "Field1": "691", "Field2": "Y", "Field3": "SEA", "Field4": "1269850.3", "Field5": "225808.6", "Field6": "YES", "Field7": "ACT", "Field8": "NO", "Field9": "Union St", "Field10": "98101", "Field11": "101 102 150 550E", "Field12": "4th Ave", "Field13": "0", "Field14": "4th Ave & Union St", "Field15": 2 }, "geometry": null },
{ "type": "Feature", "properties": { "Field1": "700", "Field2": "Y", "Field3": "SEA", "Field4": "1269459.3999999999", "Field5": "226469.1", "Field6": "YES", "Field7": "ACT", "Field8": "NO", "Field9": "Pike St", "Field10": "98101", "Field11": "101N 102N 111N 150N 177N 212N 218N 256 545E 554EN", "Field12": "4th Ave", "Field13": "0", "Field14": "4th Ave & Pike St", "Field15": 2 }, "geometry": null },
{ "type": "Feature", "properties": { "Field1": "790", "Field2": "Y", "Field3": "SEA", "Field4": "1270428.8999999999", "Field5": "225463.3", "Field6": "YES", "Field7": "ACT", "Field8": "NO", "Field9": "Seneca St", "Field10": "98101", "Field11": "545E", "Field12": "5th Ave", "Field13": "0", "Field14": "5th Ave & Seneca St", "Field15": 2 }, "geometry": null },
{ "type": "Feature", "properties": { "Field1": "800", "Field2": "Y", "Field3": "SEA", "Field4": "1270694.5", "Field5": "225015", "Field6": "YES", "Field7": "ACT", "Field8": "NO", "Field9": "Spring St", "Field10": "98104", "Field11": "630", "Field12": "5th Ave", "Field13": "1", "Field14": "5th Ave & Spring St", "Field15": 3 }, "geometry": null },
{ "type": "Feature", "properties": { "Field1": "810", "Field2": "Y", "Field3": "SEA", "Field4": "1270941.3999999999", "Field5": "224597.6", "Field6": "YES", "Field7": "ACT", "Field8": "NO", "Field9": "Marion St", "Field10": "98104", "Field11": "545E 630", "Field12": "5th Ave", "Field13": "0", "Field14": "5th Ave & Marion St", "Field15": 2 }, "geometry": null },
{ "type": "Feature", "properties": { "Field1": "820", "Field2": "Y", "Field3": "SEA", "Field4": "1271539.8", "Field5": "223587.1", "Field6": "YES", "Field7": "ACT", "Field8": "NO", "Field9": "Jefferson St", "Field10": "98104", "Field11": "545E 630", "Field12": "5th Ave", "Field13": "1", "Field14": "5th Ave & Jefferson St", "Field15": 3 }, "geometry": null },
{ "type": "Feature", "properties": { "Field1": "840", "Field2": "Y", "Field3": "SEA", "Field4": "1271764.2", "Field5": "222398.5", "Field6": "YES", "Field7": "ACT", "Field8": "NO", "Field9": "S Jackson St", "Field10": "98104", "Field12": "5th Ave S", "Field13": "0", "Field14": "5th Ave S & S Jackson St", "Field15": 2 }, "geometry": null },
{ "type": "Feature", "properties": { "Field1": "590", "Field2": "Y", "Field3": "SEA", "Field4": "1269038.6000000001", "Field5": "226544.6", "Field6": "YES", "Field7": "ACT", "Field8": "NO", "Field9": "Pine St", "Field10": "98101", "Field11": "124N 131N 132N 17E 21EN 21N 24 27 28E 33 40 5 56 57 62 HN", "Field12": "3rd Ave", "Field13": "0", "Field14": "3rd Ave & Pine St", "Field15": 2 }, "geometry": null },
{ "type": "Feature", "properties": { "Field1": "600", "Field2": "Y", "Field3": "SEA", "Field4": "1268368.6000000001", "Field5": "227228.2", "Field6": "YES", "Field7": "ACT", "Field8": "NO", "Field9": "Virginia St", "Field10": "98121", "Field11": "1 124N 13 131N 132N 14 17E 2 21E 24 28E 3 33 4 40 5 62 C D E H", "Field12": "3rd Ave", "Field13": "0", "Field14": "3rd Ave & Virginia St", "Field15": 2 }, "geometry": null },
{ "type": "Feature", "properties": { "Field1": "605", "Field2": "Y", "Field3": "SEA", "Field4": "1267497", "Field5": "228020.9", "Field6": "YES", "Field7": "ACT", "Field8": "NO", "Field9": "Bell St", "Field10": "98121", "Field11": "1 124 13 131 132 17E 2 24 28E 33 4 5 D E", "Field12": "3rd Ave", "Field13": "2", "Field14": "3rd Ave & Bell St", "Field15": 3 }, "geometry": null },
{ "type": "Feature", "properties": { "Field1": "619", "Field2": "Y", "Field3": "SEA", "Field4": "1271419.2", "Field5": "222389.1", "Field6": "YES", "Field7": "ACT", "Field8": "NO", "Field9": "S Jackson St", "Field10": "98104", "Field11": "124N 131N 132N 17E 21N 24 28E 33 40 5", "Field12": "4th Ave S", "Field13": "3", "Field14": "4th Ave S & S Jackson St", "Field15": 3 }, "geometry": null },
{ "type": "Feature", "properties": { "Field1": "620", "Field2": "Y", "Field3": "SEA", "Field4": "1271428.3999999999", "Field5": "222014.7", "Field6": "YES", "Field7": "ACT", "Field8": "NO", "Field9": "S Jackson St", "Field10": "98104", "Field11": "101N 102N 111N 150N 177N 212N 218N 256 545E 550EN 554EN", "Field12": "4th Ave S", "Field13": "2", "Field14": "4th Ave S & S Jackson St", "Field15": 3 }, "geometry": null },
{ "type": "Feature", "properties": { "Field1": "626", "Field2": "Y", "Field3": "SEA", "Field4": "1271702.3999999999", "Field5": "222761.4", "Field6": "UNK", "Field7": "ACT", "Field8": "NO", "Field9": "5th Ave S", "Field10": "98104", "Field11": "62 E", "Field12": "S Washington St", "Field13": "0", "Field14": "S Washington St & 5th Ave S", "Field15": 0 }, "geometry": null },
{ "type": "Feature", "properties": { "Field1": "628", "Field2": "Y", "Field3": "SEA", "Field4": "1271446", "Field5": "222925.9", "Field6": "YES", "Field7": "ACT", "Field8": "NO", "Field9": "S Washington St", "Field10": "98104", "Field11": "111N 212N 218N 256 550EN 554EN", "Field12": "4th Ave S", "Field13": "1", "Field14": "4th Ave S & S Washington St", "Field15": 3 }, "geometry": null },
{ "type": "Feature", "properties": { "Field1": "640", "Field2": "Y", "Field3": "SEA", "Field4": "1271195.1000000001", "Field5": "223538.5", "Field6": "YES", "Field7": "ACT", "Field8": "NO", "Field9": "James St", "Field10": "98104", "Field11": "101N 102N 150N 177N 545E", "Field12": "4th Ave", "Field13": "3", "Field14": "4th Ave & James St", "Field15": 3 }, "geometry": null },
{ "type": "Feature", "properties": { "Field1": "648", "Field2": "Y", "Field3": "SEA", "Field4": "1270909.7", "Field5": "224020.3", "Field6": "YES", "Field7": "ACT", "Field8": "NO", "Field9": "Cherry St", "Field10": "98104", "Field11": "111N 212N 218N 256 550EN 554EN", "Field12": "4th Ave", "Field13": "0", "Field14": "4th Ave & Cherry St", "Field15": 2 }, "geometry": null },
{ "type": "Feature", "properties": { "Field1": "660", "Field2": "Y", "Field3": "SEA", "Field4": "1270541", "Field5": "224641.8", "Field6": "YES", "Field7": "ACT", "Field8": "NO", "Field9": "Madison St", "Field10": "98104", "Field11": "101N 102N 150N 177N 545E", "Field12": "4th Ave", "Field13": "3", "Field14": "4th Ave & Madison St", "Field15": 3 }, "geometry": null },
{ "type": "Feature", "properties": { "Field1": "1570", "Field2": "Y", "Field3": "SEA", "Field4": "1271504.8", "Field5": "223844.4", "Field6": "YES", "Field7": "ACT", "Field8": "NO", "Field9": "5th Ave", "Field10": "98104", "Field11": "3 4", "Field12": "James St", "Field13": "1", "Field14": "James St & 5th Ave", "Field15": 3 }, "geometry": null },
{ "type": "Feature", "properties": { "Field1": "720", "Field2": "Y", "Field3": "SEA", "Field4": "1268991.6000000001", "Field5": "227096.9", "Field6": "YES", "Field7": "ACT", "Field8": "NO", "Field9": "Stewart St", "Field10": "98101", "Field11": "212 256 554EN", "Field12": "4th Ave", "Field13": "0", "Field14": "4th Ave & Stewart St", "Field15": 2 }, "geometry": null },
{ "type": "Feature", "properties": { "Field1": "730", "Field2": "Y", "Field3": "SEA", "Field4": "1268381.2", "Field5": "227652", "Field6": "YES", "Field7": "ACT", "Field8": "NO", "Field9": "Lenora St", "Field10": "98121", "Field11": "554EN", "Field12": "4th Ave", "Field13": "0", "Field14": "4th Ave & Lenora St", "Field15": 2 }, "geometry": null },
{ "type": "Feature", "properties": { "Field1": "1651", "Field2": "Y", "Field3": "SEA", "Field4": "1271898.5", "Field5": "222144.5", "Field6": "YES", "Field7": "ACT", "Field8": "NO", "Field9": "5th Ave S", "Field10": "98104", "Field11": "96N", "Field12": "S Jackson St", "Field13": "0", "Field14": "S Jackson St & 5th Ave S", "Field15": 2 }, "geometry": null },
{ "type": "Feature", "properties": { "Field1": "1652", "Field2": "Y", "Field3": "SEA", "Field4": "1271898.5", "Field5": "222144.5", "Field6": "YES", "Field7": "ACT", "Field8": "NO", "Field9": "5th Ave S", "Field10": "98104", "Field11": "96N", "Field12": "S Jackson St", "Field13": "0", "Field14": "S Jackson St & 5th Ave S", "Field15": 2 }, "geometry": null },
{ "type": "Feature", "properties": { "Field1": "1661", "Field2": "Y", "Field3": "SEA", "Field4": "1272835.3999999999", "Field5": "222126.5", "Field6": "YES", "Field7": "ACT", "Field8": "NO", "Field9": "7th Ave S", "Field10": "98104", "Field11": "96N", "Field12": "S Jackson St", "Field13": "0", "Field14": "S Jackson St & 7th Ave S", "Field15": 2 }, "geometry": null },
{ "type": "Feature", "properties": { "Field1": "1662", "Field2": "Y", "Field3": "SEA", "Field4": "1272835.3999999999", "Field5": "222126.5", "Field6": "YES", "Field7": "ACT", "Field8": "NO", "Field9": "7th Ave S", "Field10": "98104", "Field11": "96N", "Field12": "S Jackson St", "Field13": "0", "Field14": "S Jackson St & 7th Ave S", "Field15": 2 }, "geometry": null },
{ "type": "Feature", "properties": { "Field1": "1671", "Field2": "Y", "Field3": "SEA", "Field4": "1274698.3", "Field5": "222094.6", "Field6": "YES", "Field7": "ACT", "Field8": "NO", "Field9": "12th Ave S", "Field10": "98144", "Field11": "96N", "Field12": "S Jackson St", "Field13": "0", "Field14": "S Jackson St & 12th Ave S", "Field15": 2 }, "geometry": null },
{ "type": "Feature", "properties": { "Field1": "1672", "Field2": "Y", "Field3": "SEA", "Field4": "1274698.3", "Field5": "222094.6", "Field6": "YES", "Field7": "ACT", "Field8": "NO", "Field9": "12th Ave S", "Field10": "98144", "Field11": "96N", "Field12": "S Jackson St", "Field13": "0", "Field14": "S Jackson St & 12th Ave S", "Field15": 2 }, "geometry": null },
{ "type": "Feature", "properties": { "Field1": "1681", "Field2": "Y", "Field3": "SEA", "Field4": "1275107.1000000001", "Field5": "222591.2", "Field6": "YES", "Field7": "ACT", "Field8": "NO", "Field9": "S Washington St", "Field10": "98144", "Field11": "96N", "Field12": "14th Ave S", "Field13": "0", "Field14": "14th Ave S & S Washington St", "Field15": 2 }, "geometry": null },
{ "type": "Feature", "properties": { "Field1": "1682", "Field2": "Y", "Field3": "SEA", "Field4": "1275107.1000000001", "Field5": "222591.2", "Field6": "YES", "Field7": "ACT", "Field8": "NO", "Field9": "S Washington St", "Field10": "98144", "Field11": "96N", "Field12": "14th Ave S", "Field13": "0", "Field14": "14th Ave S & S Washington St", "Field15": 2 }, "geometry": null },
{ "type": "Feature", "properties": { "Field1": "3032", "Field2": "Y", "Field3": "SEA", "Field4": "1273598.8", "Field5": "227134.9", "Field6": "YES", "Field7": "ACT", "Field8": "NO", "Field9": "Broadway", "Field10": "98122", "Field11": "2", "Field12": "E Union St", "Field13": "1", "Field14": "E Union St & Broadway", "Field15": 3 }, "geometry": null },
{ "type": "Feature", "properties": { "Field1": "3033", "Field2": "Y", "Field3": "SEA", "Field4": "1273193.8999999999", "Field5": "226999", "Field6": "YES", "Field7": "ACT", "Field8": "NO", "Field9": "Harvard Ave", "Field10": "98101", "Field11": "2", "Field12": "Seneca St", "Field13": "0", "Field14": "Seneca St & Harvard Ave", "Field15": 2 }, "geometry": null },
{ "type": "Feature", "properties": { "Field1": "3034", "Field2": "Y", "Field3": "SEA", "Field4": "1272622.3", "Field5": "226645.7", "Field6": "YES", "Field7": "ACT", "Field8": "NO", "Field9": "Summit Ave", "Field10": "98101", "Field11": "2", "Field12": "Seneca St", "Field13": "1", "Field14": "Seneca St & Summit Ave", "Field15": 3 }, "geometry": null },
{ "type": "Feature", "properties": { "Field1": "3035", "Field2": "Y", "Field3": "SEA", "Field4": "1272208.6000000001", "Field5": "226396.1", "Field6": "YES", "Field7": "ACT", "Field8": "NO", "Field9": "Boren Ave", "Field10": "98101", "Field11": "2", "Field12": "Seneca St", "Field13": "1", "Field14": "Seneca St & Boren Ave", "Field15": 3 }, "geometry": null },
{ "type": "Feature", "properties": { "Field1": "3036", "Field2": "Y", "Field3": "SEA", "Field4": "1271792.7", "Field5": "226150", "Field6": "YES", "Field7": "ACT", "Field8": "NO", "Field9": "Terry Ave", "Field10": "98101", "Field11": "2 630", "Field12": "Seneca St", "Field13": "2", "Field14": "Seneca St & Terry Ave", "Field15": 3 }, "geometry": null },
{ "type": "Feature", "properties": { "Field1": "1558", "Field2": "Y", "Field3": "SEA", "Field4": "1269546.3999999999", "Field5": "223416.9", "Field6": "YES", "Field7": "ACT", "Field8": "NO", "Field9": "Alaskan Way", "Field10": "98104", "Field11": "113 125 21E 56 57 C H", "Field12": "Columbia St", "Field13": "1", "Field14": "Columbia St & Alaskan Way", "Field15": 3 }, "geometry": null },
{ "type": "Feature", "properties": { "Field1": "1559", "Field2": "Y", "Field3": "SEA", "Field4": "1269536.8999999999", "Field5": "223382.8", "Field6": "YES", "Field7": "ACT", "Field8": "NO", "Field9": "Columbia St", "Field10": "98104", "Field11": "113 125 21E 56 57 C H", "Field12": "Alaskan Way", "Field13": "1", "Field14": "Alaskan Way & Columbia St", "Field15": 3 }, "geometry": null },
{ "type": "Feature", "properties": { "Field1": "1560", "Field2": "Y", "Field3": "SEA", "Field4": "1270993.3999999999", "Field5": "223547.1", "Field6": "YES", "Field7": "ACT", "Field8": "NO", "Field9": "3rd Ave", "Field10": "98104", "Field11": "3 4", "Field12": "James St", "Field13": "2", "Field14": "James St & 3rd Ave", "Field15": 3 }, "geometry": null },
{ "type": "Feature", "properties": { "Field1": "1561", "Field2": "Y", "Field3": "SEA", "Field4": "1269792", "Field5": "222371.6", "Field6": "YES", "Field7": "ACT", "Field8": "NO", "Field9": "S Jackson St", "Field10": "98104", "Field11": "113 125 21E 56 57 C H", "Field12": "SR 519 Hwy", "Field13": "1", "Field14": "SR 519 Hwy & S Jackson St", "Field15": 3 }, "geometry": null },
{ "type": "Feature", "properties": { "Field1": "1562", "Field2": "Y", "Field3": "SEA", "Field4": "1269733.7", "Field5": "222012", "Field6": "YES", "Field7": "ACT", "Field8": "NO", "Field9": "S Jackson St", "Field10": "98104", "Field11": "113 125 21E 56 57 C H", "Field12": "SR 519 Hwy", "Field13": "1", "Field14": "SR 519 Hwy & S Jackson St", "Field15": 3 }, "geometry": null },
{ "type": "Feature", "properties": { "Field1": "1610", "Field2": "Y", "Field3": "SEA", "Field4": "1271202.7", "Field5": "223035.8", "Field6": "YES", "Field7": "ACT", "Field8": "NO", "Field9": "Yesler Way", "Field10": "98104", "Field11": "1 13 14N 2N 36N 3N 4N 70 7N D E", "Field12": "Prefontaine Pl S", "Field13": "2", "Field14": "Prefontaine Pl S & Yesler Way", "Field15": 3 }, "geometry": null },
{ "type": "Feature", "properties": { "Field1": "1619", "Field2": "Y", "Field3": "SEA", "Field4": "1269382.5", "Field5": "227913.60000000001", "Field6": "YES", "Field7": "ACT", "Field8": "NO", "Field9": "Virginia St", "Field10": "98121", "Field11": "98N", "Field12": "Westlake Ave", "Field13": "0", "Field14": "Westlake Ave & Virginia St", "Field15": 2 }, "geometry": null },
{ "type": "Feature", "properties": { "Field1": "2830", "Field2": "Y", "Field3": "SEA", "Field4": "1262877.6000000001", "Field5": "237804.4", "Field6": "YES", "Field7": "ACT", "Field8": "NO", "Field9": "W Smith St", "Field10": "98119", "Field11": "2", "Field12": "6th Ave W", "Field13": "0", "Field14": "6th Ave W & W Smith St", "Field15": 2 }, "geometry": null },
{ "type": "Feature", "properties": { "Field1": "2840", "Field2": "Y", "Field3": "SEA", "Field4": "1262892.1000000001", "Field5": "238305.9", "Field6": "YES", "Field7": "ACT", "Field8": "NO", "Field9": "W Raye St", "Field10": "98119", "Field11": "2", "Field12": "6th Ave W", "Field13": "0", "Field14": "6th Ave W & W Raye St", "Field15": 2 }, "geometry": null },
{ "type": "Feature", "properties": { "Field1": "2860", "Field2": "Y", "Field3": "SEA", "Field4": "1282958.5", "Field5": "227168", "Field6": "YES", "Field7": "ACT", "Field8": "NO", "Field9": "Newport Way", "Field10": "98122", "Field11": "2", "Field12": "Madrona Dr", "Field13": "0", "Field14": "Madrona Dr & Newport Way", "Field15": 2 }, "geometry": null },
{ "type": "Feature", "properties": { "Field1": "2870", "Field2": "Y", "Field3": "SEA", "Field4": "1282668.3999999999", "Field5": "227771", "Field6": "YES", "Field7": "ACT", "Field8": "NO", "Field9": "E Pine St", "Field10": "98122", "Field11": "2", "Field12": "Madrona Dr", "Field13": "1", "Field14": "Madrona Dr & E Pine St", "Field15": 3 }, "geometry": null },
{ "type": "Feature", "properties": { "Field1": "1690", "Field2": "Y", "Field3": "SEA", "Field4": "1266743.6000000001", "Field5": "228706.3", "Field6": "YES", "Field7": "ACT", "Field8": "NO", "Field9": "Vine St", "Field10": "98121", "Field11": "1 13 2 24 33 4 D", "Field12": "3rd Ave", "Field13": "1", "Field14": "3rd Ave & Vine St", "Field15": 3 }, "geometry": null },
{ "type": "Feature", "properties": { "Field1": "1710", "Field2": "Y", "Field3": "SEA", "Field4": "1271621.8999999999", "Field5": "223212.9", "Field6": "YES", "Field7": "ACT", "Field8": "NO", "Field9": "5th Ave", "Field10": "98104", "Field11": "D", "Field12": "Terrace St", "Field13": "0", "Field14": "Terrace St & 5th Ave", "Field15": 2 }, "geometry": null },
{ "type": "Feature", "properties": { "Field1": "2940", "Field2": "Y", "Field3": "SEA", "Field4": "1280946.8", "Field5": "226973.3", "Field6": "YES", "Field7": "ACT", "Field8": "NO", "Field9": "33rd Ave", "Field10": "98122", "Field11": "2 988EN", "Field12": "E Union St", "Field13": "1", "Field14": "E Union St & 33rd Ave", "Field15": 3 }, "geometry": null },
{ "type": "Feature", "properties": { "Field1": "2950", "Field2": "Y", "Field3": "SEA", "Field4": "1280424.3", "Field5": "226995.20000000001", "Field6": "YES", "Field7": "ACT", "Field8": "NO", "Field9": "31st Ave", "Field10": "98122", "Field11": "2", "Field12": "E Union St", "Field13": "0", "Field14": "E Union St & 31st Ave", "Field15": 2 }, "geometry": null },
{ "type": "Feature", "properties": { "Field1": "2960", "Field2": "Y", "Field3": "SEA", "Field4": "1279838.7", "Field5": "227015.7", "Field6": "YES", "Field7": "ACT", "Field8": "NO", "Field9": "29th Ave", "Field10": "98122", "Field11": "2", "Field12": "E Union St", "Field13": "1", "Field14": "E Union St & 29th Ave", "Field15": 3 }, "geometry": null },
{ "type": "Feature", "properties": { "Field1": "2970", "Field2": "Y", "Field3": "SEA", "Field4": "1279215.2", "Field5": "227018.1", "Field6": "YES", "Field7": "ACT", "Field8": "NO", "Field9": "27th Ave", "Field10": "98122", "Field11": "2", "Field12": "E Union St", "Field13": "1", "Field14": "E Union St & 27th Ave", "Field15": 3 }, "geometry": null },
{ "type": "Feature", "properties": { "Field1": "2980", "Field2": "Y", "Field3": "SEA", "Field4": "1278566.3", "Field5": "227031.5", "Field6": "YES", "Field7": "ACT", "Field8": "NO", "Field9": "25th Ave", "Field10": "98122", "Field11": "2", "Field12": "E Union St", "Field13": "1", "Field14": "E Union St & 25th Ave", "Field15": 3 }, "geometry": null },
{ "type": "Feature", "properties": { "Field1": "2995", "Field2": "Y", "Field3": "SEA", "Field4": "1277940.2", "Field5": "227042.8", "Field6": "YES", "Field7": "ACT", "Field8": "NO", "Field9": "23rd Ave", "Field10": "98122", "Field11": "2", "Field12": "E Union St", "Field13": "0", "Field14": "E Union St & 23rd Ave", "Field15": 2 }, "geometry": null },
{ "type": "Feature", "properties": { "Field1": "3000", "Field2": "Y", "Field3": "SEA", "Field4": "1277158.3999999999", "Field5": "227047.2", "Field6": "YES", "Field7": "ACT", "Field8": "NO", "Field9": "20th Ave", "Field10": "98122", "Field11": "2", "Field12": "E Union St", "Field13": "1", "Field14": "E Union St & 20th Ave", "Field15": 3 }, "geometry": null },
{ "type": "Feature", "properties": { "Field1": "3010", "Field2": "Y", "Field3": "SEA", "Field4": "1276373", "Field5": "227059.6", "Field6": "YES", "Field7": "ACT", "Field8": "NO", "Field9": "18th Ave", "Field10": "98122", "Field11": "2", "Field12": "E Union St", "Field13": "1", "Field14": "E Union St & 18th Ave", "Field15": 3 }, "geometry": null },
{ "type": "Feature", "properties": { "Field1": "3037", "Field2": "Y", "Field3": "SEA", "Field4": "1271225.3999999999", "Field5": "225815.8", "Field6": "YES", "Field7": "ACT", "Field8": "NO", "Field9": "8th Ave", "Field10": "98101", "Field11": "13 2 630", "Field12": "Seneca St", "Field13": "0", "Field14": "Seneca St & 8th Ave", "Field15": 2 }, "geometry": null },
{ "type": "Feature", "properties": { "Field1": "3150", "Field2": "Y", "Field3": "SEA", "Field4": "1271281.5", "Field5": "225848.3", "Field6": "YES", "Field7": "ACT", "Field8": "NO", "Field9": "8th Ave", "Field10": "98101", "Field11": "193E 2", "Field12": "Seneca St", "Field13": "0", "Field14": "Seneca St & 8th Ave", "Field15": 2 }, "geometry": null },
{ "type": "Feature", "properties": { "Field1": "3151", "Field2": "Y", "Field3": "SEA", "Field4": "1271662.8999999999", "Field5": "226073", "Field6": "YES", "Field7": "ACT", "Field8": "NO", "Field9": "9th Ave", "Field10": "98101", "Field11": "2", "Field12": "Seneca St", "Field13": "1", "Field14": "Seneca St & 9th Ave", "Field15": 3 }, "geometry": null },
{ "type": "Feature", "properties": { "Field1": "3152", "Field2": "Y", "Field3": "SEA", "Field4": "1272209.3999999999", "Field5": "226396.6", "Field6": "YES", "Field7": "ACT", "Field8": "NO", "Field9": "Boren Ave", "Field10": "98101", "Field11": "2", "Field12": "Seneca St", "Field13": "0", "Field14": "Seneca St & Boren Ave", "Field15": 2 }, "geometry": null },
{ "type": "Feature", "properties": { "Field1": "3153", "Field2": "Y", "Field3": "SEA", "Field4": "1272769.3999999999", "Field5": "226732.79999999999", "Field6": "YES", "Field7": "ACT", "Field8": "NO", "Field9": "Summit Ave", "Field10": "98101", "Field11": "2", "Field12": "Seneca St", "Field13": "0", "Field14": "Seneca St & Summit Ave", "Field15": 2 }, "geometry": null },
{ "type": "Feature", "properties": { "Field1": "3154", "Field2": "Y", "Field3": "SEA", "Field4": "1273043.7", "Field5": "226895.7", "Field6": "YES", "Field7": "ACT", "Field8": "NO", "Field9": "Boylston Ave", "Field10": "98101", "Field11": "2", "Field12": "Seneca St", "Field13": "0", "Field14": "Seneca St & Boylston Ave", "Field15": 2 }, "geometry": null },
{ "type": "Feature", "properties": { "Field1": "2710", "Field2": "Y", "Field3": "SEA", "Field4": "1264800.8", "Field5": "232467.9", "Field6": "YES", "Field7": "ACT", "Field8": "NO", "Field9": "Aloha St", "Field10": "98119", "Field11": "13 2", "Field12": "Queen Anne Ave N", "Field13": "0", "Field14": "Queen Anne Ave N & Aloha St", "Field15": 2 }, "geometry": null },
{ "type": "Feature", "properties": { "Field1": "2720", "Field2": "Y", "Field3": "SEA", "Field4": "1264811.8", "Field5": "232908.1", "Field6": "YES", "Field7": "ACT", "Field8": "NO", "Field9": "Ward St", "Field10": "98109", "Field11": "13 2", "Field12": "Queen Anne Ave N", "Field13": "0", "Field14": "Queen Anne Ave N & Ward St", "Field15": 2 }, "geometry": null },
{ "type": "Feature", "properties": { "Field1": "2730", "Field2": "Y", "Field3": "SEA", "Field4": "1264837", "Field5": "233446.1", "Field6": "YES", "Field7": "ACT", "Field8": "NO", "Field9": "Highland Dr", "Field10": "98109", "Field11": "13 2", "Field12": "Queen Anne Ave N", "Field13": "0", "Field14": "Queen Anne Ave N & Highland Dr", "Field15": 2 }, "geometry": null },
{ "type": "Feature", "properties": { "Field1": "2740", "Field2": "Y", "Field3": "SEA", "Field4": "1264854.7", "Field5": "234066.8", "Field6": "YES", "Field7": "ACT", "Field8": "NO", "Field9": "W Lee St", "Field10": "98109", "Field11": "13 2", "Field12": "Queen Anne Ave N", "Field13": "0", "Field14": "Queen Anne Ave N & W Lee St", "Field15": 2 }, "geometry": null },
{ "type": "Feature", "properties": { "Field1": "2760", "Field2": "Y", "Field3": "SEA", "Field4": "1264361.6000000001", "Field5": "234377.7", "Field6": "YES", "Field7": "ACT", "Field8": "NO", "Field9": "1st Ave W", "Field10": "98119", "Field11": "2", "Field12": "W Galer St", "Field13": "0", "Field14": "W Galer St & 1st Ave W", "Field15": 2 }, "geometry": null },
{ "type": "Feature", "properties": { "Field1": "2770", "Field2": "Y", "Field3": "SEA", "Field4": "1263706.3", "Field5": "234392.2", "Field6": "YES", "Field7": "ACT", "Field8": "NO", "Field9": "3rd Ave W", "Field10": "98119", "Field11": "2", "Field12": "W Galer St", "Field13": "0", "Field14": "W Galer St & 3rd Ave W", "Field15": 2 }, "geometry": null },
{ "type": "Feature", "properties": { "Field1": "2780", "Field2": "Y", "Field3": "SEA", "Field4": "1263028.5", "Field5": "234407", "Field6": "YES", "Field7": "ACT", "Field8": "NO", "Field9": "5th Ave W", "Field10": "98119", "Field11": "2", "Field12": "W Galer St", "Field13": "0", "Field14": "W Galer St & 5th Ave W", "Field15": 2 }, "geometry": null },
{ "type": "Feature", "properties": { "Field1": "2790", "Field2": "Y", "Field3": "SEA", "Field4": "1262792.5", "Field5": "234914.8", "Field6": "YES", "Field7": "ACT", "Field8": "NO", "Field9": "W Garfield St", "Field10": "98119", "Field11": "2", "Field12": "6th Ave W", "Field13": "0", "Field14": "6th Ave W & W Garfield St", "Field15": 2 }, "geometry": null },
{ "type": "Feature", "properties": { "Field1": "2800", "Field2": "Y", "Field3": "SEA", "Field4": "1262818.8", "Field5": "235809", "Field6": "YES", "Field7": "ACT", "Field8": "NO", "Field9": "W Howe St", "Field10": "98119", "Field11": "2", "Field12": "6th Ave W", "Field13": "0", "Field14": "6th Ave W & W Howe St", "Field15": 2 }, "geometry": null },
{ "type": "Feature", "properties": { "Field1": "2810", "Field2": "Y", "Field3": "SEA", "Field4": "1262838.5", "Field5": "236470.5", "Field6": "YES", "Field7": "ACT", "Field8": "NO", "Field9": "W Crockett St", "Field10": "98119", "Field11": "2", "Field12": "6th Ave W", "Field13": "0", "Field14": "6th Ave W & W Crockett St", "Field15": 2 }, "geometry": null },
{ "type": "Feature", "properties": { "Field1": "2820", "Field2": "Y", "Field3": "SEA", "Field4": "1262857.6000000001", "Field5": "237152.3", "Field6": "YES", "Field7": "ACT", "Field8": "NO", "Field9": "W McGraw St", "Field10": "98119", "Field11": "2", "Field12": "6th Ave W", "Field13": "0", "Field14": "6th Ave W & W McGraw St", "Field15": 2 }, "geometry": null },
{ "type": "Feature", "properties": { "Field1": "4465", "Field2": "Y", "Field3": "SEA", "Field4": "1264777.8999999999", "Field5": "234921.8", "Field6": "YES", "Field7": "ACT", "Field8": "NO", "Field9": "Garfield St", "Field10": "98109", "Field11": "13", "Field12": "Queen Anne Ave N", "Field13": "0", "Field14": "Queen Anne Ave N & Garfield St", "Field15": 2 }, "geometry": null },
{ "type": "Feature", "properties": { "Field1": "2880", "Field2": "Y", "Field3": "SEA", "Field4": "1282506.1000000001", "Field5": "228323.7", "Field6": "YES", "Field7": "ACT", "Field8": "NO", "Field9": "E Olive St", "Field10": "98122", "Field11": "2", "Field12": "Madrona Dr", "Field13": "0", "Field14": "Madrona Dr & E Olive St", "Field15": 2 }, "geometry": null },
{ "type": "Feature", "properties": { "Field1": "2890", "Field2": "Y", "Field3": "SEA", "Field4": "1282343.7", "Field5": "228910.7", "Field6": "YES", "Field7": "ACT", "Field8": "NO", "Field9": "Madrona Pl E", "Field10": "98112", "Field11": "2", "Field12": "Madrona Dr", "Field13": "0", "Field14": "Madrona Dr & Madrona Pl E", "Field15": 2 }, "geometry": null },
{ "type": "Feature", "properties": { "Field1": "2900", "Field2": "Y", "Field3": "SEA", "Field4": "1281529.2", "Field5": "228927.6", "Field6": "YES", "Field7": "ACT", "Field8": "NO", "Field9": "E Florence Ct", "Field10": "98122", "Field11": "2", "Field12": "E Denny Way", "Field13": "0", "Field14": "E Denny Way & E Florence Ct", "Field15": 2 }, "geometry": null },
{ "type": "Feature", "properties": { "Field1": "2910", "Field2": "Y", "Field3": "SEA", "Field4": "1281379.1000000001", "Field5": "228603.1", "Field6": "YES", "Field7": "ACT", "Field8": "NO", "Field9": "E Howell St", "Field10": "98122", "Field11": "2", "Field12": "34th Ave", "Field13": "0", "Field14": "34th Ave & E Howell St", "Field15": 2 }, "geometry": null },
{ "type": "Feature", "properties": { "Field1": "2911", "Field2": "Y", "Field3": "SEA", "Field4": "1281364", "Field5": "228204.1", "Field6": "YES", "Field7": "ACT", "Field8": "NO", "Field9": "E Olive St", "Field10": "98122", "Field11": "2", "Field12": "34th Ave", "Field13": "0", "Field14": "34th Ave & E Olive St", "Field15": 2 }, "geometry": null },
{ "type": "Feature", "properties": { "Field1": "2920", "Field2": "Y", "Field3": "SEA", "Field4": "1281346.1000000001", "Field5": "227725.4", "Field6": "YES", "Field7": "ACT", "Field8": "NO", "Field9": "E Pine St", "Field10": "98122", "Field11": "2", "Field12": "34th Ave", "Field13": "0", "Field14": "34th Ave & E Pine St", "Field15": 2 }, "geometry": null },
{ "type": "Feature", "properties": { "Field1": "2930", "Field2": "Y", "Field3": "SEA", "Field4": "1281316.7", "Field5": "227004", "Field6": "YES", "Field7": "ACT", "Field8": "NO", "Field9": "E Union St", "Field10": "98122", "Field11": "2", "Field12": "34th Ave", "Field13": "1", "Field14": "34th Ave & E Union St", "Field15": 3 }, "geometry": null },
{ "type": "Feature", "properties": { "Field1": "5330", "Field2": "Y", "Field3": "SEA", "Field4": "1265691.2", "Field5": "255613.3", "Field6": "YES", "Field7": "ACT", "Field8": "NO", "Field9": "Greenwood Ave N", "Field10": "98103", "Field11": "45 61", "Field12": "N 85th St", "Field13": "0", "Field14": "N 85th St & Greenwood Ave N", "Field15": 2 }, "geometry": null },
{ "type": "Feature", "properties": { "Field1": "5350", "Field2": "Y", "Field3": "SEA", "Field4": "1267003.2", "Field5": "255580.3", "Field6": "YES", "Field7": "ACT", "Field8": "NO", "Field9": "Fremont Ave N", "Field10": "98103", "Field11": "45 61", "Field12": "N 85th St", "Field13": "1", "Field14": "N 85th St & Fremont Ave N", "Field15": 3 }, "geometry": null },
{ "type": "Feature", "properties": { "Field1": "5370", "Field2": "Y", "Field3": "SEA", "Field4": "1268205.8999999999", "Field5": "255549.6", "Field6": "YES", "Field7": "ACT", "Field8": "NO", "Field9": "Aurora Ave N", "Field10": "98103", "Field11": "45 61", "Field12": "N 85th St", "Field13": "1", "Field14": "N 85th St & Aurora Ave N", "Field15": 3 }, "geometry": null },
{ "type": "Feature", "properties": { "Field1": "5380", "Field2": "Y", "Field3": "SEA", "Field4": "1268998.5", "Field5": "255527.1", "Field6": "YES", "Field7": "ACT", "Field8": "NO", "Field9": "Stone Ave N", "Field10": "98103", "Field11": "45 61", "Field12": "N 85th St", "Field13": "1", "Field14": "N 85th St & Stone Ave N", "Field15": 3 }, "geometry": null },
{ "type": "Feature", "properties": { "Field1": "3030", "Field2": "Y", "Field3": "SEA", "Field4": "1275089.3999999999", "Field5": "227086.3", "Field6": "YES", "Field7": "ACT", "Field8": "NO", "Field9": "14th Ave", "Field10": "98122", "Field11": "2", "Field12": "E Union St", "Field13": "0", "Field14": "E Union St & 14th Ave", "Field15": 2 }, "geometry": null },
{ "type": "Feature", "properties": { "Field1": "5419", "Field2": "Y", "Field3": "SEA", "Field4": "1273866.8999999999", "Field5": "244878", "Field6": "YES", "Field7": "ACT", "Field8": "NO", "Field9": "NE 45th St", "Field10": "98105", "Field12": "I-5 Ramp", "Field13": "1", "Field14": "I-5 Ramp & NE 45th St", "Field15": 3 }, "geometry": null },
{ "type": "Feature", "properties": { "Field1": "5420", "Field2": "Y", "Field3": "SEA", "Field4": "1270164.8", "Field5": "255495", "Field6": "YES", "Field7": "ACT", "Field8": "NO", "Field9": "Wallingford Ave N", "Field10": "98103", "Field11": "45 61", "Field12": "N 85th St", "Field13": "0", "Field14": "N 85th St & Wallingford Ave N", "Field15": 2 }, "geometry": null },
{ "type": "Feature", "properties": { "Field1": "5440", "Field2": "Y", "Field3": "SEA", "Field4": "1269074.6000000001", "Field5": "255524.7", "Field6": "YES", "Field7": "ACT", "Field8": "NO", "Field9": "Stone Ave N", "Field10": "98103", "Field11": "45 61", "Field12": "N 85th St", "Field13": "0", "Field14": "N 85th St & Stone Ave N", "Field15": 2 }, "geometry": null },
{ "type": "Feature", "properties": { "Field1": "5450", "Field2": "Y", "Field3": "SEA", "Field4": "1268345.7", "Field5": "255546.1", "Field6": "YES", "Field7": "ACT", "Field8": "NO", "Field9": "Aurora Ave N", "Field10": "98103", "Field11": "45 61", "Field12": "N 85th St", "Field13": "1", "Field14": "N 85th St & Aurora Ave N", "Field15": 3 }, "geometry": null },
{ "type": "Feature", "properties": { "Field1": "5470", "Field2": "Y", "Field3": "SEA", "Field4": "1266842.5", "Field5": "255584.2", "Field6": "YES", "Field7": "ACT", "Field8": "NO", "Field9": "Fremont Ave N", "Field10": "98103", "Field11": "45 61", "Field12": "N 85th St", "Field13": "1", "Field14": "N 85th St & Fremont Ave N", "Field15": 3 }, "geometry": null },
{ "type": "Feature", "properties": { "Field1": "5550", "Field2": "Y", "Field3": "SEA", "Field4": "1265846.6000000001", "Field5": "271365.7", "Field6": "YES", "Field7": "ACT", "Field8": "NO", "Field9": "N 145th St", "Field10": "98133", "Field11": "345 5", "Field12": "Greenwood Ave N", "Field13": "1", "Field14": "Greenwood Ave N & N 145th St", "Field15": 3 }, "geometry": null },
{ "type": "Feature", "properties": { "Field1": "7180", "Field2": "Y", "Field3": "SEA", "Field4": "1268217.3", "Field5": "254131.4", "Field6": "YES", "Field7": "ACT", "Field8": "NO", "Field9": "N 80th St", "Field10": "98103", "Field11": "E", "Field12": "Aurora Ave N", "Field13": "1", "Field14": "Aurora Ave N & N 80th St", "Field15": 3 }, "geometry": null },
{ "type": "Feature", "properties": { "Field1": "7200", "Field2": "Y", "Field3": "SEA", "Field4": "1268202", "Field5": "253210.7", "Field6": "YES", "Field7": "ACT", "Field8": "NO", "Field9": "N 76th St", "Field10": "98103", "Field11": "E", "Field12": "Aurora Ave N", "Field13": "1", "Field14": "Aurora Ave N & N 76th St", "Field15": 3 }, "geometry": null },
{ "type": "Feature", "properties": { "Field1": "7210", "Field2": "Y", "Field3": "SEA", "Field4": "1267578.8999999999", "Field5": "250273.8", "Field6": "YES", "Field7": "ACT", "Field8": "NO", "Field9": "N 65th St", "Field10": "98103", "Field11": "E", "Field12": "Aurora Ave N", "Field13": "1", "Field14": "Aurora Ave N & N 65th St", "Field15": 3 }, "geometry": null },
{ "type": "Feature", "properties": { "Field1": "4490", "Field2": "Y", "Field3": "SEA", "Field4": "1264815", "Field5": "236249.1", "Field6": "YES", "Field7": "ACT", "Field8": "NO", "Field9": "Crockett St", "Field10": "98109", "Field11": "13", "Field12": "Queen Anne Ave N", "Field13": "0", "Field14": "Queen Anne Ave N & Crockett St", "Field15": 2 }, "geometry": null },
{ "type": "Feature", "properties": { "Field1": "4500", "Field2": "Y", "Field3": "SEA", "Field4": "1264808.7", "Field5": "236032.6", "Field6": "YES", "Field7": "ACT", "Field8": "NO", "Field9": "W Crockett St", "Field10": "98109", "Field11": "13", "Field12": "Queen Anne Ave N", "Field13": "0", "Field14": "Queen Anne Ave N & W Crockett St", "Field15": 2 }, "geometry": null },
{ "type": "Feature", "properties": { "Field1": "6790", "Field2": "Y", "Field3": "SEA", "Field4": "1265742.3999999999", "Field5": "265617.2", "Field6": "YES", "Field7": "ACT", "Field8": "NO", "Field9": "N 122nd St", "Field10": "98133", "Field11": "5", "Field12": "Greenwood Ave N", "Field13": "0", "Field14": "Greenwood Ave N & N 122nd St", "Field15": 2 }, "geometry": null },
{ "type": "Feature", "properties": { "Field1": "6800", "Field2": "Y", "Field3": "SEA", "Field4": "1265754.3", "Field5": "266351.8", "Field6": "YES", "Field7": "ACT", "Field8": "NO", "Field9": "N 125th St", "Field10": "98133", "Field11": "5", "Field12": "Greenwood Ave N", "Field13": "0", "Field14": "Greenwood Ave N & N 125th St", "Field15": 2 }, "geometry": null },
{ "type": "Feature", "properties": { "Field1": "5400", "Field2": "Y", "Field3": "SEA", "Field4": "1270204.8999999999", "Field5": "255494", "Field6": "YES", "Field7": "ACT", "Field8": "NO", "Field9": "Wallingford Ave N", "Field10": "98103", "Field11": "45", "Field12": "N 85th St", "Field13": "1", "Field14": "N 85th St & Wallingford Ave N", "Field15": 3 }, "geometry": null },
{ "type": "Feature", "properties": { "Field1": "5402", "Field2": "Y", "Field3": "SEA", "Field4": "1273972.2", "Field5": "243383", "Field6": "YES", "Field7": "ACT", "Field8": "NO", "Field9": "8th Ave NE", "Field10": "98105", "Field11": "31 32", "Field12": "NE 42nd St", "Field13": "0", "Field14": "NE 42nd St & 8th Ave NE", "Field15": 2 }, "geometry": null },
{ "type": "Feature", "properties": { "Field1": "6950", "Field2": "Y", "Field3": "SEA", "Field4": "1268406.6000000001", "Field5": "271236.5", "Field6": "YES", "Field7": "ACT", "Field8": "NO", "Field9": "N 145th St", "Field10": "98133", "Field11": "E", "Field12": "Aurora Ave N", "Field13": "1", "Field14": "Aurora Ave N & N 145th St", "Field15": 3 }, "geometry": null },
{ "type": "Feature", "properties": { "Field1": "7040", "Field2": "Y", "Field3": "SEA", "Field4": "1268338.3", "Field5": "263361.09999999998", "Field6": "YES", "Field7": "ACT", "Field8": "NO", "Field9": "N 115th St", "Field10": "98133", "Field11": "E", "Field12": "Aurora Ave N", "Field13": "1", "Field14": "Aurora Ave N & N 115th St", "Field15": 3 }, "geometry": null },
{ "type": "Feature", "properties": { "Field1": "7080", "Field2": "Y", "Field3": "SEA", "Field4": "1268300.2", "Field5": "260684.79999999999", "Field6": "YES", "Field7": "ACT", "Field8": "NO", "Field9": "N 105th St", "Field10": "98133", "Field11": "E", "Field12": "Aurora Ave N", "Field13": "1", "Field14": "Aurora Ave N & N 105th St", "Field15": 3 }, "geometry": null },
{ "type": "Feature", "properties": { "Field1": "7100", "Field2": "Y", "Field3": "SEA", "Field4": "1268285.3999999999", "Field5": "259388.9", "Field6": "YES", "Field7": "ACT", "Field8": "NO", "Field9": "N 100th St", "Field10": "98103", "Field11": "E", "Field12": "Aurora Ave N", "Field13": "2", "Field14": "Aurora Ave N & N 100th St", "Field15": 3 }, "geometry": null },
{ "type": "Feature", "properties": { "Field1": "7120", "Field2": "Y", "Field3": "SEA", "Field4": "1268284.7", "Field5": "258077.8", "Field6": "YES", "Field7": "ACT", "Field8": "NO", "Field9": "N 95th St", "Field10": "98103", "Field11": "E", "Field12": "Aurora Ave N", "Field13": "1", "Field14": "Aurora Ave N & N 95th St", "Field15": 3 }, "geometry": null },
{ "type": "Feature", "properties": { "Field1": "7140", "Field2": "Y", "Field3": "SEA", "Field4": "1268255.1000000001", "Field5": "256790.1", "Field6": "YES", "Field7": "ACT", "Field8": "NO", "Field9": "N 90th St", "Field10": "98103", "Field11": "E", "Field12": "Aurora Ave N", "Field13": "1", "Field14": "Aurora Ave N & N 90th St", "Field15": 3 }, "geometry": null },
{ "type": "Feature", "properties": { "Field1": "7160", "Field2": "Y", "Field3": "SEA", "Field4": "1268236.6000000001", "Field5": "255301", "Field6": "YES", "Field7": "ACT", "Field8": "NO", "Field9": "N 84th St", "Field10": "98103", "Field11": "E", "Field12": "Aurora Ave N", "Field13": "1", "Field14": "Aurora Ave N & N 84th St", "Field15": 3 }, "geometry": null },
{ "type": "Feature", "properties": { "Field1": "8905", "Field2": "Y", "Field3": "SEA", "Field4": "1285371.3", "Field5": "200047.7", "Field6": "YES", "Field7": "ACT", "Field8": "NO", "Field9": "S Myrtle St", "Field10": "98118", "Field11": "7 9E", "Field12": "Rainier Ave S", "Field13": "0", "Field14": "Rainier Ave S & S Myrtle St", "Field15": 2 }, "geometry": null },
{ "type": "Feature", "properties": { "Field1": "8920", "Field2": "Y", "Field3": "SEA", "Field4": "1285508.5", "Field5": "199061", "Field6": "YES", "Field7": "ACT", "Field8": "NO", "Field9": "S Othello St", "Field10": "98118", "Field11": "7 9E", "Field12": "Rainier Ave S", "Field13": "1", "Field14": "Rainier Ave S & S Othello St", "Field15": 3 }, "geometry": null },
{ "type": "Feature", "properties": { "Field1": "8940", "Field2": "Y", "Field3": "SEA", "Field4": "1285538.3999999999", "Field5": "197860.9", "Field6": "YES", "Field7": "ACT", "Field8": "NO", "Field9": "S Holden St", "Field10": "98118", "Field11": "7 9E", "Field12": "Rainier Ave S", "Field13": "1", "Field14": "Rainier Ave S & S Holden St", "Field15": 3 }, "geometry": null },
{ "type": "Feature", "properties": { "Field1": "6820", "Field2": "Y", "Field3": "SEA", "Field4": "1265777.3", "Field5": "267678.59999999998", "Field6": "YES", "Field7": "ACT", "Field8": "NO", "Field9": "N 130th St", "Field10": "98133", "Field11": "345 5", "Field12": "Greenwood Ave N", "Field13": "0", "Field14": "Greenwood Ave N & N 130th St", "Field15": 2 }, "geometry": null },
{ "type": "Feature", "properties": { "Field1": "6840", "Field2": "Y", "Field3": "SEA", "Field4": "1265800.5", "Field5": "268764", "Field6": "YES", "Field7": "ACT", "Field8": "NO", "Field9": "N 134th St", "Field10": "98133", "Field11": "345 5", "Field12": "Greenwood Ave N", "Field13": "0", "Field14": "Greenwood Ave N & N 134th St", "Field15": 2 }, "geometry": null },
{ "type": "Feature", "properties": { "Field1": "6850", "Field2": "Y", "Field3": "SEA", "Field4": "1265817", "Field5": "269610.09999999998", "Field6": "YES", "Field7": "ACT", "Field8": "NO", "Field9": "N 137th St", "Field10": "98133", "Field11": "345 5", "Field12": "Greenwood Ave N", "Field13": "0", "Field14": "Greenwood Ave N & N 137th St", "Field15": 2 }, "geometry": null },
{ "type": "Feature", "properties": { "Field1": "6870", "Field2": "Y", "Field3": "SEA", "Field4": "1265836.8999999999", "Field5": "270763", "Field6": "YES", "Field7": "ACT", "Field8": "NO", "Field9": "N 143rd St", "Field10": "98133", "Field11": "345 5", "Field12": "Greenwood Ave N", "Field13": "0", "Field14": "Greenwood Ave N & N 143rd St", "Field15": 2 }, "geometry": null },
{ "type": "Feature", "properties": { "Field1": "6880", "Field2": "Y", "Field3": "SEA", "Field4": "1265844.8999999999", "Field5": "271272.7", "Field6": "YES", "Field7": "ACT", "Field8": "NO", "Field9": "N 145th St", "Field10": "98133", "Field11": "345 5", "Field12": "Greenwood Ave N", "Field13": "0", "Field14": "Greenwood Ave N & N 145th St", "Field15": 2 }, "geometry": null },
{ "type": "Feature", "properties": { "Field1": "8590", "Field2": "Y", "Field3": "SEA", "Field4": "1276101", "Field5": "220079.1", "Field6": "YES", "Field7": "ACT", "Field8": "NO", "Field9": "S Norman St", "Field10": "98144", "Field11": "106 212 554E 7 9E", "Field12": "Rainier Ave S", "Field13": "3", "Field14": "Rainier Ave S & S Norman St", "Field15": 3 }, "geometry": null },
{ "type": "Feature", "properties": { "Field1": "6990", "Field2": "Y", "Field3": "SEA", "Field4": "1268393.8", "Field5": "268633.90000000002", "Field6": "YES", "Field7": "ACT", "Field8": "NO", "Field9": "N 135th St", "Field10": "98133", "Field11": "E", "Field12": "Aurora Ave N", "Field13": "2", "Field14": "Aurora Ave N & N 135th St", "Field15": 3 }, "geometry": null },
{ "type": "Feature", "properties": { "Field1": "7000", "Field2": "Y", "Field3": "SEA", "Field4": "1268376.8", "Field5": "267369.09999999998", "Field6": "YES", "Field7": "ACT", "Field8": "NO", "Field9": "N 130th St", "Field10": "98133", "Field11": "E", "Field12": "Aurora Ave N", "Field13": "2", "Field14": "Aurora Ave N & N 130th St", "Field15": 3 }, "geometry": null },
{ "type": "Feature", "properties": { "Field1": "7010", "Field2": "Y", "Field3": "SEA", "Field4": "1268362.5", "Field5": "266251.7", "Field6": "YES", "Field7": "ACT", "Field8": "NO", "Field9": "N 125th St", "Field10": "98133", "Field11": "E", "Field12": "Aurora Ave N", "Field13": "1", "Field14": "Aurora Ave N & N 125th St", "Field15": 3 }, "geometry": null },
{ "type": "Feature", "properties": { "Field1": "8671", "Field2": "Y", "Field3": "SEA", "Field4": "1279380.6000000001", "Field5": "214495", "Field6": "YES", "Field7": "ACT", "Field8": "NO", "Field9": "S McClellan St", "Field10": "98144", "Field11": "8", "Field12": "Martin L King Jr Way S", "Field13": "0", "Field14": "Martin L King Jr Way S & S McClellan St", "Field15": 2 }, "geometry": null },
{ "type": "Feature", "properties": { "Field1": "8672", "Field2": "Y", "Field3": "SEA", "Field4": "1279173.8999999999", "Field5": "215534.6", "Field6": "LTD", "Field7": "ACT", "Field8": "NO", "Field9": "S Bayview St", "Field10": "98144", "Field11": "8", "Field12": "Martin L King Jr Way S", "Field13": "0", "Field14": "Martin L King Jr Way S & S Bayview St", "Field15": 0 }, "geometry": null },
{ "type": "Feature", "properties": { "Field1": "8681", "Field2": "Y", "Field3": "SEA", "Field4": "1279164.7", "Field5": "213857.1", "Field6": "YES", "Field7": "ACT", "Field8": "NO", "Field9": "S Stevens St", "Field10": "98144", "Field11": "106 7 9E", "Field12": "Rainier Ave S", "Field13": "1", "Field14": "Rainier Ave S & S Stevens St", "Field15": 3 }, "geometry": null },
{ "type": "Feature", "properties": { "Field1": "8710", "Field2": "Y", "Field3": "SEA", "Field4": "1279915.3", "Field5": "212333.3", "Field6": "YES", "Field7": "ACT", "Field8": "NO", "Field9": "S Walden St", "Field10": "98144", "Field11": "7", "Field12": "Rainier Ave S", "Field13": "1", "Field14": "Rainier Ave S & S Walden St", "Field15": 3 }, "geometry": null },
{ "type": "Feature", "properties": { "Field1": "8730", "Field2": "Y", "Field3": "SEA", "Field4": "1280557.8999999999", "Field5": "211328.7", "Field6": "YES", "Field7": "ACT", "Field8": "NO", "Field9": "Letitia Ave S", "Field10": "98144", "Field11": "7", "Field12": "Rainier Ave S", "Field13": "1", "Field14": "Rainier Ave S & Letitia Ave S", "Field15": 3 }, "geometry": null },
{ "type": "Feature", "properties": { "Field1": "8780", "Field2": "Y", "Field3": "SEA", "Field4": "1281551.7", "Field5": "207872", "Field6": "YES", "Field7": "ACT", "Field8": "NO", "Field9": "S Alaska St", "Field10": "98118", "Field11": "7", "Field12": "Rainier Ave S", "Field13": "1", "Field14": "Rainier Ave S & S Alaska St", "Field15": 3 }, "geometry": null },
{ "type": "Feature", "properties": { "Field1": "8790", "Field2": "Y", "Field3": "SEA", "Field4": "1281866.8999999999", "Field5": "207238", "Field6": "YES", "Field7": "ACT", "Field8": "NO", "Field9": "S Edmunds St", "Field10": "98118", "Field11": "7 9E", "Field12": "Rainier Ave S", "Field13": "0", "Field14": "Rainier Ave S & S Edmunds St", "Field15": 2 }, "geometry": null },
{ "type": "Feature", "properties": { "Field1": "8810", "Field2": "Y", "Field3": "SEA", "Field4": "1282504.2", "Field5": "205952.9", "Field6": "YES", "Field7": "ACT", "Field8": "NO", "Field9": "S Dawson St", "Field10": "98118", "Field11": "7", "Field12": "Rainier Ave S", "Field13": "1", "Field14": "Rainier Ave S & S Dawson St", "Field15": 3 }, "geometry": null },
{ "type": "Feature", "properties": { "Field1": "8820", "Field2": "Y", "Field3": "SEA", "Field4": "1283246.3", "Field5": "205250.4", "Field6": "YES", "Field7": "ACT", "Field8": "NO", "Field9": "S Brandon St", "Field10": "98118", "Field11": "7", "Field12": "Rainier Ave S", "Field13": "0", "Field14": "Rainier Ave S & S Brandon St", "Field15": 2 }, "geometry": null },
{ "type": "Feature", "properties": { "Field1": "8840", "Field2": "Y", "Field3": "SEA", "Field4": "1283793.3999999999", "Field5": "204315.3", "Field6": "YES", "Field7": "ACT", "Field8": "NO", "Field9": "S Orcas St", "Field10": "98118", "Field11": "7 9E", "Field12": "Rainier Ave S", "Field13": "1", "Field14": "Rainier Ave S & S Orcas St", "Field15": 3 }, "geometry": null },
{ "type": "Feature", "properties": { "Field1": "8850", "Field2": "Y", "Field3": "SEA", "Field4": "1283923.8999999999", "Field5": "203493.9", "Field6": "YES", "Field7": "ACT", "Field8": "NO", "Field9": "S Kenny St", "Field10": "98118", "Field11": "7", "Field12": "Rainier Ave S", "Field13": "0", "Field14": "Rainier Ave S & S Kenny St", "Field15": 2 }, "geometry": null },
{ "type": "Feature", "properties": { "Field1": "8870", "Field2": "Y", "Field3": "SEA", "Field4": "1284240.5", "Field5": "202399.9", "Field6": "YES", "Field7": "ACT", "Field8": "NO", "Field9": "S Graham St", "Field10": "98118", "Field11": "7 9E", "Field12": "Rainier Ave S", "Field13": "1", "Field14": "Rainier Ave S & S Graham St", "Field15": 3 }, "geometry": null },
{ "type": "Feature", "properties": { "Field1": "8890", "Field2": "Y", "Field3": "SEA", "Field4": "1284941.1000000001", "Field5": "201122", "Field6": "YES", "Field7": "ACT", "Field8": "NO", "Field9": "S Holly St", "Field10": "98118", "Field11": "7 9E", "Field12": "Rainier Ave S", "Field13": "1", "Field14": "Rainier Ave S & S Holly St", "Field15": 3 }, "geometry": null },
{ "type": "Feature", "properties": { "Field1": "8970", "Field2": "Y", "Field3": "SEA", "Field4": "1285506.3999999999", "Field5": "196191", "Field6": "YES", "Field7": "ACT", "Field8": "NO", "Field9": "S Rose St", "Field10": "98118", "Field11": "7 9E", "Field12": "Rainier Ave S", "Field13": "0", "Field14": "Rainier Ave S & S Rose St", "Field15": 2 }, "geometry": null },
{ "type": "Feature", "properties": { "Field1": "8990", "Field2": "Y", "Field3": "SEA", "Field4": "1285488.6000000001", "Field5": "195155.20000000001", "Field6": "YES", "Field7": "ACT", "Field8": "NO", "Field9": "S Cloverdale St", "Field10": "98118", "Field11": "7 9E", "Field12": "Rainier Ave S", "Field13": "0", "Field14": "Rainier Ave S & S Cloverdale St", "Field15": 2 }, "geometry": null },
{ "type": "Feature", "properties": { "Field1": "9000", "Field2": "Y", "Field3": "SEA", "Field4": "1285467.7", "Field5": "194080.2", "Field6": "YES", "Field7": "ACT", "Field8": "NO", "Field9": "S Henderson St", "Field10": "98118", "Field11": "106 107 7", "Field12": "Rainier Ave S", "Field13": "1", "Field14": "Rainier Ave S & S Henderson St", "Field15": 3 }, "geometry": null },
{ "type": "Feature", "properties": { "Field1": "11356", "Field2": "Y", "Field3": "SEA", "Field4": "1276522.2", "Field5": "244699", "Field6": "YES", "Field7": "ACT", "Field8": "NO", "Field9": "17th Ave NE", "Field10": "98105", "Field11": "31 32", "Field12": "NE 45th St", "Field13": "0", "Field14": "NE 45th St & 17th Ave NE", "Field15": 2 }, "geometry": null },
{ "type": "Feature", "properties": { "Field1": "11357", "Field2": "Y", "Field3": "SEA", "Field4": "1277311.8", "Field5": "244682.9", "Field6": "YES", "Field7": "ACT", "Field8": "NO", "Field9": "20th Ave NE", "Field10": "98105", "Field11": "31 32", "Field12": "NE 45th St", "Field13": "0", "Field14": "NE 45th St & 20th Ave NE", "Field15": 2 }, "geometry": null },
{ "type": "Feature", "properties": { "Field1": "11358", "Field2": "Y", "Field3": "SEA", "Field4": "1275660", "Field5": "244720.1", "Field6": "YES", "Field7": "ACT", "Field8": "NO", "Field9": "University Way NE", "Field10": "98105", "Field11": "31 32 48N", "Field12": "NE 45th St", "Field13": "0", "Field14": "NE 45th St & University Way NE", "Field15": 2 }, "geometry": null },
{ "type": "Feature", "properties": { "Field1": "8608", "Field2": "Y", "Field3": "SEA", "Field4": "1276953", "Field5": "218349.1", "Field6": "YES", "Field7": "ACT", "Field8": "NO", "Field9": "I-90 Ramp", "Field10": "98144", "Field11": "106 7 9E", "Field12": "Rainier Ave S", "Field13": "0", "Field14": "Rainier Ave S & I-90 Ramp", "Field15": 2 }, "geometry": null },
{ "type": "Feature", "properties": { "Field1": "8620", "Field2": "Y", "Field3": "SEA", "Field4": "1277228.5", "Field5": "217797", "Field6": "YES", "Field7": "ACT", "Field8": "NO", "Field9": "S State St", "Field10": "98144", "Field11": "106 7", "Field12": "Rainier Ave S", "Field13": "0", "Field14": "Rainier Ave S & S State St", "Field15": 2 }, "geometry": null },
{ "type": "Feature", "properties": { "Field1": "8641", "Field2": "Y", "Field3": "SEA", "Field4": "1277911.8999999999", "Field5": "216400.4", "Field6": "YES", "Field7": "ACT", "Field8": "NO", "Field9": "S Walker St", "Field10": "98144", "Field11": "106 48 7 9E", "Field12": "Rainier Ave S", "Field13": "1", "Field14": "Rainier Ave S & S Walker St", "Field15": 3 }, "geometry": null },
{ "type": "Feature", "properties": { "Field1": "8660", "Field2": "Y", "Field3": "SEA", "Field4": "1278446.8", "Field5": "215314.8", "Field6": "YES", "Field7": "ACT", "Field8": "NO", "Field9": "S Bayview St", "Field10": "98144", "Field11": "106 48 7", "Field12": "Rainier Ave S", "Field13": "1", "Field14": "Rainier Ave S & S Bayview St", "Field15": 3 }, "geometry": null },
{ "type": "Feature", "properties": { "Field1": "10005", "Field2": "Y", "Field3": "SEA", "Field4": "1282792.1000000001", "Field5": "246267.7", "Field6": "YES", "Field7": "ACT", "Field8": "NO", "Field9": "NE 51st St", "Field10": "98105", "Field11": "65", "Field12": "40th Ave NE", "Field13": "0", "Field14": "40th Ave NE & NE 51st St", "Field15": 2 }, "geometry": null },
{ "type": "Feature", "properties": { "Field1": "10010", "Field2": "Y", "Field3": "SEA", "Field4": "1282597", "Field5": "247228.2", "Field6": "YES", "Field7": "ACT", "Field8": "NO", "Field9": "39th Ave NE", "Field10": "98105", "Field11": "65 79", "Field12": "NE 55th St", "Field13": "0", "Field14": "NE 55th St & 39th Ave NE", "Field15": 2 }, "geometry": null },
{ "type": "Feature", "properties": { "Field1": "10020", "Field2": "Y", "Field3": "SEA", "Field4": "1281948.8999999999", "Field5": "247240.9", "Field6": "YES", "Field7": "ACT", "Field8": "NO", "Field9": "37th Ave NE", "Field10": "98105", "Field11": "65 79", "Field12": "NE 55th St", "Field13": "0", "Field14": "NE 55th St & 37th Ave NE", "Field15": 2 }, "geometry": null },
{ "type": "Feature", "properties": { "Field1": "10030", "Field2": "Y", "Field3": "SEA", "Field4": "1281401.6000000001", "Field5": "247251.7", "Field6": "YES", "Field7": "ACT", "Field8": "NO", "Field9": "35th Ave NE", "Field10": "98105", "Field11": "79", "Field12": "NE 55th St", "Field13": "0", "Field14": "NE 55th St & 35th Ave NE", "Field15": 2 }, "geometry": null },
{ "type": "Feature", "properties": { "Field1": "10040", "Field2": "Y", "Field3": "SEA", "Field4": "1280787.3999999999", "Field5": "247264.6", "Field6": "YES", "Field7": "ACT", "Field8": "NO", "Field9": "33rd Ave NE", "Field10": "98105", "Field11": "79", "Field12": "NE 55th St", "Field13": "0", "Field14": "NE 55th St & 33rd Ave NE", "Field15": 2 }, "geometry": null },
{ "type": "Feature", "properties": { "Field1": "8740", "Field2": "Y", "Field3": "SEA", "Field4": "1280986", "Field5": "210644.8", "Field6": "YES", "Field7": "ACT", "Field8": "NO", "Field9": "S Andover St", "Field10": "98118", "Field11": "7 9E", "Field12": "Rainier Ave S", "Field13": "1", "Field14": "Rainier Ave S & S Andover St", "Field15": 3 }, "geometry": null },
{ "type": "Feature", "properties": { "Field1": "8760", "Field2": "Y", "Field3": "SEA", "Field4": "1281279.7", "Field5": "209013.8", "Field6": "YES", "Field7": "ACT", "Field8": "NO", "Field9": "S Genesee St", "Field10": "98118", "Field11": "50 7 9E", "Field12": "Rainier Ave S", "Field13": "1", "Field14": "Rainier Ave S & S Genesee St", "Field15": 3 }, "geometry": null },
{ "type": "Feature", "properties": { "Field1": "10110", "Field2": "Y", "Field3": "SEA", "Field4": "1277467.2", "Field5": "247239.1", "Field6": "YES", "Field7": "ACT", "Field8": "NO", "Field9": "NE 55th St", "Field10": "98105", "Field11": "79", "Field12": "20th Ave NE", "Field13": "0", "Field14": "20th Ave NE & NE 55th St", "Field15": 2 }, "geometry": null },
{ "type": "Feature", "properties": { "Field1": "10120", "Field2": "Y", "Field3": "SEA", "Field4": "1277448.7", "Field5": "246513.4", "Field6": "YES", "Field7": "ACT", "Field8": "NO", "Field9": "NE 52nd St", "Field10": "98105", "Field11": "79", "Field12": "20th Ave NE", "Field13": "0", "Field14": "20th Ave NE & NE 52nd St", "Field15": 2 }, "geometry": null },
{ "type": "Feature", "properties": { "Field1": "10130", "Field2": "Y", "Field3": "SEA", "Field4": "1277289.1000000001", "Field5": "245997.5", "Field6": "YES", "Field7": "ACT", "Field8": "NO", "Field9": "19th Ave NE", "Field10": "98105", "Field11": "79", "Field12": "NE 50th St", "Field13": "0", "Field14": "NE 50th St & 19th Ave NE", "Field15": 2 }, "geometry": null },
{ "type": "Feature", "properties": { "Field1": "10145", "Field2": "Y", "Field3": "SEA", "Field4": "1276288.6000000001", "Field5": "246026.6", "Field6": "YES", "Field7": "ACT", "Field8": "NO", "Field9": "16th Ave NE", "Field10": "98105", "Field11": "79", "Field12": "NE 50th St", "Field13": "0", "Field14": "NE 50th St & 16th Ave NE", "Field15": 2 }, "geometry": null },
{ "type": "Feature", "properties": { "Field1": "10170", "Field2": "Y", "Field3": "SEA", "Field4": "1271584.8999999999", "Field5": "233395.1", "Field6": "YES", "Field7": "ACT", "Field8": "NO", "Field9": "E Nelson Pl", "Field10": "98109", "Field11": "70", "Field12": "Fairview Ave N", "Field13": "0", "Field14": "Fairview Ave N & E Nelson Pl", "Field15": 2 }, "geometry": null },
{ "type": "Feature", "properties": { "Field1": "10180", "Field2": "Y", "Field3": "SEA", "Field4": "1271033.2", "Field5": "232781.7", "Field6": "YES", "Field7": "ACT", "Field8": "NO", "Field9": "Yale Ave N", "Field10": "98109", "Field11": "70", "Field12": "Fairview Ave N", "Field13": "0", "Field14": "Fairview Ave N & Yale Ave N", "Field15": 2 }, "geometry": null },
{ "type": "Feature", "properties": { "Field1": "10210", "Field2": "Y", "Field3": "SEA", "Field4": "1270285.7", "Field5": "231067", "Field6": "YES", "Field7": "ACT", "Field8": "NO", "Field9": "Mercer St", "Field10": "98109", "Field11": "256 303 322 70", "Field12": "Fairview Ave N", "Field13": "1", "Field14": "Fairview Ave N & Mercer St", "Field15": 3 }, "geometry": null },
{ "type": "Feature", "properties": { "Field1": "10225", "Field2": "Y", "Field3": "SEA", "Field4": "1270269.3999999999", "Field5": "229981", "Field6": "YES", "Field7": "ACT", "Field8": "NO", "Field9": "Thomas St", "Field10": "98109", "Field11": "256 303 322 70", "Field12": "Fairview Ave N", "Field13": "0", "Field14": "Fairview Ave N & Thomas St", "Field15": 2 }, "geometry": null },
{ "type": "Feature", "properties": { "Field1": "10240", "Field2": "Y", "Field3": "SEA", "Field4": "1270390.2", "Field5": "228871.1", "Field6": "YES", "Field7": "ACT", "Field8": "NO", "Field9": "Virginia St", "Field10": "98101", "Field11": "256 303 322 70", "Field12": "Boren Ave", "Field13": "0", "Field14": "Boren Ave & Virginia St", "Field15": 2 }, "geometry": null },
{ "type": "Feature", "properties": { "Field1": "11270", "Field2": "Y", "Field3": "SEA", "Field4": "1273889.2", "Field5": "235617.5", "Field6": "YES", "Field7": "ACT", "Field8": "NO", "Field9": "E Howe St", "Field10": "98102", "Field11": "49", "Field12": "10th Ave E", "Field13": "0", "Field14": "10th Ave E & E Howe St", "Field15": 2 }, "geometry": null },
{ "type": "Feature", "properties": { "Field1": "11290", "Field2": "Y", "Field3": "SEA", "Field4": "1273930.2", "Field5": "237381.8", "Field6": "YES", "Field7": "ACT", "Field8": "NO", "Field9": "E Miller St", "Field10": "98102", "Field11": "49", "Field12": "10th Ave E", "Field13": "0", "Field14": "10th Ave E & E Miller St", "Field15": 2 }, "geometry": null },
{ "type": "Feature", "properties": { "Field1": "11390", "Field2": "Y", "Field3": "SEA", "Field4": "1275690.2", "Field5": "232754.2", "Field6": "YES", "Field7": "ACT", "Field8": "NO", "Field9": "E Prospect St", "Field10": "98112", "Field11": "10", "Field12": "15th Ave E", "Field13": "0", "Field14": "15th Ave E & E Prospect St", "Field15": 2 }, "geometry": null },
{ "type": "Feature", "properties": { "Field1": "11400", "Field2": "Y", "Field3": "SEA", "Field4": "1275675", "Field5": "232099.9", "Field6": "YES", "Field7": "ACT", "Field8": "NO", "Field9": "E Aloha St", "Field10": "98112", "Field11": "10", "Field12": "15th Ave E", "Field13": "1", "Field14": "15th Ave E & E Aloha St", "Field15": 3 }, "geometry": null },
{ "type": "Feature", "properties": { "Field1": "11410", "Field2": "Y", "Field3": "SEA", "Field4": "1275657.8", "Field5": "231496.7", "Field6": "YES", "Field7": "ACT", "Field8": "NO", "Field9": "E Roy St", "Field10": "98112", "Field11": "10", "Field12": "15th Ave E", "Field13": "1", "Field14": "15th Ave E & E Roy St", "Field15": 3 }, "geometry": null },
{ "type": "Feature", "properties": { "Field1": "12770", "Field2": "Y", "Field3": "SEA", "Field4": "1277958.3", "Field5": "225135.6", "Field6": "YES", "Field7": "ACT", "Field8": "NO", "Field9": "E Cherry St", "Field10": "98122", "Field11": "3 48 4N", "Field12": "23rd Ave", "Field13": "1", "Field14": "23rd Ave & E Cherry St", "Field15": 3 }, "geometry": null },
{ "type": "Feature", "properties": { "Field1": "12780", "Field2": "Y", "Field3": "SEA", "Field4": "1277837", "Field5": "224575", "Field6": "YES", "Field7": "ACT", "Field8": "NO", "Field9": "23rd Ave", "Field10": "98122", "Field11": "3 4", "Field12": "E Jefferson St", "Field13": "1", "Field14": "E Jefferson St & 23rd Ave", "Field15": 3 }, "geometry": null },
{ "type": "Feature", "properties": { "Field1": "12790", "Field2": "Y", "Field3": "SEA", "Field4": "1277310.8999999999", "Field5": "224583.6", "Field6": "YES", "Field7": "ACT", "Field8": "NO", "Field9": "21st Ave", "Field10": "98122", "Field11": "3 4", "Field12": "E Jefferson St", "Field13": "1", "Field14": "E Jefferson St & 21st Ave", "Field15": 3 }, "geometry": null },
{ "type": "Feature", "properties": { "Field1": "12805", "Field2": "Y", "Field3": "SEA", "Field4": "1276247.3999999999", "Field5": "224607.8", "Field6": "YES", "Field7": "ACT", "Field8": "NO", "Field9": "18th Ave", "Field10": "98122", "Field11": "193E 3 303 4", "Field12": "E Jefferson St", "Field13": "0", "Field14": "E Jefferson St & 18th Ave", "Field15": 2 }, "geometry": null },
{ "type": "Feature", "properties": { "Field1": "12820", "Field2": "Y", "Field3": "SEA", "Field4": "1275394.6000000001", "Field5": "224630.9", "Field6": "YES", "Field7": "ACT", "Field8": "NO", "Field9": "15th Ave", "Field10": "98122", "Field11": "3 4", "Field12": "E Jefferson St", "Field13": "1", "Field14": "E Jefferson St & 15th Ave", "Field15": 3 }, "geometry": null },
{ "type": "Feature", "properties": { "Field1": "12840", "Field2": "Y", "Field3": "SEA", "Field4": "1274412.8", "Field5": "224650.7", "Field6": "YES", "Field7": "ACT", "Field8": "NO", "Field9": "12th Ave", "Field10": "98122", "Field11": "193E 3 303 4", "Field12": "E Jefferson St", "Field13": "1", "Field14": "E Jefferson St & 12th Ave", "Field15": 3 }, "geometry": null },
{ "type": "Feature", "properties": { "Field1": "10050", "Field2": "Y", "Field3": "SEA", "Field4": "1280188.2", "Field5": "247277.3", "Field6": "YES", "Field7": "ACT", "Field8": "NO", "Field9": "30th Ave NE", "Field10": "98105", "Field11": "79", "Field12": "NE 55th St", "Field13": "0", "Field14": "NE 55th St & 30th Ave NE", "Field15": 2 }, "geometry": null },
{ "type": "Feature", "properties": { "Field1": "10060", "Field2": "Y", "Field3": "SEA", "Field4": "1279345.8999999999", "Field5": "247294.8", "Field6": "YES", "Field7": "ACT", "Field8": "NO", "Field9": "27th Ave NE", "Field10": "98105", "Field11": "79", "Field12": "NE 55th St", "Field13": "0", "Field14": "NE 55th St & 27th Ave NE", "Field15": 2 }, "geometry": null },
{ "type": "Feature", "properties": { "Field1": "10070", "Field2": "Y", "Field3": "SEA", "Field4": "1278823.1000000001", "Field5": "247305.2", "Field6": "YES", "Field7": "ACT", "Field8": "NO", "Field9": "25th Ave NE", "Field10": "98105", "Field11": "79", "Field12": "NE 55th St", "Field13": "1", "Field14": "NE 55th St & 25th Ave NE", "Field15": 3 }, "geometry": null },
{ "type": "Feature", "properties": { "Field1": "10083", "Field2": "Y", "Field3": "SEA", "Field4": "1278110.8999999999", "Field5": "247300.6", "Field6": "YES", "Field7": "ACT", "Field8": "NO", "Field9": "Ravenna Pl NE", "Field10": "98105", "Field11": "79", "Field12": "Ravenna Ave NE", "Field13": "1", "Field14": "Ravenna Ave NE & Ravenna Pl NE", "Field15": 3 }, "geometry": null },
{ "type": "Feature", "properties": { "Field1": "10100", "Field2": "Y", "Field3": "SEA", "Field4": "1277747.8", "Field5": "247676.1", "Field6": "YES", "Field7": "ACT", "Field8": "NO", "Field9": "Park Rd NE", "Field10": "98105", "Field11": "79", "Field12": "NE Ravenna Blvd", "Field13": "0", "Field14": "NE Ravenna Blvd & Park Rd NE", "Field15": 2 }, "geometry": null },
{ "type": "Feature", "properties": { "Field1": "11085", "Field2": "Y", "Field3": "SEA", "Field4": "1272529.2", "Field5": "225707.2", "Field6": "YES", "Field7": "ACT", "Field8": "NO", "Field9": "Madison St", "Field10": "98104", "Field11": "193E 303 322", "Field12": "Boren Ave", "Field13": "0", "Field14": "Boren Ave & Madison St", "Field15": 2 }, "geometry": null },
{ "type": "Feature", "properties": { "Field1": "11087", "Field2": "Y", "Field3": "SEA", "Field4": "1272826.8", "Field5": "225204.2", "Field6": "YES", "Field7": "ACT", "Field8": "NO", "Field9": "Columbia St", "Field10": "98104", "Field11": "193E 303 322", "Field12": "Boren Ave", "Field13": "0", "Field14": "Boren Ave & Columbia St", "Field15": 2 }, "geometry": null },
{ "type": "Feature", "properties": { "Field1": "11090", "Field2": "Y", "Field3": "SEA", "Field4": "1272497.3", "Field5": "227980", "Field6": "YES", "Field7": "ACT", "Field8": "NO", "Field9": "Belmont Ave", "Field10": "98122", "Field11": "10 12 49", "Field12": "E Pine St", "Field13": "1", "Field14": "E Pine St & Belmont Ave", "Field15": 3 }, "geometry": null },
{ "type": "Feature", "properties": { "Field1": "11100", "Field2": "Y", "Field3": "SEA", "Field4": "1271969.6000000001", "Field5": "227992.4", "Field6": "YES", "Field7": "ACT", "Field8": "NO", "Field9": "Bellevue Ave", "Field10": "98122", "Field11": "10 11 12 3 49", "Field12": "E Pine St", "Field13": "0", "Field14": "E Pine St & Bellevue Ave", "Field15": 2 }, "geometry": null },
{ "type": "Feature", "properties": { "Field1": "11130", "Field2": "Y", "Field3": "SEA", "Field4": "1270929.2", "Field5": "226988.5", "Field6": "YES", "Field7": "ACT", "Field8": "NO", "Field9": "9th Ave", "Field10": "98101", "Field11": "550E", "Field12": "Pike St", "Field13": "0", "Field14": "Pike St & 9th Ave", "Field15": 2 }, "geometry": null },
{ "type": "Feature", "properties": { "Field1": "10190", "Field2": "Y", "Field3": "SEA", "Field4": "1270630.5", "Field5": "232324.6", "Field6": "YES", "Field7": "ACT", "Field8": "NO", "Field9": "Aloha St", "Field10": "98109", "Field11": "70", "Field12": "Fairview Ave N", "Field13": "0", "Field14": "Fairview Ave N & Aloha St", "Field15": 2 }, "geometry": null },
{ "type": "Feature", "properties": { "Field1": "11180", "Field2": "Y", "Field3": "SEA", "Field4": "1273580.1000000001", "Field5": "229618.9", "Field6": "YES", "Field7": "ACT", "Field8": "NO", "Field9": "E John St", "Field10": "98102", "Field11": "49 60 9E", "Field12": "Broadway E", "Field13": "0", "Field14": "Broadway E & E John St", "Field15": 2 }, "geometry": null },
{ "type": "Feature", "properties": { "Field1": "11190", "Field2": "Y", "Field3": "SEA", "Field4": "1273587.6000000001", "Field5": "230502.8", "Field6": "YES", "Field7": "ACT", "Field8": "NO", "Field9": "E Harrison St", "Field10": "98102", "Field11": "49 60 9E", "Field12": "Broadway E", "Field13": "0", "Field14": "Broadway E & E Harrison St", "Field15": 2 }, "geometry": null },
{ "type": "Feature", "properties": { "Field1": "11191", "Field2": "Y", "Field3": "SEA", "Field4": "1273850.5", "Field5": "231140.7", "Field6": "YES", "Field7": "ACT", "Field8": "NO", "Field9": "E Mercer St", "Field10": "98102", "Field11": "60", "Field12": "10th Ave E", "Field13": "0", "Field14": "10th Ave E & E Mercer St", "Field15": 2 }, "geometry": null },
{ "type": "Feature", "properties": { "Field1": "11200", "Field2": "Y", "Field3": "SEA", "Field4": "1273597.8", "Field5": "231384.8", "Field6": "YES", "Field7": "ACT", "Field8": "NO", "Field9": "E Mercer St", "Field10": "98102", "Field11": "49 9E", "Field12": "Broadway E", "Field13": "1", "Field14": "Broadway E & E Mercer St", "Field15": 3 }, "geometry": null },
{ "type": "Feature", "properties": { "Field1": "11230", "Field2": "Y", "Field3": "SEA", "Field4": "1273806.5", "Field5": "232931.5", "Field6": "YES", "Field7": "ACT", "Field8": "NO", "Field9": "E Prospect St", "Field10": "98102", "Field11": "49", "Field12": "10th Ave E", "Field13": "0", "Field14": "10th Ave E & E Prospect St", "Field15": 2 }, "geometry": null },
{ "type": "Feature", "properties": { "Field1": "11250", "Field2": "Y", "Field3": "SEA", "Field4": "1273831.5", "Field5": "234154.9", "Field6": "YES", "Field7": "ACT", "Field8": "NO", "Field9": "E Galer St", "Field10": "98102", "Field11": "49", "Field12": "10th Ave E", "Field13": "0", "Field14": "10th Ave E & E Galer St", "Field15": 2 }, "geometry": null },
{ "type": "Feature", "properties": { "Field1": "11300", "Field2": "Y", "Field3": "SEA", "Field4": "1273778.5", "Field5": "238160.4", "Field6": "YES", "Field7": "ACT", "Field8": "NO", "Field9": "Broadway E", "Field10": "98102", "Field11": "49", "Field12": "E Roanoke St", "Field13": "0", "Field14": "E Roanoke St & Broadway E", "Field15": 2 }, "geometry": null },
{ "type": "Feature", "properties": { "Field1": "11330", "Field2": "Y", "Field3": "SEA", "Field4": "1273469.7", "Field5": "239616.8", "Field6": "YES", "Field7": "ACT", "Field8": "NO", "Field9": "E Shelby St", "Field10": "98102", "Field11": "49", "Field12": "Harvard Ave E", "Field13": "0", "Field14": "Harvard Ave E & E Shelby St", "Field15": 2 }, "geometry": null },
{ "type": "Feature", "properties": { "Field1": "11352", "Field2": "Y", "Field3": "SEA", "Field4": "1276037.6000000001", "Field5": "243762.5", "Field6": "YES", "Field7": "ACT", "Field8": "NO", "Field9": "NE 42nd St", "Field10": "98195", "Field11": "271 372E 44 48 49 542E 556E 70", "Field12": "15th Ave NE", "Field13": "1", "Field14": "15th Ave NE & NE 42nd St", "Field15": 3 }, "geometry": null },
{ "type": "Feature", "properties": { "Field1": "12700", "Field2": "Y", "Field3": "SEA", "Field4": "1281282.7", "Field5": "226094.5", "Field6": "YES", "Field7": "ACT", "Field8": "NO", "Field9": "E Marion St", "Field10": "98122", "Field11": "3", "Field12": "34th Ave", "Field13": "0", "Field14": "34th Ave & E Marion St", "Field15": 2 }, "geometry": null },
{ "type": "Feature", "properties": { "Field1": "12841", "Field2": "Y", "Field3": "SEA", "Field4": "1274481.7", "Field5": "224059.4", "Field6": "YES", "Field7": "ACT", "Field8": "NO", "Field9": "E Alder St", "Field10": "98122", "Field11": "322", "Field12": "12th Ave", "Field13": "0", "Field14": "12th Ave & E Alder St", "Field15": 2 }, "geometry": null },
{ "type": "Feature", "properties": { "Field1": "14963", "Field2": "Y", "Field3": "SEA", "Field4": "1251518.7", "Field5": "214046.5", "Field6": "YES", "Field7": "ACT", "Field8": "NO", "Field9": "60th Ave SW", "Field10": "98116", "Field11": "50 56", "Field12": "SW Admiral Way", "Field13": "0", "Field14": "SW Admiral Way & 60th Ave SW", "Field15": 2 }, "geometry": null },
{ "type": "Feature", "properties": { "Field1": "14970", "Field2": "Y", "Field3": "SEA", "Field4": "1251810.3", "Field5": "214130.1", "Field6": "YES", "Field7": "ACT", "Field8": "NO", "Field9": "59th Ave SW", "Field10": "98116", "Field11": "50 56", "Field12": "SW Admiral Way", "Field13": "1", "Field14": "SW Admiral Way & 59th Ave SW", "Field15": 3 }, "geometry": null },
{ "type": "Feature", "properties": { "Field1": "14980", "Field2": "Y", "Field3": "SEA", "Field4": "1252475.3999999999", "Field5": "214471.3", "Field6": "YES", "Field7": "ACT", "Field8": "NO", "Field9": "57th Ave SW", "Field10": "98116", "Field11": "50 56", "Field12": "SW Admiral Way", "Field13": "0", "Field14": "SW Admiral Way & 57th Ave SW", "Field15": 2 }, "geometry": null },
{ "type": "Feature", "properties": { "Field1": "15000", "Field2": "Y", "Field3": "SEA", "Field4": "1253522.3999999999", "Field5": "215009.6", "Field6": "YES", "Field7": "ACT", "Field8": "NO", "Field9": "SW Stevens St", "Field10": "98116", "Field11": "50 56", "Field12": "SW Admiral Way", "Field13": "0", "Field14": "SW Admiral Way & SW Stevens St", "Field15": 2 }, "geometry": null },
{ "type": "Feature", "properties": { "Field1": "15002", "Field2": "Y", "Field3": "SEA", "Field4": "1254509.5", "Field5": "215218.2", "Field6": "YES", "Field7": "ACT", "Field8": "NO", "Field9": "51st Ave SW", "Field10": "98116", "Field11": "50 56", "Field12": "SW Admiral Way", "Field13": "0", "Field14": "SW Admiral Way & 51st Ave SW", "Field15": 2 }, "geometry": null },
{ "type": "Feature", "properties": { "Field1": "15030", "Field2": "Y", "Field3": "SEA", "Field4": "1255282.8", "Field5": "215314.8", "Field6": "YES", "Field7": "ACT", "Field8": "NO", "Field9": "SW Lander St", "Field10": "98116", "Field11": "50 56 57", "Field12": "SW Admiral Way", "Field13": "0", "Field14": "SW Admiral Way & SW Lander St", "Field15": 2 }, "geometry": null },
{ "type": "Feature", "properties": { "Field1": "15040", "Field2": "Y", "Field3": "SEA", "Field4": "1255859.1000000001", "Field5": "215906.3", "Field6": "YES", "Field7": "ACT", "Field8": "NO", "Field9": "47th Ave SW", "Field10": "98116", "Field11": "50 56 57", "Field12": "SW Admiral Way", "Field13": "1", "Field14": "SW Admiral Way & 47th Ave SW", "Field15": 3 }, "geometry": null },
{ "type": "Feature", "properties": { "Field1": "11133", "Field2": "Y", "Field3": "SEA", "Field4": "1271777.3999999999", "Field5": "227491.5", "Field6": "YES", "Field7": "ACT", "Field8": "NO", "Field9": "Minor Ave", "Field10": "98101", "Field11": "10 11 12 3 49", "Field12": "Pike St", "Field13": "1", "Field14": "Pike St & Minor Ave", "Field15": 3 }, "geometry": null },
{ "type": "Feature", "properties": { "Field1": "11140", "Field2": "Y", "Field3": "SEA", "Field4": "1272619.8", "Field5": "227978.7", "Field6": "YES", "Field7": "ACT", "Field8": "NO", "Field9": "Belmont Ave", "Field10": "98122", "Field11": "10 12 49", "Field12": "E Pine St", "Field13": "1", "Field14": "E Pine St & Belmont Ave", "Field15": 3 }, "geometry": null },
{ "type": "Feature", "properties": { "Field1": "11150", "Field2": "Y", "Field3": "SEA", "Field4": "1273365.5", "Field5": "227966.4", "Field6": "YES", "Field7": "ACT", "Field8": "NO", "Field9": "Harvard Ave", "Field10": "98122", "Field11": "10 12 49", "Field12": "E Pine St", "Field13": "0", "Field14": "E Pine St & Harvard Ave", "Field15": 2 }, "geometry": null },
{ "type": "Feature", "properties": { "Field1": "12496", "Field2": "Y", "Field3": "SEA", "Field4": "1278469.1000000001", "Field5": "217016", "Field6": "YES", "Field7": "ACT", "Field8": "NO", "Field9": "25th Ave S", "Field10": "98144", "Field11": "4", "Field12": "S Plum St", "Field13": "1", "Field14": "S Plum St & 25th Ave S", "Field15": 3 }, "geometry": null },
{ "type": "Feature", "properties": { "Field1": "12497", "Field2": "Y", "Field3": "SEA", "Field4": "1279022.8999999999", "Field5": "218196.6", "Field6": "YES", "Field7": "ACT", "Field8": "NO", "Field9": "S Massachusetts St", "Field10": "98144", "Field11": "4 8", "Field12": "Martin L King Jr Way S", "Field13": "1", "Field14": "Martin L King Jr Way S & S Massachusetts St", "Field15": 3 }, "geometry": null },
{ "type": "Feature", "properties": { "Field1": "12500", "Field2": "Y", "Field3": "SEA", "Field4": "1278772.8999999999", "Field5": "219812", "Field6": "NO", "Field7": "ACT", "Field8": "NO", "Field9": "S Norman St", "Field10": "98144", "Field11": "4", "Field12": "26th Ave S", "Field13": "0", "Field14": "26th Ave S & S Norman St", "Field15": 0 }, "geometry": null },
{ "type": "Feature", "properties": { "Field1": "12520", "Field2": "Y", "Field3": "SEA", "Field4": "1278699.5", "Field5": "220686", "Field6": "YES", "Field7": "ACT", "Field8": "NO", "Field9": "26th Ave S", "Field10": "98144", "Field11": "4", "Field12": "S Dearborn St", "Field13": "0", "Field14": "S Dearborn St & 26th Ave S", "Field15": 2 }, "geometry": null },
{ "type": "Feature", "properties": { "Field1": "12600", "Field2": "Y", "Field3": "SEA", "Field4": "1277944.3999999999", "Field5": "224475.1", "Field6": "YES", "Field7": "ACT", "Field8": "NO", "Field9": "E Jefferson St", "Field10": "98122", "Field11": "4 48", "Field12": "23rd Ave", "Field13": "1", "Field14": "23rd Ave & E Jefferson St", "Field15": 3 }, "geometry": null },
{ "type": "Feature", "properties": { "Field1": "12630", "Field2": "Y", "Field3": "SEA", "Field4": "1278043.3999999999", "Field5": "222781.2", "Field6": "YES", "Field7": "ACT", "Field8": "NO", "Field9": "E Yesler Way", "Field10": "98144", "Field11": "4 48 8", "Field12": "23rd Ave S", "Field13": "1", "Field14": "23rd Ave S & E Yesler Way", "Field15": 3 }, "geometry": null },
{ "type": "Feature", "properties": { "Field1": "12640", "Field2": "Y", "Field3": "SEA", "Field4": "1278035.7", "Field5": "221947.2", "Field6": "YES", "Field7": "ACT", "Field8": "NO", "Field9": "S Jackson St", "Field10": "98144", "Field11": "4 48", "Field12": "23rd Ave S", "Field13": "0", "Field14": "23rd Ave S & S Jackson St", "Field15": 2 }, "geometry": null },
{ "type": "Feature", "properties": { "Field1": "12660", "Field2": "Y", "Field3": "SEA", "Field4": "1278156.3999999999", "Field5": "220702.5", "Field6": "LTD", "Field7": "ACT", "Field8": "NO", "Field9": "24th Ave S", "Field10": "98144", "Field11": "4", "Field12": "S Dearborn St", "Field13": "0", "Field14": "S Dearborn St & 24th Ave S", "Field15": 0 }, "geometry": null },
{ "type": "Feature", "properties": { "Field1": "12670", "Field2": "Y", "Field3": "SEA", "Field4": "1278246.5", "Field5": "219666.6", "Field6": "YES", "Field7": "ACT", "Field8": "NO", "Field9": "S Norman St", "Field10": "98144", "Field11": "4", "Field12": "24th Ave S", "Field13": "0", "Field14": "24th Ave S & S Norman St", "Field15": 2 }, "geometry": null },
{ "type": "Feature", "properties": { "Field1": "12712", "Field2": "Y", "Field3": "SEA", "Field4": "1281254.6000000001", "Field5": "225220.3", "Field6": "YES", "Field7": "ACT", "Field8": "NO", "Field9": "E Cherry St", "Field10": "98122", "Field11": "3", "Field12": "34th Ave", "Field13": "0", "Field14": "34th Ave & E Cherry St", "Field15": 2 }, "geometry": null },
{ "type": "Feature", "properties": { "Field1": "12720", "Field2": "Y", "Field3": "SEA", "Field4": "1280618.1000000001", "Field5": "225178", "Field6": "YES", "Field7": "ACT", "Field8": "NO", "Field9": "32nd Ave", "Field10": "98122", "Field11": "3", "Field12": "E Cherry St", "Field13": "1", "Field14": "E Cherry St & 32nd Ave", "Field15": 3 }, "geometry": null },
{ "type": "Feature", "properties": { "Field1": "12740", "Field2": "Y", "Field3": "SEA", "Field4": "1279593.2", "Field5": "225207.9", "Field6": "YES", "Field7": "ACT", "Field8": "NO", "Field9": "Martin L King Jr Way", "Field10": "98122", "Field11": "3", "Field12": "E Cherry St", "Field13": "0", "Field14": "E Cherry St & Martin L King Jr Way", "Field15": 2 }, "geometry": null },
{ "type": "Feature", "properties": { "Field1": "12760", "Field2": "Y", "Field3": "SEA", "Field4": "1278523.7", "Field5": "225229.6", "Field6": "YES", "Field7": "ACT", "Field8": "NO", "Field9": "25th Ave", "Field10": "98122", "Field11": "3", "Field12": "E Cherry St", "Field13": "1", "Field14": "E Cherry St & 25th Ave", "Field15": 3 }, "geometry": null },
{ "type": "Feature", "properties": { "Field1": "14360", "Field2": "Y", "Field3": "SEA", "Field4": "1260309", "Field5": "255851.8", "Field6": "YES", "Field7": "ACT", "Field8": "NO", "Field9": "NW 85th St", "Field10": "98117", "Field11": "40 D", "Field12": "15th Ave NW", "Field13": "1", "Field14": "15th Ave NW & NW 85th St", "Field15": 3 }, "geometry": null },
{ "type": "Feature", "properties": { "Field1": "15050", "Field2": "Y", "Field3": "SEA", "Field4": "1256518.2", "Field5": "215889.4", "Field6": "YES", "Field7": "ACT", "Field8": "NO", "Field9": "45th Ave SW", "Field10": "98116", "Field11": "50 56 57", "Field12": "SW Admiral Way", "Field13": "1", "Field14": "SW Admiral Way & 45th Ave SW", "Field15": 3 }, "geometry": null },
{ "type": "Feature", "properties": { "Field1": "15060", "Field2": "Y", "Field3": "SEA", "Field4": "1257192.3999999999", "Field5": "215868.1", "Field6": "YES", "Field7": "ACT", "Field8": "NO", "Field9": "California Ave SW", "Field10": "98116", "Field11": "56 57", "Field12": "SW Admiral Way", "Field13": "1", "Field14": "SW Admiral Way & California Ave SW", "Field15": 3 }, "geometry": null },
{ "type": "Feature", "properties": { "Field1": "16800", "Field2": "Y", "Field3": "SEA", "Field4": "1271086.8999999999", "Field5": "271276.59999999998", "Field6": "YES", "Field7": "ACT", "Field8": "NO", "Field9": "N 145th St", "Field10": "98133", "Field11": "365", "Field12": "Meridian Ave N", "Field13": "0", "Field14": "Meridian Ave N & N 145th St", "Field15": 2 }, "geometry": null },
{ "type": "Feature", "properties": { "Field1": "16810", "Field2": "Y", "Field3": "SEA", "Field4": "1271079.3", "Field5": "270652.3", "Field6": "YES", "Field7": "ACT", "Field8": "NO", "Field9": "N 143rd St", "Field10": "98133", "Field11": "365", "Field12": "Meridian Ave N", "Field13": "0", "Field14": "Meridian Ave N & N 143rd St", "Field15": 2 }, "geometry": null },
{ "type": "Feature", "properties": { "Field1": "12532", "Field2": "Y", "Field3": "SEA", "Field4": "1278016.8", "Field5": "221119.8", "Field6": "YES", "Field7": "ACT", "Field8": "NO", "Field9": "S Lane St", "Field10": "98144", "Field11": "4 48", "Field12": "23rd Ave S", "Field13": "1", "Field14": "23rd Ave S & S Lane St", "Field15": 3 }, "geometry": null },
{ "type": "Feature", "properties": { "Field1": "12550", "Field2": "Y", "Field3": "SEA", "Field4": "1278039.2", "Field5": "222208.2", "Field6": "YES", "Field7": "ACT", "Field8": "NO", "Field9": "S Jackson St", "Field10": "98144", "Field11": "4 48 8", "Field12": "23rd Ave S", "Field13": "1", "Field14": "23rd Ave S & S Jackson St", "Field15": 3 }, "geometry": null },
{ "type": "Feature", "properties": { "Field1": "12560", "Field2": "Y", "Field3": "SEA", "Field4": "1278011.1000000001", "Field5": "223007.7", "Field6": "YES", "Field7": "ACT", "Field8": "NO", "Field9": "E Yesler Way", "Field10": "98122", "Field11": "4 48", "Field12": "23rd Ave", "Field13": "1", "Field14": "23rd Ave & E Yesler Way", "Field15": 3 }, "geometry": null },
{ "type": "Feature", "properties": { "Field1": "14130", "Field2": "Y", "Field3": "SEA", "Field4": "1260089.2", "Field5": "237601.7", "Field6": "YES", "Field7": "ACT", "Field8": "NO", "Field9": "W Wheeler St", "Field10": "98119", "Field11": "32 D", "Field12": "15th Ave W", "Field13": "0", "Field14": "15th Ave W & W Wheeler St", "Field15": 2 }, "geometry": null },
{ "type": "Feature", "properties": { "Field1": "14150", "Field2": "Y", "Field3": "SEA", "Field4": "1260115.8999999999", "Field5": "239064.5", "Field6": "YES", "Field7": "ACT", "Field8": "NO", "Field9": "W Armour St", "Field10": "98119", "Field11": "32 D", "Field12": "15th Ave W", "Field13": "1", "Field14": "15th Ave W & W Armour St", "Field15": 3 }, "geometry": null },
{ "type": "Feature", "properties": { "Field1": "14170", "Field2": "Y", "Field3": "SEA", "Field4": "1260166.8999999999", "Field5": "240605.8", "Field6": "YES", "Field7": "ACT", "Field8": "NO", "Field9": "W Dravus St", "Field10": "98119", "Field11": "32 D", "Field12": "15th Ave W", "Field13": "1", "Field14": "15th Ave W & W Dravus St", "Field15": 3 }, "geometry": null },
{ "type": "Feature", "properties": { "Field1": "14190", "Field2": "Y", "Field3": "SEA", "Field4": "1260183.3", "Field5": "242348.4", "Field6": "YES", "Field7": "ACT", "Field8": "NO", "Field9": "W Emerson St", "Field10": "98119", "Field11": "D", "Field12": "15th Ave W", "Field13": "1", "Field14": "15th Ave W & W Emerson St", "Field15": 3 }, "geometry": null },
{ "type": "Feature", "properties": { "Field1": "14195", "Field2": "Y", "Field3": "SEA", "Field4": "1258577.5", "Field5": "242896.9", "Field6": "YES", "Field7": "ACT", "Field8": "NO", "Field9": "21st Ave W", "Field10": "98119", "Field11": "31", "Field12": "W Emerson Pl", "Field13": "0", "Field14": "W Emerson Pl & 21st Ave W", "Field15": 2 }, "geometry": null },
{ "type": "Feature", "properties": { "Field1": "14200", "Field2": "Y", "Field3": "SEA", "Field4": "1260288.3999999999", "Field5": "245809.6", "Field6": "YES", "Field7": "ACT", "Field8": "NO", "Field9": "NW Leary Way", "Field10": "98107", "Field11": "17E D", "Field12": "15th Ave NW", "Field13": "0", "Field14": "15th Ave NW & NW Leary Way", "Field15": 2 }, "geometry": null },
{ "type": "Feature", "properties": { "Field1": "14230", "Field2": "Y", "Field3": "SEA", "Field4": "1260289.8", "Field5": "247649.8", "Field6": "YES", "Field7": "ACT", "Field8": "NO", "Field9": "NW Market St", "Field10": "98107", "Field11": "D", "Field12": "15th Ave NW", "Field13": "1", "Field14": "15th Ave NW & NW Market St", "Field15": 3 }, "geometry": null },
{ "type": "Feature", "properties": { "Field1": "14250", "Field2": "Y", "Field3": "SEA", "Field4": "1260318.6000000001", "Field5": "249041.2", "Field6": "YES", "Field7": "ACT", "Field8": "NO", "Field9": "NW 60th St", "Field10": "98107", "Field11": "D", "Field12": "15th Ave NW", "Field13": "1", "Field14": "15th Ave NW & NW 60th St", "Field15": 3 }, "geometry": null },
{ "type": "Feature", "properties": { "Field1": "14280", "Field2": "Y", "Field3": "SEA", "Field4": "1260215.5", "Field5": "250709.8", "Field6": "YES", "Field7": "ACT", "Field8": "NO", "Field9": "15th Ave NW", "Field10": "98117", "Field11": "D", "Field12": "15th Ave NW", "Field13": "1", "Field14": "15th Ave NW & 15th Ave NW", "Field15": 3 }, "geometry": null },
{ "type": "Feature", "properties": { "Field1": "14300", "Field2": "Y", "Field3": "SEA", "Field4": "1260236.3", "Field5": "251810.7", "Field6": "YES", "Field7": "ACT", "Field8": "NO", "Field9": "NW 70th St", "Field10": "98117", "Field11": "D", "Field12": "15th Ave NW", "Field13": "0", "Field14": "15th Ave NW & NW 70th St", "Field15": 2 }, "geometry": null },
{ "type": "Feature", "properties": { "Field1": "14320", "Field2": "Y", "Field3": "SEA", "Field4": "1260260.3", "Field5": "253135.5", "Field6": "YES", "Field7": "ACT", "Field8": "NO", "Field9": "NW 75th St", "Field10": "98117", "Field11": "D", "Field12": "15th Ave NW", "Field13": "0", "Field14": "15th Ave NW & NW 75th St", "Field15": 2 }, "geometry": null },
{ "type": "Feature", "properties": { "Field1": "14340", "Field2": "Y", "Field3": "SEA", "Field4": "1260283.7", "Field5": "254458.1", "Field6": "YES", "Field7": "ACT", "Field8": "NO", "Field9": "NW 80th St", "Field10": "98117", "Field11": "D", "Field12": "15th Ave NW", "Field13": "0", "Field14": "15th Ave NW & NW 80th St", "Field15": 2 }, "geometry": null },
{ "type": "Feature", "properties": { "Field1": "16480", "Field2": "Y", "Field3": "SEA", "Field4": "1274786.3", "Field5": "247336", "Field6": "YES", "Field7": "ACT", "Field8": "NO", "Field9": "NE 55th St", "Field10": "98105", "Field11": "67", "Field12": "Roosevelt Way NE", "Field13": "1", "Field14": "Roosevelt Way NE & NE 55th St", "Field15": 3 }, "geometry": null },
{ "type": "Feature", "properties": { "Field1": "14961", "Field2": "Y", "Field3": "SEA", "Field4": "1251116.6000000001", "Field5": "214652.6", "Field6": "YES", "Field7": "ACT", "Field8": "NO", "Field9": "SW Stevens St", "Field10": "98116", "Field11": "50 56", "Field12": "61st Ave SW", "Field13": "0", "Field14": "61st Ave SW & SW Stevens St", "Field15": 2 }, "geometry": null },
{ "type": "Feature", "properties": { "Field1": "14962", "Field2": "Y", "Field3": "SEA", "Field4": "1251094.8", "Field5": "214108.3", "Field6": "YES", "Field7": "ACT", "Field8": "NO", "Field9": "SW Admiral Way", "Field10": "98116", "Field11": "50 56", "Field12": "61st Ave SW", "Field13": "0", "Field14": "61st Ave SW & SW Admiral Way", "Field15": 2 }, "geometry": null },
{ "type": "Feature", "properties": { "Field1": "18240", "Field2": "Y", "Field3": "SEA", "Field4": "1265490.3999999999", "Field5": "240192.5", "Field6": "YES", "Field7": "ACT", "Field8": "NO", "Field9": "Warren Ave N", "Field10": "98109", "Field11": "31 32", "Field12": "Nickerson St", "Field13": "0", "Field14": "Nickerson St & Warren Ave N", "Field15": 2 }, "geometry": null },
{ "type": "Feature", "properties": { "Field1": "18250", "Field2": "Y", "Field3": "SEA", "Field4": "1266099.6000000001", "Field5": "239759.5", "Field6": "YES", "Field7": "ACT", "Field8": "NO", "Field9": "Florentia St", "Field10": "98109", "Field11": "31 32", "Field12": "Nickerson St", "Field13": "0", "Field14": "Nickerson St & Florentia St", "Field15": 2 }, "geometry": null },
{ "type": "Feature", "properties": { "Field1": "18260", "Field2": "Y", "Field3": "SEA", "Field4": "1266788.6000000001", "Field5": "239122.5", "Field6": "YES", "Field7": "ACT", "Field8": "NO", "Field9": "4th Ave N", "Field10": "98109", "Field11": "62", "Field12": "Dexter Ave N", "Field13": "1", "Field14": "Dexter Ave N & 4th Ave N", "Field15": 3 }, "geometry": null },
{ "type": "Feature", "properties": { "Field1": "18270", "Field2": "Y", "Field3": "SEA", "Field4": "1267571.1000000001", "Field5": "238482.6", "Field6": "YES", "Field7": "ACT", "Field8": "NO", "Field9": "Halladay St", "Field10": "98109", "Field11": "62", "Field12": "Dexter Ave N", "Field13": "1", "Field14": "Dexter Ave N & Halladay St", "Field15": 3 }, "geometry": null },
{ "type": "Feature", "properties": { "Field1": "18295", "Field2": "Y", "Field3": "SEA", "Field4": "1267938.2", "Field5": "237169.2", "Field6": "YES", "Field7": "ACT", "Field8": "NO", "Field9": "6th Ave N", "Field10": "98109", "Field11": "62", "Field12": "Dexter Ave N", "Field13": "1", "Field14": "Dexter Ave N & 6th Ave N", "Field15": 3 }, "geometry": null },
{ "type": "Feature", "properties": { "Field1": "18315", "Field2": "Y", "Field3": "SEA", "Field4": "1268197.6000000001", "Field5": "236153.3", "Field6": "YES", "Field7": "ACT", "Field8": "NO", "Field9": "Crockett St", "Field10": "98109", "Field11": "62", "Field12": "Dexter Ave N", "Field13": "1", "Field14": "Dexter Ave N & Crockett St", "Field15": 3 }, "geometry": null },
{ "type": "Feature", "properties": { "Field1": "18320", "Field2": "Y", "Field3": "SEA", "Field4": "1268410.6000000001", "Field5": "235543.1", "Field6": "YES", "Field7": "ACT", "Field8": "NO", "Field9": "Howe St", "Field10": "98109", "Field11": "62", "Field12": "Dexter Ave N", "Field13": "1", "Field14": "Dexter Ave N & Howe St", "Field15": 3 }, "geometry": null },
{ "type": "Feature", "properties": { "Field1": "18340", "Field2": "Y", "Field3": "SEA", "Field4": "1268387.7", "Field5": "234166.2", "Field6": "YES", "Field7": "ACT", "Field8": "NO", "Field9": "Galer St", "Field10": "98109", "Field11": "62", "Field12": "Dexter Ave N", "Field13": "1", "Field14": "Dexter Ave N & Galer St", "Field15": 3 }, "geometry": null },
{ "type": "Feature", "properties": { "Field1": "19861", "Field2": "Y", "Field3": "SEA", "Field4": "1256602.3999999999", "Field5": "207906.3", "Field6": "YES", "Field7": "ACT", "Field8": "NO", "Field9": "44th Ave SW", "Field10": "98116", "Field11": "22 773", "Field12": "SW Edmunds St", "Field13": "0", "Field14": "SW Edmunds St & 44th Ave SW", "Field15": 2 }, "geometry": null },
{ "type": "Feature", "properties": { "Field1": "16430", "Field2": "Y", "Field3": "SEA", "Field4": "1275009.2", "Field5": "250041.3", "Field6": "YES", "Field7": "ACT", "Field8": "NO", "Field9": "Roosevelt Way NE", "Field10": "98115", "Field11": "45 62 79 987EN 988EN", "Field12": "NE 65th St", "Field13": "1", "Field14": "NE 65th St & Roosevelt Way NE", "Field15": 3 }, "geometry": null },
{ "type": "Feature", "properties": { "Field1": "16440", "Field2": "Y", "Field3": "SEA", "Field4": "1274836.7", "Field5": "249910.8", "Field6": "YES", "Field7": "ACT", "Field8": "NO", "Field9": "NE 65th St", "Field10": "98115", "Field11": "67", "Field12": "Roosevelt Way NE", "Field13": "1", "Field14": "Roosevelt Way NE & NE 65th St", "Field15": 3 }, "geometry": null },
{ "type": "Feature", "properties": { "Field1": "16515", "Field2": "Y", "Field3": "SEA", "Field4": "1273299.8999999999", "Field5": "250808.9", "Field6": "YES", "Field7": "ACT", "Field8": "NO", "Field9": "NE 68th St", "Field10": "98115", "Field11": "45 62", "Field12": "NE Ravenna Blvd", "Field13": "0", "Field14": "NE Ravenna Blvd & NE 68th St", "Field15": 2 }, "geometry": null },
{ "type": "Feature", "properties": { "Field1": "16520", "Field2": "Y", "Field3": "SEA", "Field4": "1273084.5", "Field5": "251165.6", "Field6": "YES", "Field7": "ACT", "Field8": "NO", "Field9": "NE 70th St", "Field10": "98115", "Field11": "45 62", "Field12": "NE Ravenna Blvd", "Field13": "1", "Field14": "NE Ravenna Blvd & NE 70th St", "Field15": 3 }, "geometry": null },
{ "type": "Feature", "properties": { "Field1": "16570", "Field2": "Y", "Field3": "SEA", "Field4": "1271087.2", "Field5": "271301.59999999998", "Field6": "YES", "Field7": "ACT", "Field8": "NO", "Field9": "N 145th St", "Field10": "98133", "Field11": "365", "Field12": "Meridian Ave N", "Field13": "0", "Field14": "Meridian Ave N & N 145th St", "Field15": 2 }, "geometry": null },
{ "type": "Feature", "properties": { "Field1": "18165", "Field2": "Y", "Field3": "SEA", "Field4": "1260410.2", "Field5": "245891.5", "Field6": "YES", "Field7": "ACT", "Field8": "NO", "Field9": "15th Ave NW", "Field10": "98107", "Field11": "40", "Field12": "NW Leary Way", "Field13": "0", "Field14": "NW Leary Way & 15th Ave NW", "Field15": 2 }, "geometry": null },
{ "type": "Feature", "properties": { "Field1": "18170", "Field2": "Y", "Field3": "SEA", "Field4": "1260345.3999999999", "Field5": "242427.7", "Field6": "YES", "Field7": "ACT", "Field8": "NO", "Field9": "W Emerson St", "Field10": "98119", "Field11": "31", "Field12": "W Nickerson St", "Field13": "1", "Field14": "W Nickerson St & W Emerson St", "Field15": 3 }, "geometry": null },
{ "type": "Feature", "properties": { "Field1": "18180", "Field2": "Y", "Field3": "SEA", "Field4": "1261255", "Field5": "242689.8", "Field6": "YES", "Field7": "ACT", "Field8": "NO", "Field9": "12th Ave W", "Field10": "98119", "Field11": "31 32", "Field12": "W Nickerson St", "Field13": "0", "Field14": "W Nickerson St & 12th Ave W", "Field15": 2 }, "geometry": null },
{ "type": "Feature", "properties": { "Field1": "18190", "Field2": "Y", "Field3": "SEA", "Field4": "1261768.2", "Field5": "242223.1", "Field6": "YES", "Field7": "ACT", "Field8": "NO", "Field9": "Jesse Ave W", "Field10": "98119", "Field11": "31 32", "Field12": "W Nickerson St", "Field13": "1", "Field14": "W Nickerson St & Jesse Ave W", "Field15": 3 }, "geometry": null },
{ "type": "Feature", "properties": { "Field1": "18200", "Field2": "Y", "Field3": "SEA", "Field4": "1262476.7", "Field5": "241663.6", "Field6": "YES", "Field7": "ACT", "Field8": "NO", "Field9": "8th Ave W", "Field10": "98119", "Field11": "31 32", "Field12": "W Nickerson St", "Field13": "0", "Field14": "W Nickerson St & 8th Ave W", "Field15": 2 }, "geometry": null },
{ "type": "Feature", "properties": { "Field1": "18210", "Field2": "Y", "Field3": "SEA", "Field4": "1263126.3999999999", "Field5": "241428.8", "Field6": "YES", "Field7": "ACT", "Field8": "NO", "Field9": "6th Ave W", "Field10": "98119", "Field11": "31 32", "Field12": "W Nickerson St", "Field13": "1", "Field14": "W Nickerson St & 6th Ave W", "Field15": 3 }, "geometry": null },
{ "type": "Feature", "properties": { "Field1": "19862", "Field2": "Y", "Field3": "SEA", "Field4": "1256881.3999999999", "Field5": "208552.3", "Field6": "YES", "Field7": "ACT", "Field8": "NO", "Field9": "California Ave SW", "Field10": "98116", "Field11": "C", "Field12": "SW Alaska St", "Field13": "2", "Field14": "SW Alaska St & California Ave SW", "Field15": 3 }, "geometry": null },
{ "type": "Feature", "properties": { "Field1": "19875", "Field2": "Y", "Field3": "SEA", "Field4": "1257338", "Field5": "208526.7", "Field6": "YES", "Field7": "ACT", "Field8": "NO", "Field9": "42nd Ave SW", "Field10": "98116", "Field11": "50 773", "Field12": "SW Alaska St", "Field13": "1", "Field14": "SW Alaska St & 42nd Ave SW", "Field15": 3 }, "geometry": null },
{ "type": "Feature", "properties": { "Field1": "19898", "Field2": "Y", "Field3": "SEA", "Field4": "1260911.2", "Field5": "211295.8", "Field6": "YES", "Field7": "ACT", "Field8": "NO", "Field9": "SW Bradford St", "Field10": "98126", "Field11": "21 773 C", "Field12": "SW Avalon Way", "Field13": "1", "Field14": "SW Avalon Way & SW Bradford St", "Field15": 3 }, "geometry": null },
{ "type": "Feature", "properties": { "Field1": "19900", "Field2": "Y", "Field3": "SEA", "Field4": "1258796.3999999999", "Field5": "209192.2", "Field6": "YES", "Field7": "ACT", "Field8": "NO", "Field9": "SW Oregon St", "Field10": "98126", "Field12": "Fauntleroy Way SW", "Field13": "0", "Field14": "Fauntleroy Way SW & SW Oregon St", "Field15": 2 }, "geometry": null },
{ "type": "Feature", "properties": { "Field1": "19921", "Field2": "Y", "Field3": "SEA", "Field4": "1260481.7", "Field5": "209885.4", "Field6": "YES", "Field7": "ACT", "Field8": "NO", "Field9": "SW Genesee St", "Field10": "98126", "Field11": "21 773", "Field12": "SW Avalon Way", "Field13": "1", "Field14": "SW Avalon Way & SW Genesee St", "Field15": 3 }, "geometry": null },
{ "type": "Feature", "properties": { "Field1": "16460", "Field2": "Y", "Field3": "SEA", "Field4": "1274814.6000000001", "Field5": "248780.1", "Field6": "YES", "Field7": "ACT", "Field8": "NO", "Field9": "NE Ravenna Blvd", "Field10": "98115", "Field11": "67", "Field12": "Roosevelt Way NE", "Field13": "1", "Field14": "Roosevelt Way NE & NE Ravenna Blvd", "Field15": 3 }, "geometry": null },
{ "type": "Feature", "properties": { "Field1": "18070", "Field2": "Y", "Field3": "SEA", "Field4": "1254852.3", "Field5": "248171.4", "Field6": "YES", "Field7": "ACT", "Field8": "NO", "Field9": "NW 56th St", "Field10": "98107", "Field11": "17E", "Field12": "32nd Ave NW", "Field13": "0", "Field14": "32nd Ave NW & NW 56th St", "Field15": 2 }, "geometry": null },
{ "type": "Feature", "properties": { "Field1": "18090", "Field2": "Y", "Field3": "SEA", "Field4": "1255277.2", "Field5": "247471.5", "Field6": "YES", "Field7": "ACT", "Field8": "NO", "Field9": "30th Ave NW", "Field10": "98107", "Field11": "44", "Field12": "NW 54th St", "Field13": "1", "Field14": "NW 54th St & 30th Ave NW", "Field15": 3 }, "geometry": null },
{ "type": "Feature", "properties": { "Field1": "18100", "Field2": "Y", "Field3": "SEA", "Field4": "1256134.1000000001", "Field5": "247799.4", "Field6": "YES", "Field7": "ACT", "Field8": "NO", "Field9": "28th Ave NW", "Field10": "98107", "Field11": "17E 44", "Field12": "NW Market St", "Field13": "1", "Field14": "NW Market St & 28th Ave NW", "Field15": 3 }, "geometry": null },
{ "type": "Feature", "properties": { "Field1": "18120", "Field2": "Y", "Field3": "SEA", "Field4": "1258043", "Field5": "247769.4", "Field6": "YES", "Field7": "ACT", "Field8": "NO", "Field9": "Ballard Ave NW", "Field10": "98107", "Field11": "17E 40 44", "Field12": "NW Market St", "Field13": "1", "Field14": "NW Market St & Ballard Ave NW", "Field15": 3 }, "geometry": null },
{ "type": "Feature", "properties": { "Field1": "18145", "Field2": "Y", "Field3": "SEA", "Field4": "1258624.8999999999", "Field5": "247276.6", "Field6": "YES", "Field7": "ACT", "Field8": "NO", "Field9": "NW Vernon Pl", "Field10": "98107", "Field11": "40", "Field12": "Leary Ave NW", "Field13": "0", "Field14": "Leary Ave NW & NW Vernon Pl", "Field15": 2 }, "geometry": null },
{ "type": "Feature", "properties": { "Field1": "18151", "Field2": "Y", "Field3": "SEA", "Field4": "1259404.2", "Field5": "246255.8", "Field6": "YES", "Field7": "ACT", "Field8": "NO", "Field9": "NW Dock Pl", "Field10": "98107", "Field11": "40", "Field12": "Leary Ave NW", "Field13": "1", "Field14": "Leary Ave NW & NW Dock Pl", "Field15": 3 }, "geometry": null },
{ "type": "Feature", "properties": { "Field1": "18152", "Field2": "Y", "Field3": "SEA", "Field4": "1259213", "Field5": "246506.3", "Field6": "YES", "Field7": "ACT", "Field8": "NO", "Field9": "NW Dock Pl", "Field10": "98107", "Field11": "40", "Field12": "Leary Ave NW", "Field13": "1", "Field14": "Leary Ave NW & NW Dock Pl", "Field15": 3 }, "geometry": null },
{ "type": "Feature", "properties": { "Field1": "19650", "Field2": "Y", "Field3": "SEA", "Field4": "1255643.5", "Field5": "193916", "Field6": "YES", "Field7": "ACT", "Field8": "NO", "Field9": "45th Ave SW", "Field10": "98136", "Field11": "C", "Field12": "SW Wildwood Pl", "Field13": "1", "Field14": "SW Wildwood Pl & 45th Ave SW", "Field15": 3 }, "geometry": null },
{ "type": "Feature", "properties": { "Field1": "18220", "Field2": "Y", "Field3": "SEA", "Field4": "1264027.7", "Field5": "241107.3", "Field6": "YES", "Field7": "ACT", "Field8": "NO", "Field9": "3rd Ave W", "Field10": "98119", "Field11": "13 31 32 4", "Field12": "W Nickerson St", "Field13": "1", "Field14": "W Nickerson St & 3rd Ave W", "Field15": 3 }, "geometry": null },
{ "type": "Feature", "properties": { "Field1": "18230", "Field2": "Y", "Field3": "SEA", "Field4": "1264679.1000000001", "Field5": "240765.9", "Field6": "YES", "Field7": "ACT", "Field8": "NO", "Field9": "Queen Anne Ave N", "Field10": "98119", "Field11": "31 32", "Field12": "W Nickerson St", "Field13": "1", "Field14": "W Nickerson St & Queen Anne Ave N", "Field15": 3 }, "geometry": null },
{ "type": "Feature", "properties": { "Field1": "19750", "Field2": "Y", "Field3": "SEA", "Field4": "1255796.8", "Field5": "200825.4", "Field6": "YES", "Field7": "ACT", "Field8": "NO", "Field9": "SW Myrtle St", "Field10": "98136", "Field11": "C", "Field12": "Fauntleroy Way SW", "Field13": "1", "Field14": "Fauntleroy Way SW & SW Myrtle St", "Field15": 3 }, "geometry": null },
{ "type": "Feature", "properties": { "Field1": "19790", "Field2": "Y", "Field3": "SEA", "Field4": "1256674.1000000001", "Field5": "202786.7", "Field6": "YES", "Field7": "ACT", "Field8": "NO", "Field9": "Fauntleroy Way SW", "Field10": "98136", "Field11": "128 22 773 C", "Field12": "California Ave SW", "Field13": "1", "Field14": "California Ave SW & Fauntleroy Way SW", "Field15": 3 }, "geometry": null },
{ "type": "Feature", "properties": { "Field1": "19810", "Field2": "Y", "Field3": "SEA", "Field4": "1256717.8", "Field5": "204042", "Field6": "YES", "Field7": "ACT", "Field8": "NO", "Field9": "SW Raymond St", "Field10": "98136", "Field11": "128 22 773", "Field12": "California Ave SW", "Field13": "0", "Field14": "California Ave SW & SW Raymond St", "Field15": 2 }, "geometry": null },
{ "type": "Feature", "properties": { "Field1": "19830", "Field2": "Y", "Field3": "SEA", "Field4": "1256770.3999999999", "Field5": "205361.2", "Field6": "YES", "Field7": "ACT", "Field8": "NO", "Field9": "SW Findlay St", "Field10": "98136", "Field11": "128 22 773 C", "Field12": "California Ave SW", "Field13": "1", "Field14": "California Ave SW & SW Findlay St", "Field15": 3 }, "geometry": null },
{ "type": "Feature", "properties": { "Field1": "21833", "Field2": "Y", "Field3": "SEA", "Field4": "1272127.2", "Field5": "219533.8", "Field6": "YES", "Field7": "ACT", "Field8": "NO", "Field9": "S Royal Brougham Way", "Field10": "98134", "Field11": "124", "Field12": "6th Ave S", "Field13": "1", "Field14": "6th Ave S & S Royal Brougham Way", "Field15": 3 }, "geometry": null },
{ "type": "Feature", "properties": { "Field1": "23200", "Field2": "Y", "Field3": "SEA", "Field4": "1273614", "Field5": "263418.5", "Field6": "YES", "Field7": "ACT", "Field8": "NO", "Field9": "NE 115th St", "Field10": "98125", "Field11": "75", "Field12": "5th Ave NE", "Field13": "1", "Field14": "5th Ave NE & NE 115th St", "Field15": 3 }, "geometry": null },
{ "type": "Feature", "properties": { "Field1": "19530", "Field2": "Y", "Field3": "SEA", "Field4": "1257524.6000000001", "Field5": "249489.8", "Field6": "YES", "Field7": "ACT", "Field8": "NO", "Field9": "NW 61st St", "Field10": "98107", "Field11": "40", "Field12": "24th Ave NW", "Field13": "0", "Field14": "24th Ave NW & NW 61st St", "Field15": 2 }, "geometry": null },
{ "type": "Feature", "properties": { "Field1": "19550", "Field2": "Y", "Field3": "SEA", "Field4": "1257557.5", "Field5": "250501", "Field6": "YES", "Field7": "ACT", "Field8": "NO", "Field9": "NW 65th St", "Field10": "98117", "Field11": "40", "Field12": "24th Ave NW", "Field13": "0", "Field14": "24th Ave NW & NW 65th St", "Field15": 2 }, "geometry": null },
{ "type": "Feature", "properties": { "Field1": "19570", "Field2": "Y", "Field3": "SEA", "Field4": "1257582", "Field5": "251810.8", "Field6": "YES", "Field7": "ACT", "Field8": "NO", "Field9": "NW 70th St", "Field10": "98117", "Field11": "40", "Field12": "24th Ave NW", "Field13": "0", "Field14": "24th Ave NW & NW 70th St", "Field15": 2 }, "geometry": null },
{ "type": "Feature", "properties": { "Field1": "19590", "Field2": "Y", "Field3": "SEA", "Field4": "1257604.3", "Field5": "253138.2", "Field6": "YES", "Field7": "ACT", "Field8": "NO", "Field9": "NW 75th St", "Field10": "98117", "Field11": "40", "Field12": "24th Ave NW", "Field13": "0", "Field14": "24th Ave NW & NW 75th St", "Field15": 2 }, "geometry": null },
{ "type": "Feature", "properties": { "Field1": "19600", "Field2": "Y", "Field3": "SEA", "Field4": "1257611.6000000001", "Field5": "253787.2", "Field6": "LTD", "Field7": "ACT", "Field8": "NO", "Field9": "NW 77th St", "Field10": "98117", "Field11": "40", "Field12": "24th Ave NW", "Field13": "0", "Field14": "24th Ave NW & NW 77th St", "Field15": 0 }, "geometry": null },
{ "type": "Feature", "properties": { "Field1": "19610", "Field2": "Y", "Field3": "SEA", "Field4": "1257623.3", "Field5": "254464.1", "Field6": "YES", "Field7": "ACT", "Field8": "NO", "Field9": "NW 80th St", "Field10": "98117", "Field11": "40", "Field12": "24th Ave NW", "Field13": "0", "Field14": "24th Ave NW & NW 80th St", "Field15": 2 }, "geometry": null },
{ "type": "Feature", "properties": { "Field1": "19620", "Field2": "Y", "Field3": "SEA", "Field4": "1257633.3", "Field5": "255048", "Field6": "YES", "Field7": "ACT", "Field8": "NO", "Field9": "NW 83rd St", "Field10": "98117", "Field11": "40", "Field12": "24th Ave NW", "Field13": "0", "Field14": "24th Ave NW & NW 83rd St", "Field15": 2 }, "geometry": null },
{ "type": "Feature", "properties": { "Field1": "19670", "Field2": "Y", "Field3": "SEA", "Field4": "1255080.3999999999", "Field5": "194739.6", "Field6": "YES", "Field7": "ACT", "Field8": "NO", "Field9": "SW Barton St", "Field10": "98136", "Field11": "C", "Field12": "Fauntleroy Way SW", "Field13": "2", "Field14": "Fauntleroy Way SW & SW Barton St", "Field15": 3 }, "geometry": null },
{ "type": "Feature", "properties": { "Field1": "19700", "Field2": "Y", "Field3": "SEA", "Field4": "1255201.5", "Field5": "197231.5", "Field6": "YES", "Field7": "ACT", "Field8": "NO", "Field9": "SW Rose St", "Field10": "98136", "Field11": "C", "Field12": "Fauntleroy Way SW", "Field13": "1", "Field14": "Fauntleroy Way SW & SW Rose St", "Field15": 3 }, "geometry": null },
{ "type": "Feature", "properties": { "Field1": "19740", "Field2": "Y", "Field3": "SEA", "Field4": "1255316.3999999999", "Field5": "199444.9", "Field6": "YES", "Field7": "ACT", "Field8": "NO", "Field9": "SW Webster St", "Field10": "98136", "Field11": "C", "Field12": "Fauntleroy Way SW", "Field13": "1", "Field14": "Fauntleroy Way SW & SW Webster St", "Field15": 3 }, "geometry": null },
{ "type": "Feature", "properties": { "Field1": "21620", "Field2": "Y", "Field3": "SEA", "Field4": "1262745", "Field5": "210921.4", "Field6": "YES", "Field7": "ACT", "Field8": "NO", "Field9": "SW Andover St", "Field10": "98106", "Field11": "125 50 H", "Field12": "Delridge Way SW", "Field13": "1", "Field14": "Delridge Way SW & SW Andover St", "Field15": 3 }, "geometry": null },
{ "type": "Feature", "properties": { "Field1": "19850", "Field2": "Y", "Field3": "SEA", "Field4": "1256822.1000000001", "Field5": "206665.2", "Field6": "YES", "Field7": "ACT", "Field8": "NO", "Field9": "SW Dawson St", "Field10": "98136", "Field11": "128 22 773", "Field12": "California Ave SW", "Field13": "0", "Field14": "California Ave SW & SW Dawson St", "Field15": 2 }, "geometry": null },
{ "type": "Feature", "properties": { "Field1": "21720", "Field2": "Y", "Field3": "SEA", "Field4": "1273194.3", "Field5": "216364.5", "Field6": "YES", "Field7": "ACT", "Field8": "NO", "Field9": "S College St", "Field10": "98134", "Field11": "124", "Field12": "Airport Way S", "Field13": "0", "Field14": "Airport Way S & S College St", "Field15": 2 }, "geometry": null },
{ "type": "Feature", "properties": { "Field1": "21730", "Field2": "Y", "Field3": "SEA", "Field4": "1273204", "Field5": "216844.5", "Field6": "YES", "Field7": "ACT", "Field8": "NO", "Field9": "S Hill St", "Field10": "98134", "Field11": "124", "Field12": "Airport Way S", "Field13": "0", "Field14": "Airport Way S & S Hill St", "Field15": 2 }, "geometry": null },
{ "type": "Feature", "properties": { "Field1": "21765", "Field2": "Y", "Field3": "SEA", "Field4": "1272120.5", "Field5": "219154.3", "Field6": "YES", "Field7": "ACT", "Field8": "NO", "Field9": "S Royal Brougham Way", "Field10": "98134", "Field11": "124 545E", "Field12": "6th Ave S", "Field13": "1", "Field14": "6th Ave S & S Royal Brougham Way", "Field15": 3 }, "geometry": null },
{ "type": "Feature", "properties": { "Field1": "23220", "Field2": "Y", "Field3": "SEA", "Field4": "1273614.2", "Field5": "262459.7", "Field6": "YES", "Field7": "ACT", "Field8": "NO", "Field9": "NE 112th St", "Field10": "98125", "Field11": "75", "Field12": "5th Ave NE", "Field13": "1", "Field14": "5th Ave NE & NE 112th St", "Field15": 3 }, "geometry": null },
{ "type": "Feature", "properties": { "Field1": "23230", "Field2": "Y", "Field3": "SEA", "Field4": "1273614.3999999999", "Field5": "261879.1", "Field6": "YES", "Field7": "ACT", "Field8": "NO", "Field9": "NE Northgate Way", "Field10": "98125", "Field11": "322 348 61 67 75", "Field12": "5th Ave NE", "Field13": "1", "Field14": "5th Ave NE & NE Northgate Way", "Field15": 3 }, "geometry": null },
{ "type": "Feature", "properties": { "Field1": "23250", "Field2": "Y", "Field3": "SEA", "Field4": "1273615.8999999999", "Field5": "261232", "Field6": "YES", "Field7": "ACT", "Field8": "NO", "Field9": "NE 106th St", "Field10": "98125", "Field11": "322 348 61 67 75", "Field12": "5th Ave NE", "Field13": "0", "Field14": "5th Ave NE & NE 106th St", "Field15": 2 }, "geometry": null },
{ "type": "Feature", "properties": { "Field1": "21500", "Field2": "Y", "Field3": "SEA", "Field4": "1262680.7", "Field5": "203201.4", "Field6": "YES", "Field7": "ACT", "Field8": "NO", "Field9": "SW Graham St", "Field10": "98106", "Field11": "H", "Field12": "Delridge Way SW", "Field13": "1", "Field14": "Delridge Way SW & SW Graham St", "Field15": 3 }, "geometry": null },
{ "type": "Feature", "properties": { "Field1": "21560", "Field2": "Y", "Field3": "SEA", "Field4": "1262759.8999999999", "Field5": "207080.6", "Field6": "YES", "Field7": "ACT", "Field8": "NO", "Field9": "SW Hudson St", "Field10": "98106", "Field11": "H", "Field12": "Delridge Way SW", "Field13": "1", "Field14": "Delridge Way SW & SW Hudson St", "Field15": 3 }, "geometry": null },
{ "type": "Feature", "properties": { "Field1": "21590", "Field2": "Y", "Field3": "SEA", "Field4": "1262694.5", "Field5": "209187.8", "Field6": "YES", "Field7": "ACT", "Field8": "NO", "Field9": "SW Oregon St", "Field10": "98106", "Field11": "125", "Field12": "Delridge Way SW", "Field13": "0", "Field14": "Delridge Way SW & SW Oregon St", "Field15": 2 }, "geometry": null },
{ "type": "Feature", "properties": { "Field1": "21600", "Field2": "Y", "Field3": "SEA", "Field4": "1262717.7", "Field5": "209852.7", "Field6": "YES", "Field7": "ACT", "Field8": "NO", "Field9": "SW Genesee St", "Field10": "98106", "Field11": "125 50 H", "Field12": "Delridge Way SW", "Field13": "1", "Field14": "Delridge Way SW & SW Genesee St", "Field15": 3 }, "geometry": null },
{ "type": "Feature", "properties": { "Field1": "21680", "Field2": "Y", "Field3": "SEA", "Field4": "1273133.1000000001", "Field5": "213290.8", "Field6": "YES", "Field7": "ACT", "Field8": "NO", "Field9": "S Horton St", "Field10": "98134", "Field11": "124", "Field12": "Airport Way S", "Field13": "0", "Field14": "Airport Way S & S Horton St", "Field15": 2 }, "geometry": null },
{ "type": "Feature", "properties": { "Field1": "21690", "Field2": "Y", "Field3": "SEA", "Field4": "1273149", "Field5": "214075.1", "Field6": "YES", "Field7": "ACT", "Field8": "NO", "Field9": "S Stevens St", "Field10": "98134", "Field11": "124", "Field12": "Airport Way S", "Field13": "0", "Field14": "Airport Way S & S Stevens St", "Field15": 2 }, "geometry": null },
{ "type": "Feature", "properties": { "Field1": "21700", "Field2": "Y", "Field3": "SEA", "Field4": "1273165.3", "Field5": "214900.8", "Field6": "YES", "Field7": "ACT", "Field8": "NO", "Field9": "S Lander St", "Field10": "98134", "Field11": "124", "Field12": "Airport Way S", "Field13": "0", "Field14": "Airport Way S & S Lander St", "Field15": 2 }, "geometry": null },
{ "type": "Feature", "properties": { "Field1": "21710", "Field2": "Y", "Field3": "SEA", "Field4": "1273178.7", "Field5": "215577.60000000001", "Field6": "YES", "Field7": "ACT", "Field8": "NO", "Field9": "S Bayview St", "Field10": "98134", "Field11": "124", "Field12": "Airport Way S", "Field13": "0", "Field14": "Airport Way S & S Bayview St", "Field15": 2 }, "geometry": null },
{ "type": "Feature", "properties": { "Field1": "22940", "Field2": "Y", "Field3": "SEA", "Field4": "1259321.3", "Field5": "202324.9", "Field6": "YES", "Field7": "ACT", "Field8": "NO", "Field9": "SW Morgan St", "Field10": "98126", "Field11": "21 21E", "Field12": "35th Ave SW", "Field13": "1", "Field14": "35th Ave SW & SW Morgan St", "Field15": 3 }, "geometry": null },
{ "type": "Feature", "properties": { "Field1": "22950", "Field2": "Y", "Field3": "SEA", "Field4": "1259300.5", "Field5": "201751.1", "Field6": "YES", "Field7": "ACT", "Field8": "NO", "Field9": "SW Holly St", "Field10": "98126", "Field11": "21 21E", "Field12": "35th Ave SW", "Field13": "0", "Field14": "35th Ave SW & SW Holly St", "Field15": 2 }, "geometry": null },
{ "type": "Feature", "properties": { "Field1": "22970", "Field2": "Y", "Field3": "SEA", "Field4": "1259253.5", "Field5": "200423.7", "Field6": "YES", "Field7": "ACT", "Field8": "NO", "Field9": "SW Myrtle St", "Field10": "98126", "Field11": "21 21E", "Field12": "35th Ave SW", "Field13": "0", "Field14": "35th Ave SW & SW Myrtle St", "Field15": 2 }, "geometry": null },
{ "type": "Feature", "properties": { "Field1": "23060", "Field2": "Y", "Field3": "SEA", "Field4": "1259106.3", "Field5": "194576.5", "Field6": "YES", "Field7": "ACT", "Field8": "NO", "Field9": "SW Henderson St", "Field10": "98126", "Field11": "21 21E", "Field12": "35th Ave SW", "Field13": "0", "Field14": "35th Ave SW & SW Henderson St", "Field15": 2 }, "geometry": null },
{ "type": "Feature", "properties": { "Field1": "23070", "Field2": "Y", "Field3": "SEA", "Field4": "1259074.2", "Field5": "193805.7", "Field6": "YES", "Field7": "ACT", "Field8": "NO", "Field9": "SW Barton St", "Field10": "98126", "Field11": "21E", "Field12": "35th Ave SW", "Field13": "1", "Field14": "35th Ave SW & SW Barton St", "Field15": 3 }, "geometry": null },
{ "type": "Feature", "properties": { "Field1": "23080", "Field2": "Y", "Field3": "SEA", "Field4": "1259052.1000000001", "Field5": "193154.1", "Field6": "YES", "Field7": "ACT", "Field8": "NO", "Field9": "SW Cambridge St", "Field10": "98126", "Field11": "21E", "Field12": "35th Ave SW", "Field13": "0", "Field14": "35th Ave SW & SW Cambridge St", "Field15": 2 }, "geometry": null },
{ "type": "Feature", "properties": { "Field1": "23180", "Field2": "Y", "Field3": "SEA", "Field4": "1273613.8", "Field5": "264554.59999999998", "Field6": "YES", "Field7": "ACT", "Field8": "NO", "Field9": "NE 120th St", "Field10": "98125", "Field11": "75", "Field12": "5th Ave NE", "Field13": "0", "Field14": "5th Ave NE & NE 120th St", "Field15": 2 }, "geometry": null },
{ "type": "Feature", "properties": { "Field1": "25201", "Field2": "Y", "Field3": "SEA", "Field4": "1279760.6000000001", "Field5": "244603.6", "Field6": "YES", "Field7": "ACT", "Field8": "NO", "Field9": "University Village AcRd", "Field10": "98195", "Field11": "31 32 65 75", "Field12": "NE 45th St", "Field13": "0", "Field14": "NE 45th St & University Village AcRd", "Field15": 2 }, "geometry": null },
{ "type": "Feature", "properties": { "Field1": "25202", "Field2": "Y", "Field3": "SEA", "Field4": "1280146", "Field5": "244612", "Field6": "YES", "Field7": "ACT", "Field8": "NO", "Field9": "University Village AcRd", "Field10": "98195", "Field11": "31 32 45 67", "Field12": "NE 45th St", "Field13": "1", "Field14": "NE 45th St & University Village AcRd", "Field15": 3 }, "geometry": null },
{ "type": "Feature", "properties": { "Field1": "25210", "Field2": "Y", "Field3": "SEA", "Field4": "1279296.6000000001", "Field5": "244544.3", "Field6": "YES", "Field7": "ACT", "Field8": "NO", "Field9": "NE 45th St", "Field10": "98195", "Field11": "45 67", "Field12": "Montlake Blvd NE", "Field13": "1", "Field14": "Montlake Blvd NE & NE 45th St", "Field15": 3 }, "geometry": null },
{ "type": "Feature", "properties": { "Field1": "25240", "Field2": "Y", "Field3": "SEA", "Field4": "1277872.2", "Field5": "240641.8", "Field6": "YES", "Field7": "ACT", "Field8": "NO", "Field9": "NE Pacific Pl", "Field10": "98195", "Field11": "44 988EN", "Field12": "Montlake Blvd NE", "Field13": "3", "Field14": "Montlake Blvd NE & NE Pacific Pl", "Field15": 3 }, "geometry": null },
{ "type": "Feature", "properties": { "Field1": "26715", "Field2": "Y", "Field3": "SEA", "Field4": "1269258.5", "Field5": "230461.3", "Field6": "YES", "Field7": "ACT", "Field8": "NO", "Field9": "Harrison St", "Field10": "98109", "Field11": "40 C", "Field12": "Westlake Ave N", "Field13": "0", "Field14": "Westlake Ave N & Harrison St", "Field15": 2 }, "geometry": null },
{ "type": "Feature", "properties": { "Field1": "29215", "Field2": "Y", "Field3": "SEA", "Field4": "1260441.2", "Field5": "247715.20000000001", "Field6": "YES", "Field7": "ACT", "Field8": "NO", "Field9": "15th Ave NW", "Field10": "98107", "Field11": "44", "Field12": "NW Market St", "Field13": "0", "Field14": "NW Market St & 15th Ave NW", "Field15": 2 }, "geometry": null },
{ "type": "Feature", "properties": { "Field1": "29217", "Field2": "Y", "Field3": "SEA", "Field4": "1261711", "Field5": "247689.5", "Field6": "YES", "Field7": "ACT", "Field8": "NO", "Field9": "11th Ave NW", "Field10": "98107", "Field11": "44", "Field12": "NW Market St", "Field13": "1", "Field14": "NW Market St & 11th Ave NW", "Field15": 3 }, "geometry": null },
{ "type": "Feature", "properties": { "Field1": "29219", "Field2": "Y", "Field3": "SEA", "Field4": "1262923.5", "Field5": "247667", "Field6": "YES", "Field7": "ACT", "Field8": "NO", "Field9": "8th Ave NW", "Field10": "98107", "Field11": "44", "Field12": "NW Market St", "Field13": "1", "Field14": "NW Market St & 8th Ave NW", "Field15": 3 }, "geometry": null },
{ "type": "Feature", "properties": { "Field1": "29220", "Field2": "Y", "Field3": "SEA", "Field4": "1263536.8999999999", "Field5": "247660.7", "Field6": "YES", "Field7": "ACT", "Field8": "NO", "Field9": "6th Ave NW", "Field10": "98107", "Field11": "44", "Field12": "NW Market St", "Field13": "0", "Field14": "NW Market St & 6th Ave NW", "Field15": 2 }, "geometry": null },
{ "type": "Feature", "properties": { "Field1": "29222", "Field2": "Y", "Field3": "SEA", "Field4": "1264397.1000000001", "Field5": "246246.6", "Field6": "YES", "Field7": "ACT", "Field8": "NO", "Field9": "NW 50th St", "Field10": "98107", "Field11": "44", "Field12": "NW Market St", "Field13": "0", "Field14": "NW Market St & NW 50th St", "Field15": 2 }, "geometry": null },
{ "type": "Feature", "properties": { "Field1": "29223", "Field2": "Y", "Field3": "SEA", "Field4": "1264791.5", "Field5": "245709.2", "Field6": "YES", "Field7": "ACT", "Field8": "NO", "Field9": "NW 48th St", "Field10": "98107", "Field11": "44", "Field12": "NW Market St", "Field13": "0", "Field14": "NW Market St & NW 48th St", "Field15": 2 }, "geometry": null },
{ "type": "Feature", "properties": { "Field1": "29225", "Field2": "Y", "Field3": "SEA", "Field4": "1265806.3999999999", "Field5": "245228.7", "Field6": "YES", "Field7": "ACT", "Field8": "NO", "Field9": "Phinney Ave N", "Field10": "98103", "Field11": "44", "Field12": "N 46th St", "Field13": "2", "Field14": "N 46th St & Phinney Ave N", "Field15": 3 }, "geometry": null },
{ "type": "Feature", "properties": { "Field1": "30520", "Field2": "Y", "Field3": "SEA", "Field4": "1274954.5", "Field5": "211486.5", "Field6": "YES", "Field7": "ACT", "Field8": "NO", "Field9": "15th Ave S", "Field10": "98144", "Field11": "50", "Field12": "S Columbian Way", "Field13": "1", "Field14": "S Columbian Way & 15th Ave S", "Field15": 3 }, "geometry": null },
{ "type": "Feature", "properties": { "Field1": "30530", "Field2": "Y", "Field3": "SEA", "Field4": "1274761.3999999999", "Field5": "212172.4", "Field6": "YES", "Field7": "ACT", "Field8": "NO", "Field9": "S Spokane St", "Field10": "98144", "Field11": "50", "Field12": "S Columbian Way", "Field13": "0", "Field14": "S Columbian Way & S Spokane St", "Field15": 2 }, "geometry": null },
{ "type": "Feature", "properties": { "Field1": "55802", "Field2": "Y", "Field3": "SEA", "Field4": "1279151.3999999999", "Field5": "210122", "Field6": "YES", "Field7": "ACT", "Field8": "NO", "Field9": "S Dakota St", "Field10": "98108", "Field11": "106", "Field12": "Martin L King Jr Way S", "Field13": "1", "Field14": "Martin L King Jr Way S & S Dakota St", "Field15": 3 }, "geometry": null },
{ "type": "Feature", "properties": { "Field1": "55812", "Field2": "Y", "Field3": "SEA", "Field4": "1279164.3", "Field5": "210707.9", "Field6": "YES", "Field7": "ACT", "Field8": "NO", "Field9": "S Andover St", "Field10": "98108", "Field11": "106", "Field12": "Martin L King Jr Way S", "Field13": "1", "Field14": "Martin L King Jr Way S & S Andover St", "Field15": 3 }, "geometry": null },
{ "type": "Feature", "properties": { "Field1": "41990", "Field2": "Y", "Field3": "SEA", "Field4": "1272104.1000000001", "Field5": "225160.5", "Field6": "YES", "Field7": "ACT", "Field8": "NO", "Field9": "Marion St", "Field10": "98104", "Field11": "193E 60", "Field12": "9th Ave", "Field13": "1", "Field14": "9th Ave & Marion St", "Field15": 3 }, "geometry": null },
{ "type": "Feature", "properties": { "Field1": "42000", "Field2": "Y", "Field3": "SEA", "Field4": "1272398.6000000001", "Field5": "224663.8", "Field6": "YES", "Field7": "ACT", "Field8": "NO", "Field9": "Cherry St", "Field10": "98104", "Field11": "193E 60", "Field12": "9th Ave", "Field13": "0", "Field14": "9th Ave & Cherry St", "Field15": 2 }, "geometry": null },
{ "type": "Feature", "properties": { "Field1": "43788", "Field2": "Y", "Field3": "SEA", "Field4": "1279653.6000000001", "Field5": "228377.7", "Field6": "YES", "Field7": "ACT", "Field8": "NO", "Field9": "E Olive St", "Field10": "98122", "Field11": "8 988EN", "Field12": "Martin L King Jr Way", "Field13": "0", "Field14": "Martin L King Jr Way & E Olive St", "Field15": 2 }, "geometry": null },
{ "type": "Feature", "properties": { "Field1": "45990", "Field2": "Y", "Field3": "SEA", "Field4": "1271752.7", "Field5": "201236.2", "Field6": "NO", "Field7": "ACT", "Field8": "NO", "Field9": "S Brighton St", "Field10": "98108", "Field12": "East Marginal Way S", "Field13": "0", "Field14": "East Marginal Way S & S Brighton St", "Field15": 0 }, "geometry": null },
{ "type": "Feature", "properties": { "Field1": "46010", "Field2": "Y", "Field3": "SEA", "Field4": "1272278.3999999999", "Field5": "200771.1", "Field6": "NO", "Field7": "ACT", "Field8": "NO", "Field9": "Corson Ave S", "Field10": "98108", "Field12": "East Marginal Way S", "Field13": "0", "Field14": "East Marginal Way S & Corson Ave S", "Field15": 0 }, "geometry": null },
{ "type": "Feature", "properties": { "Field1": "55831", "Field2": "Y", "Field3": "SEA", "Field4": "1279205.3999999999", "Field5": "212202.8", "Field6": "YES", "Field7": "ACT", "Field8": "NO", "Field9": "S Walden St", "Field10": "98144", "Field11": "106", "Field12": "Martin L King Jr Way S", "Field13": "1", "Field14": "Martin L King Jr Way S & S Walden St", "Field15": 3 }, "geometry": null },
{ "type": "Feature", "properties": { "Field1": "55851", "Field2": "Y", "Field3": "SEA", "Field4": "1279233.6000000001", "Field5": "213159.9", "Field6": "YES", "Field7": "ACT", "Field8": "NO", "Field9": "S Hanford St", "Field10": "98144", "Field11": "106", "Field12": "Martin L King Jr Way S", "Field13": "1", "Field14": "Martin L King Jr Way S & S Hanford St", "Field15": 3 }, "geometry": null },
{ "type": "Feature", "properties": { "Field1": "55860", "Field2": "Y", "Field3": "SEA", "Field4": "1278933.2", "Field5": "213897.1", "Field6": "YES", "Field7": "ACT", "Field8": "NO", "Field9": "S Stevens St", "Field10": "98144", "Field11": "599", "Field12": "ST Light Rail", "Field13": "0", "Field14": "ST Light Rail & S Stevens St", "Field15": 2 }, "geometry": null },
{ "type": "Feature", "properties": { "Field1": "30538", "Field2": "Y", "Field3": "SEA", "Field4": "1271262.8999999999", "Field5": "212237.3", "Field6": "YES", "Field7": "ACT", "Field8": "NO", "Field9": "S Spokane St", "Field10": "98134", "Field11": "131 132", "Field12": "4th Ave S", "Field13": "0", "Field14": "4th Ave S & S Spokane St", "Field15": 2 }, "geometry": null },
{ "type": "Feature", "properties": { "Field1": "30550", "Field2": "Y", "Field3": "SEA", "Field4": "1271244.7", "Field5": "213411.5", "Field6": "YES", "Field7": "ACT", "Field8": "NO", "Field9": "S Hanford St", "Field10": "98134", "Field11": "131 132", "Field12": "4th Ave S", "Field13": "0", "Field14": "4th Ave S & S Hanford St", "Field15": 2 }, "geometry": null },
{ "type": "Feature", "properties": { "Field1": "30570", "Field2": "Y", "Field3": "SEA", "Field4": "1271281.3999999999", "Field5": "215238", "Field6": "YES", "Field7": "ACT", "Field8": "NO", "Field9": "S Lander St", "Field10": "98134", "Field11": "131 132", "Field12": "4th Ave S", "Field13": "1", "Field14": "4th Ave S & S Lander St", "Field15": 3 }, "geometry": null },
{ "type": "Feature", "properties": { "Field1": "30590", "Field2": "Y", "Field3": "SEA", "Field4": "1271306", "Field5": "216496.1", "Field6": "YES", "Field7": "ACT", "Field8": "NO", "Field9": "S Walker St", "Field10": "98134", "Field11": "131 132", "Field12": "4th Ave S", "Field13": "0", "Field14": "4th Ave S & S Walker St", "Field15": 2 }, "geometry": null },
{ "type": "Feature", "properties": { "Field1": "30600", "Field2": "Y", "Field3": "SEA", "Field4": "1271324.3999999999", "Field5": "217509.1", "Field6": "YES", "Field7": "ACT", "Field8": "NO", "Field9": "S Holgate St", "Field10": "98134", "Field11": "131 132", "Field12": "4th Ave S", "Field13": "1", "Field14": "4th Ave S & S Holgate St", "Field15": 3 }, "geometry": null },
{ "type": "Feature", "properties": { "Field1": "32030", "Field2": "Y", "Field3": "SEA", "Field4": "1256439.3999999999", "Field5": "194262.8", "Field6": "YES", "Field7": "ACT", "Field8": "NO", "Field9": "SW Barton St", "Field10": "98136", "Field11": "C", "Field12": "California Ave SW", "Field13": "0", "Field14": "California Ave SW & SW Barton St", "Field15": 2 }, "geometry": null },
{ "type": "Feature", "properties": { "Field1": "32100", "Field2": "Y", "Field3": "SEA", "Field4": "1271202.2", "Field5": "195629.5", "Field6": "YES", "Field7": "ACT", "Field8": "NO", "Field9": "5th Ave S", "Field10": "98108", "Field11": "60", "Field12": "S Cloverdale St", "Field13": "1", "Field14": "S Cloverdale St & 5th Ave S", "Field15": 3 }, "geometry": null },
{ "type": "Feature", "properties": { "Field1": "32980", "Field2": "Y", "Field3": "SEA", "Field4": "1253252.3", "Field5": "207451.5", "Field6": "YES", "Field7": "ACT", "Field8": "NO", "Field9": "SW Beach Drive Ter", "Field10": "98116", "Field12": "Beach Dr SW", "Field13": "0", "Field14": "Beach Dr SW & SW Beach Drive Ter", "Field15": 2 }, "geometry": null },
{ "type": "Feature", "properties": { "Field1": "32990", "Field2": "Y", "Field3": "SEA", "Field4": "1253416.6000000001", "Field5": "207120", "Field6": "YES", "Field7": "ACT", "Field8": "NO", "Field9": "SW Beach Drive Ter", "Field10": "98136", "Field12": "Beach Dr SW", "Field13": "0", "Field14": "Beach Dr SW & SW Beach Drive Ter", "Field15": 2 }, "geometry": null },
{ "type": "Feature", "properties": { "Field1": "33010", "Field2": "Y", "Field3": "SEA", "Field4": "1253753", "Field5": "206042.6", "Field6": "YES", "Field7": "ACT", "Field8": "NO", "Field9": "SW Shore Pl", "Field10": "98136", "Field12": "Beach Dr SW", "Field13": "0", "Field14": "Beach Dr SW & SW Shore Pl", "Field15": 2 }, "geometry": null },
{ "type": "Feature", "properties": { "Field1": "33020", "Field2": "Y", "Field3": "SEA", "Field4": "1254059", "Field5": "205328.7", "Field6": "YES", "Field7": "ACT", "Field8": "NO", "Field9": "SW Shore Pl", "Field10": "98136", "Field12": "Beach Dr SW", "Field13": "0", "Field14": "Beach Dr SW & SW Shore Pl", "Field15": 2 }, "geometry": null },
{ "type": "Feature", "properties": { "Field1": "33030", "Field2": "Y", "Field3": "SEA", "Field4": "1254114.8999999999", "Field5": "204634.8", "Field6": "YES", "Field7": "ACT", "Field8": "NO", "Field9": "Atlas Pl SW", "Field10": "98136", "Field12": "Beach Dr SW", "Field13": "0", "Field14": "Beach Dr SW & Atlas Pl SW", "Field15": 2 }, "geometry": null },
{ "type": "Feature", "properties": { "Field1": "33040", "Field2": "Y", "Field3": "SEA", "Field4": "1254013.7", "Field5": "203709.3", "Field6": "LTD", "Field7": "ACT", "Field8": "NO", "Field9": "Atlas Pl SW", "Field10": "98136", "Field12": "Beach Dr SW", "Field13": "0", "Field14": "Beach Dr SW & Atlas Pl SW", "Field15": 0 }, "geometry": null },
{ "type": "Feature", "properties": { "Field1": "33050", "Field2": "Y", "Field3": "SEA", "Field4": "1253883.5", "Field5": "203389.5", "Field6": "LTD", "Field7": "ACT", "Field8": "NO", "Field9": "Atlas Pl SW", "Field10": "98136", "Field12": "Beach Dr SW", "Field13": "0", "Field14": "Beach Dr SW & Atlas Pl SW", "Field15": 0 }, "geometry": null },
{ "type": "Feature", "properties": { "Field1": "33060", "Field2": "Y", "Field3": "SEA", "Field4": "1253942.7", "Field5": "202961.5", "Field6": "NO", "Field7": "ACT", "Field8": "NO", "Field9": "Atlas Pl SW", "Field10": "98136", "Field12": "Beach Dr SW", "Field13": "0", "Field14": "Beach Dr SW & Atlas Pl SW", "Field15": 0 }, "geometry": null },
{ "type": "Feature", "properties": { "Field1": "33070", "Field2": "Y", "Field3": "SEA", "Field4": "1254362.7", "Field5": "202078.1", "Field6": "LTD", "Field7": "ACT", "Field8": "NO", "Field9": "48th Ave SW", "Field10": "98136", "Field12": "Beach Dr SW", "Field13": "0", "Field14": "Beach Dr SW & 48th Ave SW", "Field15": 0 }, "geometry": null },
{ "type": "Feature", "properties": { "Field1": "33080", "Field2": "Y", "Field3": "SEA", "Field4": "1254358", "Field5": "201192.5", "Field6": "YES", "Field7": "ACT", "Field8": "NO", "Field9": "48th Ave SW", "Field10": "98136", "Field12": "Beach Dr SW", "Field13": "0", "Field14": "Beach Dr SW & 48th Ave SW", "Field15": 2 }, "geometry": null },
{ "type": "Feature", "properties": { "Field1": "33090", "Field2": "Y", "Field3": "SEA", "Field4": "1254680.3", "Field5": "201621.6", "Field6": "YES", "Field7": "ACT", "Field8": "NO", "Field9": "Holly Ct SW", "Field10": "98136", "Field12": "48th Ave SW", "Field13": "0", "Field14": "48th Ave SW & Holly Ct SW", "Field15": 2 }, "geometry": null },
{ "type": "Feature", "properties": { "Field1": "35860", "Field2": "Y", "Field3": "SEA", "Field4": "1278004.1000000001", "Field5": "226868.2", "Field6": "YES", "Field7": "ACT", "Field8": "NO", "Field9": "E Union St", "Field10": "98122", "Field11": "48", "Field12": "23rd Ave", "Field13": "1", "Field14": "23rd Ave & E Union St", "Field15": 3 }, "geometry": null },
{ "type": "Feature", "properties": { "Field1": "35890", "Field2": "Y", "Field3": "SEA", "Field4": "1278007.8", "Field5": "220614.9", "Field6": "YES", "Field7": "ACT", "Field8": "NO", "Field9": "S Dearborn St", "Field10": "98144", "Field11": "48", "Field12": "23rd Ave S", "Field13": "0", "Field14": "23rd Ave S & S Dearborn St", "Field15": 2 }, "geometry": null },
{ "type": "Feature", "properties": { "Field1": "35910", "Field2": "Y", "Field3": "SEA", "Field4": "1277937.1000000001", "Field5": "219272.4", "Field6": "YES", "Field7": "ACT", "Field8": "NO", "Field9": "S Judkins St", "Field10": "98144", "Field11": "48", "Field12": "23rd Ave S", "Field13": "0", "Field14": "23rd Ave S & S Judkins St", "Field15": 2 }, "geometry": null },
{ "type": "Feature", "properties": { "Field1": "37490", "Field2": "Y", "Field3": "SEA", "Field4": "1283569.5", "Field5": "249865.3", "Field6": "YES", "Field7": "ACT", "Field8": "NO", "Field9": "43rd Ave NE", "Field10": "98115", "Field11": "62", "Field12": "NE 65th St", "Field13": "0", "Field14": "NE 65th St & 43rd Ave NE", "Field15": 2 }, "geometry": null },
{ "type": "Feature", "properties": { "Field1": "37500", "Field2": "Y", "Field3": "SEA", "Field4": "1284236.7", "Field5": "249852.7", "Field6": "YES", "Field7": "ACT", "Field8": "NO", "Field9": "45th Ave NE", "Field10": "98115", "Field11": "62", "Field12": "NE 65th St", "Field13": "0", "Field14": "NE 65th St & 45th Ave NE", "Field15": 2 }, "geometry": null },
{ "type": "Feature", "properties": { "Field1": "37510", "Field2": "Y", "Field3": "SEA", "Field4": "1284795.8", "Field5": "249839.3", "Field6": "YES", "Field7": "ACT", "Field8": "NO", "Field9": "Wellesley Way NE", "Field10": "98115", "Field11": "62", "Field12": "NE 65th St", "Field13": "0", "Field14": "NE 65th St & Wellesley Way NE", "Field15": 2 }, "geometry": null },
{ "type": "Feature", "properties": { "Field1": "37520", "Field2": "Y", "Field3": "SEA", "Field4": "1285148.8999999999", "Field5": "249830.8", "Field6": "YES", "Field7": "ACT", "Field8": "NO", "Field9": "Princeton Ave NE", "Field10": "98115", "Field11": "79", "Field12": "NE 65th St", "Field13": "0", "Field14": "NE 65th St & Princeton Ave NE", "Field15": 2 }, "geometry": null },
{ "type": "Feature", "properties": { "Field1": "37530", "Field2": "Y", "Field3": "SEA", "Field4": "1285468.8999999999", "Field5": "250590.1", "Field6": "LTD", "Field7": "ACT", "Field8": "NO", "Field9": "NE 68th St", "Field10": "98115", "Field11": "79", "Field12": "50th Ave NE", "Field13": "0", "Field14": "50th Ave NE & NE 68th St", "Field15": 0 }, "geometry": null },
{ "type": "Feature", "properties": { "Field1": "37540", "Field2": "Y", "Field3": "SEA", "Field4": "1285470.3", "Field5": "251097.1", "Field6": "YES", "Field7": "ACT", "Field8": "NO", "Field9": "NE 70th St", "Field10": "98115", "Field11": "79", "Field12": "50th Ave NE", "Field13": "0", "Field14": "50th Ave NE & NE 70th St", "Field15": 2 }, "geometry": null },
{ "type": "Feature", "properties": { "Field1": "27290", "Field2": "Y", "Field3": "SEA", "Field4": "1281059", "Field5": "223439", "Field6": "NO", "Field7": "ACT", "Field8": "NO", "Field9": "E Spruce St", "Field10": "98122", "Field11": "27", "Field12": "Lake Dell Ave", "Field13": "0", "Field14": "Lake Dell Ave & E Spruce St", "Field15": 0 }, "geometry": null },
{ "type": "Feature", "properties": { "Field1": "27300", "Field2": "Y", "Field3": "SEA", "Field4": "1280786.1000000001", "Field5": "223069.8", "Field6": "YES", "Field7": "ACT", "Field8": "NO", "Field9": "32nd Ave", "Field10": "98122", "Field11": "27", "Field12": "Lake Dell Ave", "Field13": "0", "Field14": "Lake Dell Ave & 32nd Ave", "Field15": 2 }, "geometry": null },
{ "type": "Feature", "properties": { "Field1": "27310", "Field2": "Y", "Field3": "SEA", "Field4": "1280639", "Field5": "222871.4", "Field6": "YES", "Field7": "ACT", "Field8": "NO", "Field9": "32nd Ave", "Field10": "98122", "Field11": "27", "Field12": "E Yesler Way", "Field13": "0", "Field14": "E Yesler Way & 32nd Ave", "Field15": 2 }, "geometry": null },
{ "type": "Feature", "properties": { "Field1": "27320", "Field2": "Y", "Field3": "SEA", "Field4": "1279760.6000000001", "Field5": "222890.6", "Field6": "YES", "Field7": "ACT", "Field8": "NO", "Field9": "29th Ave", "Field10": "98122", "Field11": "27", "Field12": "E Yesler Way", "Field13": "1", "Field14": "E Yesler Way & 29th Ave", "Field15": 3 }, "geometry": null },
{ "type": "Feature", "properties": { "Field1": "27335", "Field2": "Y", "Field3": "SEA", "Field4": "1279051.5", "Field5": "222906.3", "Field6": "YES", "Field7": "ACT", "Field8": "NO", "Field9": "27th Ave", "Field10": "98122", "Field11": "27 8", "Field12": "E Yesler Way", "Field13": "1", "Field14": "E Yesler Way & 27th Ave", "Field15": 3 }, "geometry": null },
{ "type": "Feature", "properties": { "Field1": "27350", "Field2": "Y", "Field3": "SEA", "Field4": "1278065", "Field5": "222927.7", "Field6": "YES", "Field7": "ACT", "Field8": "NO", "Field9": "23rd Ave", "Field10": "98144", "Field11": "27", "Field12": "E Yesler Way", "Field13": "1", "Field14": "E Yesler Way & 23rd Ave", "Field15": 3 }, "geometry": null },
{ "type": "Feature", "properties": { "Field1": "27360", "Field2": "Y", "Field3": "SEA", "Field4": "1277256.7", "Field5": "222945.4", "Field6": "YES", "Field7": "ACT", "Field8": "NO", "Field9": "21st Ave", "Field10": "98122", "Field11": "27", "Field12": "E Yesler Way", "Field13": "1", "Field14": "E Yesler Way & 21st Ave", "Field15": 3 }, "geometry": null },
{ "type": "Feature", "properties": { "Field1": "27370", "Field2": "Y", "Field3": "SEA", "Field4": "1276621.6000000001", "Field5": "222961.2", "Field6": "YES", "Field7": "ACT", "Field8": "NO", "Field9": "19th Ave", "Field10": "98122", "Field11": "27", "Field12": "E Yesler Way", "Field13": "1", "Field14": "E Yesler Way & 19th Ave", "Field15": 3 }, "geometry": null },
{ "type": "Feature", "properties": { "Field1": "27380", "Field2": "Y", "Field3": "SEA", "Field4": "1275953.8", "Field5": "222975.9", "Field6": "YES", "Field7": "ACT", "Field8": "NO", "Field9": "17th Ave", "Field10": "98122", "Field11": "27", "Field12": "E Yesler Way", "Field13": "0", "Field14": "E Yesler Way & 17th Ave", "Field15": 2 }, "geometry": null },
{ "type": "Feature", "properties": { "Field1": "37550", "Field2": "Y", "Field3": "SEA", "Field4": "1285473", "Field5": "251879.9", "Field6": "YES", "Field7": "ACT", "Field8": "NO", "Field9": "NE 73rd St", "Field10": "98115", "Field11": "79", "Field12": "50th Ave NE", "Field13": "0", "Field14": "50th Ave NE & NE 73rd St", "Field15": 2 }, "geometry": null },
{ "type": "Feature", "properties": { "Field1": "37560", "Field2": "Y", "Field3": "SEA", "Field4": "1285385", "Field5": "252474.1", "Field6": "YES", "Field7": "ACT", "Field8": "NO", "Field9": "50th Ave NE", "Field10": "98115", "Field11": "79", "Field12": "NE 75th St", "Field13": "0", "Field14": "NE 75th St & 50th Ave NE", "Field15": 2 }, "geometry": null },
{ "type": "Feature", "properties": { "Field1": "37570", "Field2": "Y", "Field3": "SEA", "Field4": "1284799.2", "Field5": "252485.7", "Field6": "YES", "Field7": "ACT", "Field8": "NO", "Field9": "48th Ave NE", "Field10": "98115", "Field11": "79", "Field12": "NE 75th St", "Field13": "0", "Field14": "NE 75th St & 48th Ave NE", "Field15": 2 }, "geometry": null },
{ "type": "Feature", "properties": { "Field1": "37571", "Field2": "Y", "Field3": "SEA", "Field4": "1283871", "Field5": "252504.7", "Field6": "YES", "Field7": "ACT", "Field8": "NO", "Field9": "44th Ave NE", "Field10": "98115", "Field11": "79", "Field12": "NE 75th St", "Field13": "0", "Field14": "NE 75th St & 44th Ave NE", "Field15": 2 }, "geometry": null },
{ "type": "Feature", "properties": { "Field1": "27560", "Field2": "Y", "Field3": "SEA", "Field4": "1277457.3", "Field5": "222941", "Field6": "YES", "Field7": "ACT", "Field8": "NO", "Field9": "22nd Ave S", "Field10": "98122", "Field11": "27", "Field12": "E Yesler Way", "Field13": "0", "Field14": "E Yesler Way & 22nd Ave S", "Field15": 2 }, "geometry": null },
{ "type": "Feature", "properties": { "Field1": "27570", "Field2": "Y", "Field3": "SEA", "Field4": "1278175", "Field5": "222925.6", "Field6": "YES", "Field7": "ACT", "Field8": "NO", "Field9": "23rd Ave S", "Field10": "98122", "Field11": "27 8", "Field12": "E Yesler Way", "Field13": "1", "Field14": "E Yesler Way & 23rd Ave S", "Field15": 3 }, "geometry": null },
{ "type": "Feature", "properties": { "Field1": "55735", "Field2": "Y", "Field3": "SEA", "Field4": "1280784.2", "Field5": "205930.1", "Field6": "YES", "Field7": "ACT", "Field8": "NO", "Field9": "S Dawson St", "Field10": "98118", "Field11": "106", "Field12": "Martin L King Jr Way S", "Field13": "1", "Field14": "Martin L King Jr Way S & S Dawson St", "Field15": 3 }, "geometry": null },
{ "type": "Feature", "properties": { "Field1": "39230", "Field2": "Y", "Field3": "SEA", "Field4": "1276303.2", "Field5": "264677.7", "Field6": "YES", "Field7": "ACT", "Field8": "NO", "Field9": "NE 120th St", "Field10": "98125", "Field11": "348", "Field12": "15th Ave NE", "Field13": "0", "Field14": "15th Ave NE & NE 120th St", "Field15": 2 }, "geometry": null },
{ "type": "Feature", "properties": { "Field1": "39240", "Field2": "Y", "Field3": "SEA", "Field4": "1276300.8", "Field5": "265348.7", "Field6": "YES", "Field7": "ACT", "Field8": "NO", "Field9": "NE 123rd St", "Field10": "98125", "Field11": "348", "Field12": "15th Ave NE", "Field13": "0", "Field14": "15th Ave NE & NE 123rd St", "Field15": 2 }, "geometry": null },
{ "type": "Feature", "properties": { "Field1": "39250", "Field2": "Y", "Field3": "SEA", "Field4": "1276303", "Field5": "266110.3", "Field6": "YES", "Field7": "ACT", "Field8": "NO", "Field9": "NE 125th St", "Field10": "98125", "Field11": "348", "Field12": "15th Ave NE", "Field13": "0", "Field14": "15th Ave NE & NE 125th St", "Field15": 2 }, "geometry": null },
{ "type": "Feature", "properties": { "Field1": "40801", "Field2": "Y", "Field3": "SEA", "Field4": "1269114.1000000001", "Field5": "205586.5", "Field6": "NO", "Field7": "ACT", "Field8": "NO", "Field9": "S Lucile St", "Field10": "98134", "Field11": "113", "Field12": "East Marginal Way S", "Field13": "0", "Field14": "East Marginal Way S & S Lucile St", "Field15": 0 }, "geometry": null },
{ "type": "Feature", "properties": { "Field1": "27590", "Field2": "Y", "Field3": "SEA", "Field4": "1279208.2", "Field5": "222902.8", "Field6": "YES", "Field7": "ACT", "Field8": "NO", "Field9": "27th Ave S", "Field10": "98122", "Field11": "27 8", "Field12": "E Yesler Way", "Field13": "0", "Field14": "E Yesler Way & 27th Ave S", "Field15": 2 }, "geometry": null },
{ "type": "Feature", "properties": { "Field1": "27600", "Field2": "Y", "Field3": "SEA", "Field4": "1279705.6000000001", "Field5": "222891.8", "Field6": "YES", "Field7": "ACT", "Field8": "NO", "Field9": "28th Ave S", "Field10": "98122", "Field11": "27", "Field12": "E Yesler Way", "Field13": "0", "Field14": "E Yesler Way & 28th Ave S", "Field15": 2 }, "geometry": null },
{ "type": "Feature", "properties": { "Field1": "27610", "Field2": "Y", "Field3": "SEA", "Field4": "1280127.5", "Field5": "222882.5", "Field6": "YES", "Field7": "ACT", "Field8": "NO", "Field9": "30th Ave S", "Field10": "98122", "Field11": "27", "Field12": "E Yesler Way", "Field13": "0", "Field14": "E Yesler Way & 30th Ave S", "Field15": 2 }, "geometry": null },
{ "type": "Feature", "properties": { "Field1": "27620", "Field2": "Y", "Field3": "SEA", "Field4": "1280670.8999999999", "Field5": "222870.7", "Field6": "YES", "Field7": "ACT", "Field8": "NO", "Field9": "32nd Ave S", "Field10": "98122", "Field11": "27", "Field12": "E Yesler Way", "Field13": "0", "Field14": "E Yesler Way & 32nd Ave S", "Field15": 2 }, "geometry": null },
{ "type": "Feature", "properties": { "Field1": "27630", "Field2": "Y", "Field3": "SEA", "Field4": "1280864.1000000001", "Field5": "223068", "Field6": "YES", "Field7": "ACT", "Field8": "NO", "Field9": "32nd Ave S", "Field10": "98122", "Field11": "27", "Field12": "Lake Dell Ave", "Field13": "0", "Field14": "Lake Dell Ave & 32nd Ave S", "Field15": 2 }, "geometry": null },
{ "type": "Feature", "properties": { "Field1": "27640", "Field2": "Y", "Field3": "SEA", "Field4": "1281052.3999999999", "Field5": "223447.9", "Field6": "LTD", "Field7": "ACT", "Field8": "NO", "Field9": "E Spruce St", "Field10": "98122", "Field11": "27", "Field12": "Lake Dell Ave", "Field13": "0", "Field14": "Lake Dell Ave & E Spruce St", "Field15": 0 }, "geometry": null },
{ "type": "Feature", "properties": { "Field1": "27660", "Field2": "Y", "Field3": "SEA", "Field4": "1281638.8", "Field5": "223849.2", "Field6": "YES", "Field7": "ACT", "Field8": "NO", "Field9": "35th Ave", "Field10": "98122", "Field11": "27", "Field12": "E Alder St", "Field13": "0", "Field14": "E Alder St & 35th Ave", "Field15": 2 }, "geometry": null },
{ "type": "Feature", "properties": { "Field1": "27670", "Field2": "Y", "Field3": "SEA", "Field4": "1282273.7", "Field5": "223648.5", "Field6": "YES", "Field7": "ACT", "Field8": "NO", "Field9": "Erie Ave", "Field10": "98122", "Field11": "27", "Field12": "E Alder St", "Field13": "0", "Field14": "E Alder St & Erie Ave", "Field15": 2 }, "geometry": null },
{ "type": "Feature", "properties": { "Field1": "29231", "Field2": "Y", "Field3": "SEA", "Field4": "1268751.8999999999", "Field5": "244895.5", "Field6": "YES", "Field7": "ACT", "Field8": "NO", "Field9": "Stone Way N", "Field10": "98103", "Field11": "44 62", "Field12": "N 45th St", "Field13": "1", "Field14": "N 45th St & Stone Way N", "Field15": 3 }, "geometry": null },
{ "type": "Feature", "properties": { "Field1": "30460", "Field2": "Y", "Field3": "SEA", "Field4": "1277035.7", "Field5": "207644.79999999999", "Field6": "YES", "Field7": "ACT", "Field8": "NO", "Field9": "Beacon Ave S", "Field10": "98108", "Field11": "50", "Field12": "S Columbian Way", "Field13": "1", "Field14": "S Columbian Way & Beacon Ave S", "Field15": 3 }, "geometry": null },
{ "type": "Feature", "properties": { "Field1": "30480", "Field2": "Y", "Field3": "SEA", "Field4": "1275464.7", "Field5": "208650", "Field6": "YES", "Field7": "ACT", "Field8": "NO", "Field9": "VA Hospital AcRd", "Field10": "98108", "Field11": "50", "Field12": "S Columbian Way", "Field13": "0", "Field14": "S Columbian Way & VA Hospital AcRd", "Field15": 2 }, "geometry": null },
{ "type": "Feature", "properties": { "Field1": "30489", "Field2": "Y", "Field3": "SEA", "Field4": "1275124.3999999999", "Field5": "209038.9", "Field6": "YES", "Field7": "ACT", "Field8": "NO", "Field9": "S Oregon St", "Field10": "98108", "Field11": "50", "Field12": "S Columbian Way", "Field13": "1", "Field14": "S Columbian Way & S Oregon St", "Field15": 3 }, "geometry": null },
{ "type": "Feature", "properties": { "Field1": "30490", "Field2": "Y", "Field3": "SEA", "Field4": "1275099.6000000001", "Field5": "209070.2", "Field6": "YES", "Field7": "ACT", "Field8": "NO", "Field9": "S Oregon St", "Field10": "98108", "Field11": "50", "Field12": "S Columbian Way", "Field13": "0", "Field14": "S Columbian Way & S Oregon St", "Field15": 2 }, "geometry": null },
{ "type": "Feature", "properties": { "Field1": "30510", "Field2": "Y", "Field3": "SEA", "Field4": "1275040.7", "Field5": "210516.1", "Field6": "YES", "Field7": "ACT", "Field8": "NO", "Field9": "S Dakota St", "Field10": "98108", "Field11": "107 50 60", "Field12": "15th Ave S", "Field13": "1", "Field14": "15th Ave S & S Dakota St", "Field15": 3 }, "geometry": null },
{ "type": "Feature", "properties": { "Field1": "31920", "Field2": "Y", "Field3": "SEA", "Field4": "1257097.2", "Field5": "215761", "Field6": "YES", "Field7": "ACT", "Field8": "NO", "Field9": "SW Admiral Way", "Field10": "98116", "Field11": "128 50", "Field12": "California Ave SW", "Field13": "1", "Field14": "California Ave SW & SW Admiral Way", "Field15": 3 }, "geometry": null },
{ "type": "Feature", "properties": { "Field1": "55771", "Field2": "Y", "Field3": "SEA", "Field4": "1280286.8", "Field5": "207264.6", "Field6": "YES", "Field7": "ACT", "Field8": "NO", "Field9": "S Edmunds St", "Field10": "98108", "Field11": "106", "Field12": "Martin L King Jr Way S", "Field13": "1", "Field14": "Martin L King Jr Way S & S Edmunds St", "Field15": 3 }, "geometry": null },
{ "type": "Feature", "properties": { "Field1": "55778", "Field2": "Y", "Field3": "SEA", "Field4": "1280044.3", "Field5": "207779.6", "Field6": "YES", "Field7": "ACT", "Field8": "NO", "Field9": "S Alaska St", "Field10": "98108", "Field11": "599", "Field12": "ST Light Rail", "Field13": "0", "Field14": "ST Light Rail & S Alaska St", "Field15": 2 }, "geometry": null },
{ "type": "Feature", "properties": { "Field1": "55780", "Field2": "Y", "Field3": "SEA", "Field4": "1279957.3", "Field5": "208097.9", "Field6": "YES", "Field7": "ACT", "Field8": "NO", "Field9": "S Alaska St", "Field10": "98108", "Field11": "106", "Field12": "Martin L King Jr Way S", "Field13": "0", "Field14": "Martin L King Jr Way S & S Alaska St", "Field15": 2 }, "geometry": null },
{ "type": "Feature", "properties": { "Field1": "55790", "Field2": "Y", "Field3": "SEA", "Field4": "1279615.5", "Field5": "208902.7", "Field6": "YES", "Field7": "ACT", "Field8": "NO", "Field9": "S Oregon St", "Field10": "98108", "Field11": "106", "Field12": "Martin L King Jr Way S", "Field13": "1", "Field14": "Martin L King Jr Way S & S Oregon St", "Field15": 3 }, "geometry": null },
{ "type": "Feature", "properties": { "Field1": "40802", "Field2": "Y", "Field3": "SEA", "Field4": "1268628.7", "Field5": "207058.9", "Field6": "LTD", "Field7": "ACT", "Field8": "NO", "Field9": "S Hudson St", "Field10": "98134", "Field11": "113", "Field12": "East Marginal Way S", "Field13": "0", "Field14": "East Marginal Way S & S Hudson St", "Field15": 0 }, "geometry": null },
{ "type": "Feature", "properties": { "Field1": "40804", "Field2": "Y", "Field3": "SEA", "Field4": "1268590", "Field5": "207880.3", "Field6": "YES", "Field7": "ACT", "Field8": "NO", "Field9": "S Alaska St", "Field10": "98134", "Field11": "113", "Field12": "East Marginal Way S", "Field13": "1", "Field14": "East Marginal Way S & S Alaska St", "Field15": 3 }, "geometry": null },
{ "type": "Feature", "properties": { "Field1": "41880", "Field2": "Y", "Field3": "SEA", "Field4": "1275132.1000000001", "Field5": "214041.9", "Field6": "YES", "Field7": "ACT", "Field8": "NO", "Field9": "S Stevens St", "Field10": "98144", "Field11": "107 60", "Field12": "15th Ave S", "Field13": "0", "Field14": "15th Ave S & S Stevens St", "Field15": 2 }, "geometry": null },
{ "type": "Feature", "properties": { "Field1": "41900", "Field2": "Y", "Field3": "SEA", "Field4": "1274341.2", "Field5": "222186.4", "Field6": "YES", "Field7": "ACT", "Field8": "NO", "Field9": "S Jackson St", "Field10": "98144", "Field11": "60 9E", "Field12": "12th Ave S", "Field13": "1", "Field14": "12th Ave S & S Jackson St", "Field15": 3 }, "geometry": null },
{ "type": "Feature", "properties": { "Field1": "41902", "Field2": "Y", "Field3": "SEA", "Field4": "1274148.3999999999", "Field5": "223095.1", "Field6": "YES", "Field7": "ACT", "Field8": "NO", "Field9": "E Yesler Way", "Field10": "98122", "Field11": "43 630 9E", "Field12": "Boren Ave", "Field13": "1", "Field14": "Boren Ave & E Yesler Way", "Field15": 3 }, "geometry": null },
{ "type": "Feature", "properties": { "Field1": "41904", "Field2": "Y", "Field3": "SEA", "Field4": "1273509.2", "Field5": "224393.9", "Field6": "YES", "Field7": "ACT", "Field8": "NO", "Field9": "E Terrace St", "Field10": "98122", "Field11": "43 96N 9E", "Field12": "Broadway", "Field13": "0", "Field14": "Broadway & E Terrace St", "Field15": 2 }, "geometry": null },
{ "type": "Feature", "properties": { "Field1": "41908", "Field2": "Y", "Field3": "SEA", "Field4": "1273538.8999999999", "Field5": "226050.1", "Field6": "YES", "Field7": "ACT", "Field8": "NO", "Field9": "E Marion St", "Field10": "98122", "Field11": "43 96N 9E", "Field12": "Broadway", "Field13": "0", "Field14": "Broadway & E Marion St", "Field15": 2 }, "geometry": null },
{ "type": "Feature", "properties": { "Field1": "41930", "Field2": "Y", "Field3": "SEA", "Field4": "1272862.3999999999", "Field5": "223880.4", "Field6": "YES", "Field7": "ACT", "Field8": "NO", "Field9": "Alder St", "Field10": "98104", "Field11": "60", "Field12": "9th Ave", "Field13": "1", "Field14": "9th Ave & Alder St", "Field15": 3 }, "geometry": null },
{ "type": "Feature", "properties": { "Field1": "41940", "Field2": "Y", "Field3": "SEA", "Field4": "1272429.3", "Field5": "224612.3", "Field6": "YES", "Field7": "ACT", "Field8": "NO", "Field9": "James St", "Field10": "98104", "Field11": "303 322 60", "Field12": "9th Ave", "Field13": "1", "Field14": "9th Ave & James St", "Field15": 3 }, "geometry": null },
{ "type": "Feature", "properties": { "Field1": "29232", "Field2": "Y", "Field3": "SEA", "Field4": "1269484.3999999999", "Field5": "244881.6", "Field6": "YES", "Field7": "ACT", "Field8": "NO", "Field9": "Woodlawn Ave N", "Field10": "98103", "Field11": "44 62", "Field12": "N 45th St", "Field13": "1", "Field14": "N 45th St & Woodlawn Ave N", "Field15": 3 }, "geometry": null },
{ "type": "Feature", "properties": { "Field1": "29234", "Field2": "Y", "Field3": "SEA", "Field4": "1271370.1000000001", "Field5": "244839.9", "Field6": "YES", "Field7": "ACT", "Field8": "NO", "Field9": "Corliss Ave N", "Field10": "98103", "Field11": "44", "Field12": "N 45th St", "Field13": "1", "Field14": "N 45th St & Corliss Ave N", "Field15": 3 }, "geometry": null },
{ "type": "Feature", "properties": { "Field1": "29236", "Field2": "Y", "Field3": "SEA", "Field4": "1272524.3999999999", "Field5": "244809", "Field6": "YES", "Field7": "ACT", "Field8": "NO", "Field9": "Thackeray Pl NE", "Field10": "98105", "Field11": "44", "Field12": "NE 45th St", "Field13": "1", "Field14": "NE 45th St & Thackeray Pl NE", "Field15": 3 }, "geometry": null },
{ "type": "Feature", "properties": { "Field1": "29238", "Field2": "Y", "Field3": "SEA", "Field4": "1278054.7", "Field5": "238140.2", "Field6": "UNK", "Field7": "ACT", "Field8": "NO", "Field9": "E Roanoke St", "Field10": "98112", "Field11": "43 48", "Field12": "East Montlake Pl E", "Field13": "0", "Field14": "East Montlake Pl E & E Roanoke St", "Field15": 0 }, "geometry": null },
{ "type": "Feature", "properties": { "Field1": "29240", "Field2": "Y", "Field3": "SEA", "Field4": "1276285.2", "Field5": "241376.4", "Field6": "YES", "Field7": "ACT", "Field8": "NO", "Field9": "15th Ave NE", "Field10": "98195", "Field11": "255 271 43 44 48 542E 556E 65", "Field12": "NE Pacific St", "Field13": "0", "Field14": "NE Pacific St & 15th Ave NE", "Field15": 2 }, "geometry": null },
{ "type": "Feature", "properties": { "Field1": "30635", "Field2": "Y", "Field3": "SEA", "Field4": "1271376.3999999999", "Field5": "220019.4", "Field6": "YES", "Field7": "ACT", "Field8": "NO", "Field9": "S Royal Brougham Way", "Field10": "98134", "Field11": "101 102 124N 131N 132N 150 177 21N 24 28E 33 5", "Field12": "4th Ave S", "Field13": "1", "Field14": "4th Ave S & S Royal Brougham Way", "Field15": 3 }, "geometry": null },
{ "type": "Feature", "properties": { "Field1": "31930", "Field2": "Y", "Field3": "SEA", "Field4": "1257065.6000000001", "Field5": "215090.8", "Field6": "YES", "Field7": "ACT", "Field8": "NO", "Field9": "SW Lander St", "Field10": "98116", "Field11": "128 50", "Field12": "California Ave SW", "Field13": "0", "Field14": "California Ave SW & SW Lander St", "Field15": 2 }, "geometry": null },
{ "type": "Feature", "properties": { "Field1": "31940", "Field2": "Y", "Field3": "SEA", "Field4": "1257032.1000000001", "Field5": "214376.6", "Field6": "YES", "Field7": "ACT", "Field8": "NO", "Field9": "SW Stevens St", "Field10": "98116", "Field11": "128 50", "Field12": "California Ave SW", "Field13": "0", "Field14": "California Ave SW & SW Stevens St", "Field15": 2 }, "geometry": null },
{ "type": "Feature", "properties": { "Field1": "31950", "Field2": "Y", "Field3": "SEA", "Field4": "1257007", "Field5": "213773.9", "Field6": "YES", "Field7": "ACT", "Field8": "NO", "Field9": "SW Hanford St", "Field10": "98116", "Field11": "128 50", "Field12": "California Ave SW", "Field13": "0", "Field14": "California Ave SW & SW Hanford St", "Field15": 2 }, "geometry": null },
{ "type": "Feature", "properties": { "Field1": "31970", "Field2": "Y", "Field3": "SEA", "Field4": "1256978.8999999999", "Field5": "212443.5", "Field6": "YES", "Field7": "ACT", "Field8": "NO", "Field9": "SW Spokane St", "Field10": "98116", "Field11": "128 50", "Field12": "California Ave SW", "Field13": "1", "Field14": "California Ave SW & SW Spokane St", "Field15": 3 }, "geometry": null },
{ "type": "Feature", "properties": { "Field1": "31990", "Field2": "Y", "Field3": "SEA", "Field4": "1256950.7", "Field5": "211114.1", "Field6": "YES", "Field7": "ACT", "Field8": "NO", "Field9": "SW Andover St", "Field10": "98116", "Field11": "128 50", "Field12": "California Ave SW", "Field13": "0", "Field14": "California Ave SW & SW Andover St", "Field15": 2 }, "geometry": null },
{ "type": "Feature", "properties": { "Field1": "32010", "Field2": "Y", "Field3": "SEA", "Field4": "1256922.8", "Field5": "209753.5", "Field6": "YES", "Field7": "ACT", "Field8": "NO", "Field9": "SW Genesee St", "Field10": "98116", "Field11": "128 50", "Field12": "California Ave SW", "Field13": "0", "Field14": "California Ave SW & SW Genesee St", "Field15": 2 }, "geometry": null },
{ "type": "Feature", "properties": { "Field1": "32860", "Field2": "Y", "Field3": "SEA", "Field4": "1250445.2", "Field5": "213999.7", "Field6": "YES", "Field7": "ACT", "Field8": "NO", "Field9": "SW Admiral Way", "Field10": "98116", "Field12": "63rd Ave SW", "Field13": "0", "Field14": "63rd Ave SW & SW Admiral Way", "Field15": 2 }, "geometry": null },
{ "type": "Feature", "properties": { "Field1": "32870", "Field2": "Y", "Field3": "SEA", "Field4": "1250422.5", "Field5": "213441.7", "Field6": "YES", "Field7": "ACT", "Field8": "NO", "Field9": "SW Hinds St", "Field10": "98116", "Field12": "63rd Ave SW", "Field13": "0", "Field14": "63rd Ave SW & SW Hinds St", "Field15": 2 }, "geometry": null },
{ "type": "Feature", "properties": { "Field1": "32880", "Field2": "Y", "Field3": "SEA", "Field4": "1250404.3999999999", "Field5": "212965.3", "Field6": "YES", "Field7": "ACT", "Field8": "NO", "Field9": "Beach Dr SW", "Field10": "98116", "Field12": "63rd Ave SW", "Field13": "0", "Field14": "63rd Ave SW & Beach Dr SW", "Field15": 2 }, "geometry": null },
{ "type": "Feature", "properties": { "Field1": "41950", "Field2": "Y", "Field3": "SEA", "Field4": "1272170.3999999999", "Field5": "225048.6", "Field6": "YES", "Field7": "ACT", "Field8": "NO", "Field9": "Columbia St", "Field10": "98104", "Field11": "303 322 60", "Field12": "9th Ave", "Field13": "0", "Field14": "9th Ave & Columbia St", "Field15": 2 }, "geometry": null },
{ "type": "Feature", "properties": { "Field1": "41955", "Field2": "Y", "Field3": "SEA", "Field4": "1271780.2", "Field5": "225707.7", "Field6": "YES", "Field7": "ACT", "Field8": "NO", "Field9": "Spring St", "Field10": "98104", "Field11": "193E 303 322", "Field12": "9th Ave", "Field13": "0", "Field14": "9th Ave & Spring St", "Field15": 2 }, "geometry": null },
{ "type": "Feature", "properties": { "Field1": "43792", "Field2": "Y", "Field3": "SEA", "Field4": "1279692.7", "Field5": "229625.7", "Field6": "YES", "Field7": "ACT", "Field8": "NO", "Field9": "E John St", "Field10": "98112", "Field11": "8", "Field12": "Martin L King Jr Way E", "Field13": "0", "Field14": "Martin L King Jr Way E & E John St", "Field15": 2 }, "geometry": null },
{ "type": "Feature", "properties": { "Field1": "30670", "Field2": "Y", "Field3": "SEA", "Field4": "1271328.2", "Field5": "218924.7", "Field6": "YES", "Field7": "ACT", "Field8": "NO", "Field9": "Edgar Martinez Dr S", "Field10": "98134", "Field11": "131 132", "Field12": "4th Ave S", "Field13": "0", "Field14": "4th Ave S & Edgar Martinez Dr S", "Field15": 2 }, "geometry": null },
{ "type": "Feature", "properties": { "Field1": "30690", "Field2": "Y", "Field3": "SEA", "Field4": "1271318.8", "Field5": "217219.1", "Field6": "YES", "Field7": "ACT", "Field8": "NO", "Field9": "S Holgate St", "Field10": "98134", "Field11": "131 132", "Field12": "4th Ave S", "Field13": "1", "Field14": "4th Ave S & S Holgate St", "Field15": 3 }, "geometry": null },
{ "type": "Feature", "properties": { "Field1": "30700", "Field2": "Y", "Field3": "SEA", "Field4": "1271306.3", "Field5": "216511.4", "Field6": "YES", "Field7": "ACT", "Field8": "NO", "Field9": "S Walker St", "Field10": "98134", "Field11": "131 132", "Field12": "4th Ave S", "Field13": "0", "Field14": "4th Ave S & S Walker St", "Field15": 2 }, "geometry": null },
{ "type": "Feature", "properties": { "Field1": "30720", "Field2": "Y", "Field3": "SEA", "Field4": "1271275.2", "Field5": "214924.4", "Field6": "YES", "Field7": "ACT", "Field8": "NO", "Field9": "S Lander St", "Field10": "98134", "Field11": "131 132", "Field12": "4th Ave S", "Field13": "1", "Field14": "4th Ave S & S Lander St", "Field15": 3 }, "geometry": null },
{ "type": "Feature", "properties": { "Field1": "32140", "Field2": "Y", "Field3": "SEA", "Field4": "1273839.5", "Field5": "195566.5", "Field6": "YES", "Field7": "ACT", "Field8": "NO", "Field9": "12th Ave S", "Field10": "98108", "Field11": "132 60", "Field12": "S Cloverdale St", "Field13": "0", "Field14": "S Cloverdale St & 12th Ave S", "Field15": 2 }, "geometry": null },
{ "type": "Feature", "properties": { "Field1": "32150", "Field2": "Y", "Field3": "SEA", "Field4": "1274401", "Field5": "195682", "Field6": "YES", "Field7": "ACT", "Field8": "NO", "Field9": "S Cloverdale St", "Field10": "98108", "Field11": "60", "Field12": "14th Ave S", "Field13": "1", "Field14": "14th Ave S & S Cloverdale St", "Field15": 3 }, "geometry": null },
{ "type": "Feature", "properties": { "Field1": "32160", "Field2": "Y", "Field3": "SEA", "Field4": "1274844.5", "Field5": "197800.4", "Field6": "YES", "Field7": "ACT", "Field8": "NO", "Field9": "East Marginal Way S", "Field10": "98108", "Field11": "60", "Field12": "16th Ave S", "Field13": "0", "Field14": "16th Ave S & East Marginal Way S", "Field15": 2 }, "geometry": null },
{ "type": "Feature", "properties": { "Field1": "32890", "Field2": "Y", "Field3": "SEA", "Field4": "1250988.5", "Field5": "212342.1", "Field6": "YES", "Field7": "ACT", "Field8": "NO", "Field9": "61st Ave SW", "Field10": "98116", "Field12": "Beach Dr SW", "Field13": "0", "Field14": "Beach Dr SW & 61st Ave SW", "Field15": 2 }, "geometry": null },
{ "type": "Feature", "properties": { "Field1": "32900", "Field2": "Y", "Field3": "SEA", "Field4": "1251238.5", "Field5": "211897.7", "Field6": "YES", "Field7": "ACT", "Field8": "NO", "Field9": "SW Charlestown St", "Field10": "98116", "Field12": "Beach Dr SW", "Field13": "0", "Field14": "Beach Dr SW & SW Charlestown St", "Field15": 2 }, "geometry": null },
{ "type": "Feature", "properties": { "Field1": "32920", "Field2": "Y", "Field3": "SEA", "Field4": "1251333.3999999999", "Field5": "210993.8", "Field6": "YES", "Field7": "ACT", "Field8": "NO", "Field9": "SW Carroll St", "Field10": "98116", "Field12": "Beach Dr SW", "Field13": "0", "Field14": "Beach Dr SW & SW Carroll St", "Field15": 2 }, "geometry": null },
{ "type": "Feature", "properties": { "Field1": "32930", "Field2": "Y", "Field3": "SEA", "Field4": "1251671.6000000001", "Field5": "210369.9", "Field6": "YES", "Field7": "ACT", "Field8": "NO", "Field9": "SW Douglas Pl", "Field10": "98116", "Field12": "Beach Dr SW", "Field13": "0", "Field14": "Beach Dr SW & SW Douglas Pl", "Field15": 2 }, "geometry": null },
{ "type": "Feature", "properties": { "Field1": "32940", "Field2": "Y", "Field3": "SEA", "Field4": "1251941.1000000001", "Field5": "209986.2", "Field6": "YES", "Field7": "ACT", "Field8": "NO", "Field9": "SW Genesee St", "Field10": "98116", "Field12": "Beach Dr SW", "Field13": "0", "Field14": "Beach Dr SW & SW Genesee St", "Field15": 2 }, "geometry": null },
{ "type": "Feature", "properties": { "Field1": "32950", "Field2": "Y", "Field3": "SEA", "Field4": "1252253.1000000001", "Field5": "209109.3", "Field6": "YES", "Field7": "ACT", "Field8": "NO", "Field9": "SW Snoqualmie St", "Field10": "98116", "Field12": "Beach Dr SW", "Field13": "0", "Field14": "Beach Dr SW & SW Snoqualmie St", "Field15": 2 }, "geometry": null },
{ "type": "Feature", "properties": { "Field1": "32960", "Field2": "Y", "Field3": "SEA", "Field4": "1252623.5", "Field5": "208636.5", "Field6": "YES", "Field7": "ACT", "Field8": "NO", "Field9": "SW Jacobsen Rd", "Field10": "98116", "Field12": "Beach Dr SW", "Field13": "0", "Field14": "Beach Dr SW & SW Jacobsen Rd", "Field15": 2 }, "geometry": null },
{ "type": "Feature", "properties": { "Field1": "35770", "Field2": "Y", "Field3": "SEA", "Field4": "1276148.7", "Field5": "248065.9", "Field6": "LTD", "Field7": "ACT", "Field8": "NO", "Field9": "NE Ravenna Blvd", "Field10": "98105", "Field11": "45", "Field12": "15th Ave NE", "Field13": "0", "Field14": "15th Ave NE & NE Ravenna Blvd", "Field15": 0 }, "geometry": null },
{ "type": "Feature", "properties": { "Field1": "35790", "Field2": "Y", "Field3": "SEA", "Field4": "1276111.3999999999", "Field5": "246466.2", "Field6": "YES", "Field7": "ACT", "Field8": "NO", "Field9": "NE 52nd St", "Field10": "98105", "Field11": "45", "Field12": "15th Ave NE", "Field13": "0", "Field14": "15th Ave NE & NE 52nd St", "Field15": 2 }, "geometry": null },
{ "type": "Feature", "properties": { "Field1": "35800", "Field2": "Y", "Field3": "SEA", "Field4": "1276094.5", "Field5": "245881.5", "Field6": "YES", "Field7": "ACT", "Field8": "NO", "Field9": "NE 50th St", "Field10": "98105", "Field11": "48", "Field12": "15th Ave NE", "Field13": "0", "Field14": "15th Ave NE & NE 50th St", "Field15": 2 }, "geometry": null },
{ "type": "Feature", "properties": { "Field1": "46022", "Field2": "Y", "Field3": "SEA", "Field4": "1273510.8999999999", "Field5": "201897.8", "Field6": "YES", "Field7": "ACT", "Field8": "NO", "Field9": "S Warsaw St", "Field10": "98108", "Field11": "124 60", "Field12": "Ellis Ave S", "Field13": "0", "Field14": "Ellis Ave S & S Warsaw St", "Field15": 2 }, "geometry": null },
{ "type": "Feature", "properties": { "Field1": "46025", "Field2": "Y", "Field3": "SEA", "Field4": "1273142.2", "Field5": "200351.4", "Field6": "YES", "Field7": "ACT", "Field8": "NO", "Field9": "S Myrtle St", "Field10": "98108", "Field11": "124 60", "Field12": "Ellis Ave S", "Field13": "0", "Field14": "Ellis Ave S & S Myrtle St", "Field15": 2 }, "geometry": null },
{ "type": "Feature", "properties": { "Field1": "46030", "Field2": "Y", "Field3": "SEA", "Field4": "1273005.3999999999", "Field5": "200106.8", "Field6": "YES", "Field7": "ACT", "Field8": "NO", "Field9": "Ellis Ave S", "Field10": "98108", "Field12": "East Marginal Way S", "Field13": "0", "Field14": "East Marginal Way S & Ellis Ave S", "Field15": 2 }, "geometry": null },
{ "type": "Feature", "properties": { "Field1": "46040", "Field2": "Y", "Field3": "SEA", "Field4": "1275893.1000000001", "Field5": "203320.6", "Field6": "YES", "Field7": "ACT", "Field8": "NO", "Field9": "18th Ave S", "Field10": "98108", "Field11": "107", "Field12": "Swift Ave S", "Field13": "0", "Field14": "Swift Ave S & 18th Ave S", "Field15": 2 }, "geometry": null },
{ "type": "Feature", "properties": { "Field1": "46061", "Field2": "Y", "Field3": "SEA", "Field4": "1277123.3999999999", "Field5": "201801.2", "Field6": "YES", "Field7": "ACT", "Field8": "NO", "Field9": "Swift Ave S", "Field10": "98108", "Field11": "107", "Field12": "Swift Ave S", "Field13": "0", "Field14": "Swift Ave S & Swift Ave S", "Field15": 2 }, "geometry": null },
{ "type": "Feature", "properties": { "Field1": "46080", "Field2": "Y", "Field3": "SEA", "Field4": "1277797.3999999999", "Field5": "200686.9", "Field6": "YES", "Field7": "ACT", "Field8": "NO", "Field9": "S Willow St", "Field10": "98108", "Field11": "107", "Field12": "Swift Ave S", "Field13": "0", "Field14": "Swift Ave S & S Willow St", "Field15": 2 }, "geometry": null },
{ "type": "Feature", "properties": { "Field1": "32165", "Field2": "Y", "Field3": "SEA", "Field4": "1275170.7", "Field5": "198132.7", "Field6": "YES", "Field7": "ACT", "Field8": "NO", "Field9": "16th Ave S", "Field10": "98108", "Field11": "124", "Field12": "East Marginal Way S", "Field13": "1", "Field14": "East Marginal Way S & 16th Ave S", "Field15": 3 }, "geometry": null },
{ "type": "Feature", "properties": { "Field1": "33100", "Field2": "Y", "Field3": "SEA", "Field4": "1254890", "Field5": "202025.1", "Field6": "YES", "Field7": "ACT", "Field8": "NO", "Field9": "SW Holly St", "Field10": "98136", "Field12": "48th Ave SW", "Field13": "0", "Field14": "48th Ave SW & SW Holly St", "Field15": 2 }, "geometry": null },
{ "type": "Feature", "properties": { "Field1": "33110", "Field2": "Y", "Field3": "SEA", "Field4": "1254936.3", "Field5": "203078.39999999999", "Field6": "YES", "Field7": "ACT", "Field8": "NO", "Field9": "SW Eddy St", "Field10": "98136", "Field12": "48th Ave SW", "Field13": "0", "Field14": "48th Ave SW & SW Eddy St", "Field15": 2 }, "geometry": null },
{ "type": "Feature", "properties": { "Field1": "33120", "Field2": "Y", "Field3": "SEA", "Field4": "1255042.5", "Field5": "203416.5", "Field6": "YES", "Field7": "ACT", "Field8": "NO", "Field9": "SW Graham St", "Field10": "98136", "Field12": "48th Ave SW", "Field13": "0", "Field14": "48th Ave SW & SW Graham St", "Field15": 2 }, "geometry": null },
{ "type": "Feature", "properties": { "Field1": "33130", "Field2": "Y", "Field3": "SEA", "Field4": "1255065.3999999999", "Field5": "203988.1", "Field6": "YES", "Field7": "ACT", "Field8": "NO", "Field9": "SW Raymond St", "Field10": "98136", "Field12": "48th Ave SW", "Field13": "0", "Field14": "48th Ave SW & SW Raymond St", "Field15": 2 }, "geometry": null },
{ "type": "Feature", "properties": { "Field1": "33140", "Field2": "Y", "Field3": "SEA", "Field4": "1255090.3", "Field5": "204611.9", "Field6": "YES", "Field7": "ACT", "Field8": "NO", "Field9": "SW Juneau St", "Field10": "98136", "Field12": "48th Ave SW", "Field13": "0", "Field14": "48th Ave SW & SW Juneau St", "Field15": 2 }, "geometry": null },
{ "type": "Feature", "properties": { "Field1": "33150", "Field2": "Y", "Field3": "SEA", "Field4": "1255121.8", "Field5": "205313.8", "Field6": "YES", "Field7": "ACT", "Field8": "NO", "Field9": "SW Findlay St", "Field10": "98136", "Field12": "48th Ave SW", "Field13": "0", "Field14": "48th Ave SW & SW Findlay St", "Field15": 2 }, "geometry": null },
{ "type": "Feature", "properties": { "Field1": "35820", "Field2": "Y", "Field3": "SEA", "Field4": "1276064", "Field5": "244818.6", "Field6": "YES", "Field7": "ACT", "Field8": "NO", "Field9": "NE 45th St", "Field10": "98105", "Field11": "48", "Field12": "15th Ave NE", "Field13": "1", "Field14": "15th Ave NE & NE 45th St", "Field15": 3 }, "geometry": null },
{ "type": "Feature", "properties": { "Field1": "35821", "Field2": "Y", "Field3": "SEA", "Field4": "1278109.3999999999", "Field5": "229589.7", "Field6": "YES", "Field7": "ACT", "Field8": "NO", "Field9": "E John St", "Field10": "98112", "Field11": "48", "Field12": "23rd Ave E", "Field13": "1", "Field14": "23rd Ave E & E John St", "Field15": 3 }, "geometry": null },
{ "type": "Feature", "properties": { "Field1": "35825", "Field2": "Y", "Field3": "SEA", "Field4": "1278117.3", "Field5": "229836.1", "Field6": "YES", "Field7": "ACT", "Field8": "NO", "Field9": "E John St", "Field10": "98112", "Field11": "43 48", "Field12": "23rd Ave E", "Field13": "1", "Field14": "23rd Ave E & E John St", "Field15": 3 }, "geometry": null },
{ "type": "Feature", "properties": { "Field1": "35850", "Field2": "Y", "Field3": "SEA", "Field4": "1278039.1000000001", "Field5": "227835.5", "Field6": "YES", "Field7": "ACT", "Field8": "NO", "Field9": "E Pine St", "Field10": "98122", "Field11": "48", "Field12": "23rd Ave", "Field13": "1", "Field14": "23rd Ave & E Pine St", "Field15": 3 }, "geometry": null },
{ "type": "Feature", "properties": { "Field1": "37381", "Field2": "Y", "Field3": "SEA", "Field4": "1277575", "Field5": "249975.5", "Field6": "YES", "Field7": "ACT", "Field8": "NO", "Field9": "20th Ave NE", "Field10": "98115", "Field11": "62", "Field12": "NE 65th St", "Field13": "0", "Field14": "NE 65th St & 20th Ave NE", "Field15": 2 }, "geometry": null },
{ "type": "Feature", "properties": { "Field1": "37400", "Field2": "Y", "Field3": "SEA", "Field4": "1278520.2", "Field5": "249956.2", "Field6": "YES", "Field7": "ACT", "Field8": "NO", "Field9": "23rd Ave NE", "Field10": "98115", "Field11": "62 988EN", "Field12": "NE 65th St", "Field13": "0", "Field14": "NE 65th St & 23rd Ave NE", "Field15": 2 }, "geometry": null },
{ "type": "Feature", "properties": { "Field1": "37410", "Field2": "Y", "Field3": "SEA", "Field4": "1279045.1000000001", "Field5": "249946.1", "Field6": "YES", "Field7": "ACT", "Field8": "NO", "Field9": "25th Ave NE", "Field10": "98115", "Field11": "62", "Field12": "NE 65th St", "Field13": "0", "Field14": "NE 65th St & 25th Ave NE", "Field15": 2 }, "geometry": null },
{ "type": "Feature", "properties": { "Field1": "37420", "Field2": "Y", "Field3": "SEA", "Field4": "1279554.8999999999", "Field5": "249937.1", "Field6": "YES", "Field7": "ACT", "Field8": "NO", "Field9": "27th Ave NE", "Field10": "98115", "Field11": "62", "Field12": "NE 65th St", "Field13": "0", "Field14": "NE 65th St & 27th Ave NE", "Field15": 2 }, "geometry": null },
{ "type": "Feature", "properties": { "Field1": "46092", "Field2": "Y", "Field3": "SEA", "Field4": "1279276.1000000001", "Field5": "200022.5", "Field6": "YES", "Field7": "ACT", "Field8": "NO", "Field9": "Beacon Ave S", "Field10": "98108", "Field11": "36", "Field12": "S Myrtle St", "Field13": "0", "Field14": "S Myrtle St & Beacon Ave S", "Field15": 2 }, "geometry": null },
{ "type": "Feature", "properties": { "Field1": "33160", "Field2": "Y", "Field3": "SEA", "Field4": "1255043.1000000001", "Field5": "205976.3", "Field6": "YES", "Field7": "ACT", "Field8": "NO", "Field9": "48th Ave SW", "Field10": "98136", "Field12": "SW Brandon St", "Field13": "0", "Field14": "SW Brandon St & 48th Ave SW", "Field15": 2 }, "geometry": null },
{ "type": "Feature", "properties": { "Field1": "33170", "Field2": "Y", "Field3": "SEA", "Field4": "1254834.1000000001", "Field5": "206667.8", "Field6": "YES", "Field7": "ACT", "Field8": "NO", "Field9": "SW Dawson St", "Field10": "98136", "Field12": "49th Ave SW", "Field13": "0", "Field14": "49th Ave SW & SW Dawson St", "Field15": 2 }, "geometry": null },
{ "type": "Feature", "properties": { "Field1": "33180", "Field2": "Y", "Field3": "SEA", "Field4": "1254854", "Field5": "207270.39999999999", "Field6": "YES", "Field7": "ACT", "Field8": "NO", "Field9": "SW Hudson St", "Field10": "98116", "Field12": "49th Ave SW", "Field13": "0", "Field14": "49th Ave SW & SW Hudson St", "Field15": 2 }, "geometry": null },
{ "type": "Feature", "properties": { "Field1": "33190", "Field2": "Y", "Field3": "SEA", "Field4": "1254879.3999999999", "Field5": "208031.6", "Field6": "YES", "Field7": "ACT", "Field8": "NO", "Field9": "SW Edmunds St", "Field10": "98116", "Field12": "49th Ave SW", "Field13": "0", "Field14": "49th Ave SW & SW Edmunds St", "Field15": 2 }, "geometry": null },
{ "type": "Feature", "properties": { "Field1": "33200", "Field2": "Y", "Field3": "SEA", "Field4": "1255314.3", "Field5": "208596.9", "Field6": "YES", "Field7": "ACT", "Field8": "NO", "Field9": "48th Ave SW", "Field10": "98116", "Field12": "SW Alaska St", "Field13": "0", "Field14": "SW Alaska St & 48th Ave SW", "Field15": 2 }, "geometry": null },
{ "type": "Feature", "properties": { "Field1": "33210", "Field2": "Y", "Field3": "SEA", "Field4": "1256299.5", "Field5": "208570.6", "Field6": "YES", "Field7": "ACT", "Field8": "NO", "Field9": "45th Ave SW", "Field10": "98116", "Field12": "SW Alaska St", "Field13": "0", "Field14": "SW Alaska St & 45th Ave SW", "Field15": 2 }, "geometry": null },
{ "type": "Feature", "properties": { "Field1": "35940", "Field2": "Y", "Field3": "SEA", "Field4": "1277864.1000000001", "Field5": "217963.3", "Field6": "YES", "Field7": "ACT", "Field8": "NO", "Field9": "S Massachusetts St", "Field10": "98144", "Field11": "48", "Field12": "23rd Ave S", "Field13": "1", "Field14": "23rd Ave S & S Massachusetts St", "Field15": 3 }, "geometry": null },
{ "type": "Feature", "properties": { "Field1": "35960", "Field2": "Y", "Field3": "SEA", "Field4": "1281019.7", "Field5": "207935", "Field6": "YES", "Field7": "ACT", "Field8": "NO", "Field9": "35th Ave S", "Field10": "98118", "Field11": "50", "Field12": "S Alaska St", "Field13": "1", "Field14": "S Alaska St & 35th Ave S", "Field15": 3 }, "geometry": null },
{ "type": "Feature", "properties": { "Field1": "35979", "Field2": "Y", "Field3": "SEA", "Field4": "1279804.3", "Field5": "208000.5", "Field6": "YES", "Field7": "ACT", "Field8": "NO", "Field9": "Martin L King Jr Way S", "Field10": "98108", "Field11": "50", "Field12": "S Alaska St", "Field13": "0", "Field14": "S Alaska St & Martin L King Jr Way S", "Field15": 2 }, "geometry": null },
{ "type": "Feature", "properties": { "Field1": "35990", "Field2": "Y", "Field3": "SEA", "Field4": "1278007.2", "Field5": "207879.9", "Field6": "YES", "Field7": "ACT", "Field8": "NO", "Field9": "S Americus St", "Field10": "98108", "Field11": "50", "Field12": "S Columbian Way", "Field13": "0", "Field14": "S Columbian Way & S Americus St", "Field15": 2 }, "geometry": null },
{ "type": "Feature", "properties": { "Field1": "37430", "Field2": "Y", "Field3": "SEA", "Field4": "1280088.7", "Field5": "249927.6", "Field6": "YES", "Field7": "ACT", "Field8": "NO", "Field9": "29th Ave NE", "Field10": "98115", "Field11": "62", "Field12": "NE 65th St", "Field13": "0", "Field14": "NE 65th St & 29th Ave NE", "Field15": 2 }, "geometry": null },
{ "type": "Feature", "properties": { "Field1": "37440", "Field2": "Y", "Field3": "SEA", "Field4": "1280601", "Field5": "249921.7", "Field6": "YES", "Field7": "ACT", "Field8": "NO", "Field9": "31st Ave NE", "Field10": "98115", "Field11": "62", "Field12": "NE 65th St", "Field13": "0", "Field14": "NE 65th St & 31st Ave NE", "Field15": 2 }, "geometry": null },
{ "type": "Feature", "properties": { "Field1": "37450", "Field2": "Y", "Field3": "SEA", "Field4": "1281104.8999999999", "Field5": "249912.9", "Field6": "YES", "Field7": "ACT", "Field8": "NO", "Field9": "33rd Ave NE", "Field10": "98115", "Field11": "62", "Field12": "NE 65th St", "Field13": "0", "Field14": "NE 65th St & 33rd Ave NE", "Field15": 2 }, "geometry": null },
{ "type": "Feature", "properties": { "Field1": "37460", "Field2": "Y", "Field3": "SEA", "Field4": "1281586.5", "Field5": "249901.1", "Field6": "YES", "Field7": "ACT", "Field8": "NO", "Field9": "35th Ave NE", "Field10": "98115", "Field11": "62", "Field12": "NE 65th St", "Field13": "0", "Field14": "NE 65th St & 35th Ave NE", "Field15": 2 }, "geometry": null },
{ "type": "Feature", "properties": { "Field1": "37470", "Field2": "Y", "Field3": "SEA", "Field4": "1282428.5", "Field5": "249885.7", "Field6": "YES", "Field7": "ACT", "Field8": "NO", "Field9": "38th Ave NE", "Field10": "98115", "Field11": "62", "Field12": "NE 65th St", "Field13": "0", "Field14": "NE 65th St & 38th Ave NE", "Field15": 2 }, "geometry": null },
{ "type": "Feature", "properties": { "Field1": "37480", "Field2": "Y", "Field3": "SEA", "Field4": "1282919", "Field5": "249877.1", "Field6": "YES", "Field7": "ACT", "Field8": "NO", "Field9": "40th Ave NE", "Field10": "98115", "Field11": "62", "Field12": "NE 65th St", "Field13": "0", "Field14": "NE 65th St & 40th Ave NE", "Field15": 2 }, "geometry": null },
{ "type": "Feature", "properties": { "Field1": "37600", "Field2": "Y", "Field3": "SEA", "Field4": "1283196.1000000001", "Field5": "252518.5", "Field6": "YES", "Field7": "ACT", "Field8": "NO", "Field9": "41st Ave NE", "Field10": "98115", "Field11": "79", "Field12": "NE 75th St", "Field13": "0", "Field14": "NE 75th St & 41st Ave NE", "Field15": 2 }, "geometry": null },
{ "type": "Feature", "properties": { "Field1": "39260", "Field2": "Y", "Field3": "SEA", "Field4": "1276315.6000000001", "Field5": "266679.3", "Field6": "YES", "Field7": "ACT", "Field8": "NO", "Field9": "NE 127th St", "Field10": "98125", "Field11": "348", "Field12": "15th Ave NE", "Field13": "0", "Field14": "15th Ave NE & NE 127th St", "Field15": 2 }, "geometry": null },
{ "type": "Feature", "properties": { "Field1": "39270", "Field2": "Y", "Field3": "SEA", "Field4": "1276328", "Field5": "267239.8", "Field6": "YES", "Field7": "ACT", "Field8": "NO", "Field9": "NE 130th St", "Field10": "98125", "Field11": "348", "Field12": "15th Ave NE", "Field13": "0", "Field14": "15th Ave NE & NE 130th St", "Field15": 2 }, "geometry": null },
{ "type": "Feature", "properties": { "Field1": "39290", "Field2": "Y", "Field3": "SEA", "Field4": "1276357.1000000001", "Field5": "268642.8", "Field6": "YES", "Field7": "ACT", "Field8": "NO", "Field9": "NE 135th St", "Field10": "98125", "Field11": "348", "Field12": "15th Ave NE", "Field13": "0", "Field14": "15th Ave NE & NE 135th St", "Field15": 2 }, "geometry": null },
{ "type": "Feature", "properties": { "Field1": "39310", "Field2": "Y", "Field3": "SEA", "Field4": "1276369.5", "Field5": "269850", "Field6": "YES", "Field7": "ACT", "Field8": "NO", "Field9": "NE 140th St", "Field10": "98125", "Field11": "348", "Field12": "15th Ave NE", "Field13": "0", "Field14": "15th Ave NE & NE 140th St", "Field15": 2 }, "geometry": null },
{ "type": "Feature", "properties": { "Field1": "39320", "Field2": "Y", "Field3": "SEA", "Field4": "1276376.2", "Field5": "270516", "Field6": "YES", "Field7": "ACT", "Field8": "NO", "Field9": "NE 143rd St", "Field10": "98125", "Field11": "348", "Field12": "15th Ave NE", "Field13": "0", "Field14": "15th Ave NE & NE 143rd St", "Field15": 2 }, "geometry": null },
{ "type": "Feature", "properties": { "Field1": "41780", "Field2": "Y", "Field3": "SEA", "Field4": "1274941.2", "Field5": "205489", "Field6": "YES", "Field7": "ACT", "Field8": "NO", "Field9": "S Lucile St", "Field10": "98108", "Field11": "107 60", "Field12": "15th Ave S", "Field13": "1", "Field14": "15th Ave S & S Lucile St", "Field15": 3 }, "geometry": null },
{ "type": "Feature", "properties": { "Field1": "41800", "Field2": "Y", "Field3": "SEA", "Field4": "1274960.2", "Field5": "206267.2", "Field6": "YES", "Field7": "ACT", "Field8": "NO", "Field9": "S Dawson St", "Field10": "98108", "Field11": "107 60", "Field12": "15th Ave S", "Field13": "0", "Field14": "15th Ave S & S Dawson St", "Field15": 2 }, "geometry": null },
{ "type": "Feature", "properties": { "Field1": "41805", "Field2": "Y", "Field3": "SEA", "Field4": "1274980.8999999999", "Field5": "207117.8", "Field6": "YES", "Field7": "ACT", "Field8": "NO", "Field9": "S Shelton St", "Field10": "98108", "Field11": "107 60", "Field12": "15th Ave S", "Field13": "1", "Field14": "15th Ave S & S Shelton St", "Field15": 3 }, "geometry": null },
{ "type": "Feature", "properties": { "Field1": "41819", "Field2": "Y", "Field3": "SEA", "Field4": "1275004.3", "Field5": "208079.2", "Field6": "YES", "Field7": "ACT", "Field8": "NO", "Field9": "S Angeline St", "Field10": "98108", "Field11": "107 60", "Field12": "15th Ave S", "Field13": "0", "Field14": "15th Ave S & S Angeline St", "Field15": 2 }, "geometry": null },
{ "type": "Feature", "properties": { "Field1": "41830", "Field2": "Y", "Field3": "SEA", "Field4": "1274998.5", "Field5": "209013.6", "Field6": "YES", "Field7": "ACT", "Field8": "NO", "Field9": "S Oregon St", "Field10": "98108", "Field11": "107 60", "Field12": "15th Ave S", "Field13": "1", "Field14": "15th Ave S & S Oregon St", "Field15": 3 }, "geometry": null },
{ "type": "Feature", "properties": { "Field1": "40806", "Field2": "Y", "Field3": "SEA", "Field4": "1268629.8999999999", "Field5": "208953.3", "Field6": "YES", "Field7": "ACT", "Field8": "NO", "Field9": "Diagonal Ave S", "Field10": "98134", "Field11": "113", "Field12": "East Marginal Way S", "Field13": "0", "Field14": "East Marginal Way S & Diagonal Ave S", "Field15": 2 }, "geometry": null },
{ "type": "Feature", "properties": { "Field1": "40807", "Field2": "Y", "Field3": "SEA", "Field4": "1268638.5", "Field5": "209572", "Field6": "YES", "Field7": "ACT", "Field8": "NO", "Field9": "S Idaho St", "Field10": "98134", "Field11": "113", "Field12": "East Marginal Way S", "Field13": "0", "Field14": "East Marginal Way S & S Idaho St", "Field15": 2 }, "geometry": null },
{ "type": "Feature", "properties": { "Field1": "41850", "Field2": "Y", "Field3": "SEA", "Field4": "1275084.3", "Field5": "212096.6", "Field6": "YES", "Field7": "ACT", "Field8": "NO", "Field9": "S Spokane St", "Field10": "98144", "Field11": "107 60", "Field12": "15th Ave S", "Field13": "1", "Field14": "15th Ave S & S Spokane St", "Field15": 3 }, "geometry": null },
{ "type": "Feature", "properties": { "Field1": "41870", "Field2": "Y", "Field3": "SEA", "Field4": "1275115.3999999999", "Field5": "213358.9", "Field6": "YES", "Field7": "ACT", "Field8": "NO", "Field9": "S Hanford St", "Field10": "98144", "Field11": "107 60", "Field12": "15th Ave S", "Field13": "0", "Field14": "15th Ave S & S Hanford St", "Field15": 2 }, "geometry": null },
{ "type": "Feature", "properties": { "Field1": "43770", "Field2": "Y", "Field3": "SEA", "Field4": "1279143.1000000001", "Field5": "220608.7", "Field6": "YES", "Field7": "ACT", "Field8": "NO", "Field9": "S Dearborn St", "Field10": "98144", "Field11": "8", "Field12": "Martin L King Jr Way S", "Field13": "0", "Field14": "Martin L King Jr Way S & S Dearborn St", "Field15": 2 }, "geometry": null },
{ "type": "Feature", "properties": { "Field1": "43778", "Field2": "Y", "Field3": "SEA", "Field4": "1279410.2", "Field5": "223936.2", "Field6": "YES", "Field7": "ACT", "Field8": "NO", "Field9": "E Alder St", "Field10": "98122", "Field11": "8", "Field12": "Martin L King Jr Way", "Field13": "0", "Field14": "Martin L King Jr Way & E Alder St", "Field15": 2 }, "geometry": null },
{ "type": "Feature", "properties": { "Field1": "43782", "Field2": "Y", "Field3": "SEA", "Field4": "1279543", "Field5": "225069.4", "Field6": "YES", "Field7": "ACT", "Field8": "NO", "Field9": "E Cherry St", "Field10": "98122", "Field11": "8", "Field12": "Martin L King Jr Way", "Field13": "0", "Field14": "Martin L King Jr Way & E Cherry St", "Field15": 2 }, "geometry": null },
{ "type": "Feature", "properties": { "Field1": "43784", "Field2": "Y", "Field3": "SEA", "Field4": "1279589.3999999999", "Field5": "226008.9", "Field6": "YES", "Field7": "ACT", "Field8": "NO", "Field9": "E Marion St", "Field10": "98122", "Field11": "8", "Field12": "Martin L King Jr Way", "Field13": "0", "Field14": "Martin L King Jr Way & E Marion St", "Field15": 2 }, "geometry": null },
{ "type": "Feature", "properties": { "Field1": "27395", "Field2": "Y", "Field3": "SEA", "Field4": "1275157.5", "Field5": "222993.4", "Field6": "YES", "Field7": "ACT", "Field8": "NO", "Field9": "14th Ave S", "Field10": "98122", "Field11": "27", "Field12": "E Yesler Way", "Field13": "0", "Field14": "E Yesler Way & 14th Ave S", "Field15": 2 }, "geometry": null },
{ "type": "Feature", "properties": { "Field1": "27420", "Field2": "Y", "Field3": "SEA", "Field4": "1273595.7", "Field5": "223022.7", "Field6": "YES", "Field7": "ACT", "Field8": "NO", "Field9": "Broadway", "Field10": "98122", "Field11": "27 60 96N", "Field12": "E Yesler Way", "Field13": "0", "Field14": "E Yesler Way & Broadway", "Field15": 2 }, "geometry": null },
{ "type": "Feature", "properties": { "Field1": "27430", "Field2": "Y", "Field3": "SEA", "Field4": "1272734.6000000001", "Field5": "223043.5", "Field6": "YES", "Field7": "ACT", "Field8": "NO", "Field9": "8th Ave", "Field10": "98104", "Field11": "27", "Field12": "Yesler Way", "Field13": "1", "Field14": "Yesler Way & 8th Ave", "Field15": 3 }, "geometry": null },
{ "type": "Feature", "properties": { "Field1": "27480", "Field2": "Y", "Field3": "SEA", "Field4": "1272784.2", "Field5": "223041.7", "Field6": "YES", "Field7": "ACT", "Field8": "NO", "Field9": "8th Ave S", "Field10": "98104", "Field11": "27", "Field12": "Yesler Way", "Field13": "1", "Field14": "Yesler Way & 8th Ave S", "Field15": 3 }, "geometry": null },
{ "type": "Feature", "properties": { "Field1": "27500", "Field2": "Y", "Field3": "SEA", "Field4": "1273709.5", "Field5": "223020.6", "Field6": "YES", "Field7": "ACT", "Field8": "NO", "Field9": "Broadway", "Field10": "98122", "Field11": "27 60 96N", "Field12": "E Yesler Way", "Field13": "0", "Field14": "E Yesler Way & Broadway", "Field15": 2 }, "geometry": null },
{ "type": "Feature", "properties": { "Field1": "27510", "Field2": "Y", "Field3": "SEA", "Field4": "1274594.2", "Field5": "223003.8", "Field6": "YES", "Field7": "ACT", "Field8": "NO", "Field9": "12th Ave S", "Field10": "98122", "Field11": "27", "Field12": "E Yesler Way", "Field13": "1", "Field14": "E Yesler Way & 12th Ave S", "Field15": 3 }, "geometry": null },
{ "type": "Feature", "properties": { "Field1": "27520", "Field2": "Y", "Field3": "SEA", "Field4": "1275230.2", "Field5": "222991.7", "Field6": "YES", "Field7": "ACT", "Field8": "NO", "Field9": "14th Ave S", "Field10": "98122", "Field11": "27", "Field12": "E Yesler Way", "Field13": "0", "Field14": "E Yesler Way & 14th Ave S", "Field15": 2 }, "geometry": null },
{ "type": "Feature", "properties": { "Field1": "27530", "Field2": "Y", "Field3": "SEA", "Field4": "1275837", "Field5": "222978.6", "Field6": "YES", "Field7": "ACT", "Field8": "NO", "Field9": "16th Ave S", "Field10": "98122", "Field11": "27", "Field12": "E Yesler Way", "Field13": "0", "Field14": "E Yesler Way & 16th Ave S", "Field15": 2 }, "geometry": null },
{ "type": "Feature", "properties": { "Field1": "27540", "Field2": "Y", "Field3": "SEA", "Field4": "1276470.7", "Field5": "222964.8", "Field6": "YES", "Field7": "ACT", "Field8": "NO", "Field9": "18th Ave S", "Field10": "98122", "Field11": "27", "Field12": "E Yesler Way", "Field13": "0", "Field14": "E Yesler Way & 18th Ave S", "Field15": 2 }, "geometry": null },
{ "type": "Feature", "properties": { "Field1": "29213", "Field2": "Y", "Field3": "SEA", "Field4": "1259041.8999999999", "Field5": "247747.7", "Field6": "YES", "Field7": "ACT", "Field8": "NO", "Field9": "Tallman Ave NW", "Field10": "98107", "Field11": "44", "Field12": "NW Market St", "Field13": "1", "Field14": "NW Market St & Tallman Ave NW", "Field15": 3 }, "geometry": null },
{ "type": "Feature", "properties": { "Field1": "41965", "Field2": "Y", "Field3": "SEA", "Field4": "1273554.1000000001", "Field5": "227111.3", "Field6": "YES", "Field7": "ACT", "Field8": "NO", "Field9": "E Union St", "Field10": "98122", "Field11": "43 60 9E", "Field12": "Broadway", "Field13": "1", "Field14": "Broadway & E Union St", "Field15": 3 }, "geometry": null },
{ "type": "Feature", "properties": { "Field1": "41970", "Field2": "Y", "Field3": "SEA", "Field4": "1273565.7", "Field5": "227939.5", "Field6": "YES", "Field7": "ACT", "Field8": "NO", "Field9": "E Pine St", "Field10": "98122", "Field11": "43 60 96N 9E", "Field12": "Broadway", "Field13": "0", "Field14": "Broadway & E Pine St", "Field15": 2 }, "geometry": null },
{ "type": "Feature", "properties": { "Field1": "41980", "Field2": "Y", "Field3": "SEA", "Field4": "1273562.5", "Field5": "227566.5", "Field6": "YES", "Field7": "ACT", "Field8": "NO", "Field9": "E Pike St", "Field10": "98122", "Field11": "43 60 96N 9E", "Field12": "Broadway", "Field13": "0", "Field14": "Broadway & E Pike St", "Field15": 2 }, "geometry": null },
{ "type": "Feature", "properties": { "Field1": "41981", "Field2": "Y", "Field3": "SEA", "Field4": "1271706.3999999999", "Field5": "225832.6", "Field6": "YES", "Field7": "ACT", "Field8": "NO", "Field9": "Spring St", "Field10": "98101", "Field11": "193E", "Field12": "9th Ave", "Field13": "0", "Field14": "9th Ave & Spring St", "Field15": 2 }, "geometry": null },
{ "type": "Feature", "properties": { "Field1": "41982", "Field2": "Y", "Field3": "SEA", "Field4": "1273553.3", "Field5": "227044.4", "Field6": "YES", "Field7": "ACT", "Field8": "NO", "Field9": "E Union St", "Field10": "98122", "Field11": "43 60 9E", "Field12": "Broadway", "Field13": "0", "Field14": "Broadway & E Union St", "Field15": 2 }, "geometry": null },
{ "type": "Feature", "properties": { "Field1": "41986", "Field2": "Y", "Field3": "SEA", "Field4": "1273537.3", "Field5": "225962.1", "Field6": "YES", "Field7": "ACT", "Field8": "NO", "Field9": "Marion St", "Field10": "98122", "Field11": "43 96N 9E", "Field12": "Broadway", "Field13": "0", "Field14": "Broadway & Marion St", "Field15": 2 }, "geometry": null },
{ "type": "Feature", "properties": { "Field1": "41987", "Field2": "Y", "Field3": "SEA", "Field4": "1273510.1000000001", "Field5": "224441.9", "Field6": "YES", "Field7": "ACT", "Field8": "NO", "Field9": "Terrace St", "Field10": "98122", "Field11": "43 9E", "Field12": "Broadway", "Field13": "0", "Field14": "Broadway & Terrace St", "Field15": 2 }, "geometry": null },
{ "type": "Feature", "properties": { "Field1": "41988", "Field2": "Y", "Field3": "SEA", "Field4": "1273504.3", "Field5": "224100.4", "Field6": "YES", "Field7": "ACT", "Field8": "NO", "Field9": "Terrace St", "Field10": "98122", "Field11": "96N", "Field12": "Broadway", "Field13": "0", "Field14": "Broadway & Terrace St", "Field15": 2 }, "geometry": null },
{ "type": "Feature", "properties": { "Field1": "41989", "Field2": "Y", "Field3": "SEA", "Field4": "1274127.7", "Field5": "223125.8", "Field6": "YES", "Field7": "ACT", "Field8": "NO", "Field9": "E Yesler Way", "Field10": "98122", "Field11": "43 9E", "Field12": "Boren Ave", "Field13": "0", "Field14": "Boren Ave & E Yesler Way", "Field15": 2 }, "geometry": null },
{ "type": "Feature", "properties": { "Field1": "45780", "Field2": "Y", "Field3": "SEA", "Field4": "1270924.1000000001", "Field5": "203554.7", "Field6": "YES", "Field7": "ACT", "Field8": "NO", "Field9": "S Front St", "Field10": "98108", "Field11": "131 132", "Field12": "4th Ave S", "Field13": "1", "Field14": "4th Ave S & S Front St", "Field15": 3 }, "geometry": null },
{ "type": "Feature", "properties": { "Field1": "45790", "Field2": "Y", "Field3": "SEA", "Field4": "1270941", "Field5": "204347.8", "Field6": "YES", "Field7": "ACT", "Field8": "NO", "Field9": "S Fidalgo St", "Field10": "98108", "Field11": "131 132", "Field12": "4th Ave S", "Field13": "1", "Field14": "4th Ave S & S Fidalgo St", "Field15": 3 }, "geometry": null },
{ "type": "Feature", "properties": { "Field1": "45800", "Field2": "Y", "Field3": "SEA", "Field4": "1270956.8999999999", "Field5": "204979.6", "Field6": "YES", "Field7": "ACT", "Field8": "NO", "Field9": "S Orcas St", "Field10": "98108", "Field11": "131 132", "Field12": "4th Ave S", "Field13": "1", "Field14": "4th Ave S & S Orcas St", "Field15": 3 }, "geometry": null },
{ "type": "Feature", "properties": { "Field1": "45810", "Field2": "Y", "Field3": "SEA", "Field4": "1270972.5", "Field5": "205590.2", "Field6": "YES", "Field7": "ACT", "Field8": "NO", "Field9": "S Lucile St", "Field10": "98108", "Field11": "131 132", "Field12": "4th Ave S", "Field13": "0", "Field14": "4th Ave S & S Lucile St", "Field15": 2 }, "geometry": null },
{ "type": "Feature", "properties": { "Field1": "45820", "Field2": "Y", "Field3": "SEA", "Field4": "1270985.2", "Field5": "206087.7", "Field6": "YES", "Field7": "ACT", "Field8": "NO", "Field9": "S Bennett St", "Field10": "98108", "Field11": "131 132", "Field12": "4th Ave S", "Field13": "1", "Field14": "4th Ave S & S Bennett St", "Field15": 3 }, "geometry": null },
{ "type": "Feature", "properties": { "Field1": "45840", "Field2": "Y", "Field3": "SEA", "Field4": "1271083.2", "Field5": "209743.8", "Field6": "YES", "Field7": "ACT", "Field8": "NO", "Field9": "S Industrial Way", "Field10": "98134", "Field11": "131 132", "Field12": "4th Ave S", "Field13": "0", "Field14": "4th Ave S & S Industrial Way", "Field15": 2 }, "geometry": null },
{ "type": "Feature", "properties": { "Field1": "31830", "Field2": "Y", "Field3": "SEA", "Field4": "1256926.8", "Field5": "209952.4", "Field6": "YES", "Field7": "ACT", "Field8": "NO", "Field9": "SW Genesee St", "Field10": "98116", "Field11": "128 50", "Field12": "California Ave SW", "Field13": "0", "Field14": "California Ave SW & SW Genesee St", "Field15": 2 }, "geometry": null },
{ "type": "Feature", "properties": { "Field1": "31850", "Field2": "Y", "Field3": "SEA", "Field4": "1256954", "Field5": "211276.5", "Field6": "YES", "Field7": "ACT", "Field8": "NO", "Field9": "SW Andover St", "Field10": "98116", "Field11": "128 50", "Field12": "California Ave SW", "Field13": "0", "Field14": "California Ave SW & SW Andover St", "Field15": 2 }, "geometry": null },
{ "type": "Feature", "properties": { "Field1": "31871", "Field2": "Y", "Field3": "SEA", "Field4": "1256982.6000000001", "Field5": "212624.5", "Field6": "YES", "Field7": "ACT", "Field8": "NO", "Field9": "SW Spokane St", "Field10": "98116", "Field11": "128 50", "Field12": "California Ave SW", "Field13": "0", "Field14": "California Ave SW & SW Spokane St", "Field15": 2 }, "geometry": null },
{ "type": "Feature", "properties": { "Field1": "31890", "Field2": "Y", "Field3": "SEA", "Field4": "1257013.2", "Field5": "213950.9", "Field6": "YES", "Field7": "ACT", "Field8": "NO", "Field9": "SW Hanford St", "Field10": "98116", "Field11": "128 50", "Field12": "California Ave SW", "Field13": "0", "Field14": "California Ave SW & SW Hanford St", "Field15": 2 }, "geometry": null },
{ "type": "Feature", "properties": { "Field1": "31900", "Field2": "Y", "Field3": "SEA", "Field4": "1257043.2", "Field5": "214609.9", "Field6": "YES", "Field7": "ACT", "Field8": "NO", "Field9": "SW Stevens St", "Field10": "98116", "Field11": "128 50", "Field12": "California Ave SW", "Field13": "0", "Field14": "California Ave SW & SW Stevens St", "Field15": 2 }, "geometry": null },
{ "type": "Feature", "properties": { "Field1": "32740", "Field2": "Y", "Field3": "SEA", "Field4": "1255676.7", "Field5": "219432.7", "Field6": "YES", "Field7": "ACT", "Field8": "NO", "Field9": "Harbor Ave SW", "Field10": "98116", "Field12": "Alki Ave SW", "Field13": "0", "Field14": "Alki Ave SW & Harbor Ave SW", "Field15": 2 }, "geometry": null },
{ "type": "Feature", "properties": { "Field1": "32750", "Field2": "Y", "Field3": "SEA", "Field4": "1255082.2", "Field5": "218682.1", "Field6": "YES", "Field7": "ACT", "Field8": "NO", "Field9": "Bonair Dr SW", "Field10": "98116", "Field12": "Alki Ave SW", "Field13": "0", "Field14": "Alki Ave SW & Bonair Dr SW", "Field15": 2 }, "geometry": null },
{ "type": "Feature", "properties": { "Field1": "31731", "Field2": "Y", "Field3": "SEA", "Field4": "1261765.5", "Field5": "193794.1", "Field6": "YES", "Field7": "ACT", "Field8": "NO", "Field9": "SW Barton St", "Field10": "98106", "Field11": "22 H", "Field12": "26th Ave SW", "Field13": "1", "Field14": "26th Ave SW & SW Barton St", "Field15": 3 }, "geometry": null },
{ "type": "Feature", "properties": { "Field1": "32601", "Field2": "Y", "Field3": "SEA", "Field4": "1260938.7", "Field5": "212443.3", "Field6": "YES", "Field7": "ACT", "Field8": "NO", "Field9": "30th Ave SW", "Field10": "98126", "Field11": "773", "Field12": "Harbor Ave SW", "Field13": "0", "Field14": "Harbor Ave SW & 30th Ave SW", "Field15": 2 }, "geometry": null },
{ "type": "Feature", "properties": { "Field1": "32610", "Field2": "Y", "Field3": "SEA", "Field4": "1260797", "Field5": "214172.79999999999", "Field6": "YES", "Field7": "ACT", "Field8": "NO", "Field9": "SW Harbor Ln", "Field10": "98126", "Field11": "773", "Field12": "Harbor Ave SW", "Field13": "0", "Field14": "Harbor Ave SW & SW Harbor Ln", "Field15": 2 }, "geometry": null },
{ "type": "Feature", "properties": { "Field1": "32620", "Field2": "Y", "Field3": "SEA", "Field4": "1260432.7", "Field5": "216022.2", "Field6": "YES", "Field7": "ACT", "Field8": "NO", "Field9": "SW Florida St", "Field10": "98126", "Field11": "773", "Field12": "Harbor Ave SW", "Field13": "0", "Field14": "Harbor Ave SW & SW Florida St", "Field15": 2 }, "geometry": null },
{ "type": "Feature", "properties": { "Field1": "32630", "Field2": "Y", "Field3": "SEA", "Field4": "1260246.8999999999", "Field5": "216418.9", "Field6": "YES", "Field7": "ACT", "Field8": "NO", "Field9": "Fauntleroy Ave SW", "Field10": "98126", "Field11": "773", "Field12": "Harbor Ave SW", "Field13": "0", "Field14": "Harbor Ave SW & Fauntleroy Ave SW", "Field15": 2 }, "geometry": null },
{ "type": "Feature", "properties": { "Field1": "32640", "Field2": "Y", "Field3": "SEA", "Field4": "1259925.1000000001", "Field5": "216997.5", "Field6": "YES", "Field7": "ACT", "Field8": "NO", "Field9": "Fairmount Ave SW", "Field10": "98126", "Field11": "773", "Field12": "Harbor Ave SW", "Field13": "0", "Field14": "Harbor Ave SW & Fairmount Ave SW", "Field15": 2 }, "geometry": null },
{ "type": "Feature", "properties": { "Field1": "32760", "Field2": "Y", "Field3": "SEA", "Field4": "1254747.2", "Field5": "218273.9", "Field6": "YES", "Field7": "ACT", "Field8": "NO", "Field9": "Bonair Dr SW", "Field10": "98116", "Field12": "Alki Ave SW", "Field13": "0", "Field14": "Alki Ave SW & Bonair Dr SW", "Field15": 2 }, "geometry": null },
{ "type": "Feature", "properties": { "Field1": "32771", "Field2": "Y", "Field3": "SEA", "Field4": "1254197.7", "Field5": "217597.1", "Field6": "YES", "Field7": "ACT", "Field8": "NO", "Field9": "Bonair Dr SW", "Field10": "98116", "Field12": "Alki Ave SW", "Field13": "0", "Field14": "Alki Ave SW & Bonair Dr SW", "Field15": 2 }, "geometry": null },
{ "type": "Feature", "properties": { "Field1": "32790", "Field2": "Y", "Field3": "SEA", "Field4": "1253509.5", "Field5": "216754.2", "Field6": "YES", "Field7": "ACT", "Field8": "NO", "Field9": "53rd Ave SW", "Field10": "98116", "Field12": "Alki Ave SW", "Field13": "0", "Field14": "Alki Ave SW & 53rd Ave SW", "Field15": 2 }, "geometry": null },
{ "type": "Feature", "properties": { "Field1": "32815", "Field2": "Y", "Field3": "SEA", "Field4": "1252333.7", "Field5": "215892.3", "Field6": "YES", "Field7": "ACT", "Field8": "NO", "Field9": "58th Ave SW", "Field10": "98116", "Field12": "Alki Ave SW", "Field13": "0", "Field14": "Alki Ave SW & 58th Ave SW", "Field15": 2 }, "geometry": null },
{ "type": "Feature", "properties": { "Field1": "32830", "Field2": "Y", "Field3": "SEA", "Field4": "1251606.8999999999", "Field5": "215448", "Field6": "YES", "Field7": "ACT", "Field8": "NO", "Field9": "60th Ave SW", "Field10": "98116", "Field12": "Alki Ave SW", "Field13": "0", "Field14": "Alki Ave SW & 60th Ave SW", "Field15": 2 }, "geometry": null },
{ "type": "Feature", "properties": { "Field1": "32840", "Field2": "Y", "Field3": "SEA", "Field4": "1251176.7", "Field5": "215251.9", "Field6": "YES", "Field7": "ACT", "Field8": "NO", "Field9": "61st Ave SW", "Field10": "98116", "Field12": "Alki Ave SW", "Field13": "0", "Field14": "Alki Ave SW & 61st Ave SW", "Field15": 2 }, "geometry": null },
{ "type": "Feature", "properties": { "Field1": "32850", "Field2": "Y", "Field3": "SEA", "Field4": "1250481.1000000001", "Field5": "214872", "Field6": "YES", "Field7": "ACT", "Field8": "NO", "Field9": "Alki Ave SW", "Field10": "98116", "Field12": "63rd Ave SW", "Field13": "0", "Field14": "63rd Ave SW & Alki Ave SW", "Field15": 2 }, "geometry": null },
{ "type": "Feature", "properties": { "Field1": "35691", "Field2": "Y", "Field3": "SEA", "Field4": "1271064.8999999999", "Field5": "252641.1", "Field6": "YES", "Field7": "ACT", "Field8": "NO", "Field9": "Meridian Ave N", "Field10": "98103", "Field11": "45", "Field12": "East Green Lake Dr N", "Field13": "1", "Field14": "East Green Lake Dr N & Meridian Ave N", "Field15": 3 }, "geometry": null },
{ "type": "Feature", "properties": { "Field1": "35380", "Field2": "Y", "Field3": "SEA", "Field4": "1276399.8", "Field5": "265923.8", "Field6": "YES", "Field7": "ACT", "Field8": "NO", "Field9": "15th Ave NE", "Field10": "98125", "Field11": "75", "Field12": "NE 125th St", "Field13": "0", "Field14": "NE 125th St & 15th Ave NE", "Field15": 2 }, "geometry": null },
{ "type": "Feature", "properties": { "Field1": "35400", "Field2": "Y", "Field3": "SEA", "Field4": "1277693", "Field5": "265874.3", "Field6": "YES", "Field7": "ACT", "Field8": "NO", "Field9": "20th Ave NE", "Field10": "98125", "Field11": "75", "Field12": "NE 125th St", "Field13": "0", "Field14": "NE 125th St & 20th Ave NE", "Field15": 2 }, "geometry": null },
{ "type": "Feature", "properties": { "Field1": "35420", "Field2": "Y", "Field3": "SEA", "Field4": "1279049.3", "Field5": "265830.7", "Field6": "YES", "Field7": "ACT", "Field8": "NO", "Field9": "25th Ave NE", "Field10": "98125", "Field11": "75", "Field12": "NE 125th St", "Field13": "0", "Field14": "NE 125th St & 25th Ave NE", "Field15": 2 }, "geometry": null },
{ "type": "Feature", "properties": { "Field1": "35440", "Field2": "Y", "Field3": "SEA", "Field4": "1280045.7", "Field5": "265802.90000000002", "Field6": "YES", "Field7": "ACT", "Field8": "NO", "Field9": "28th Ave NE", "Field10": "98125", "Field11": "75", "Field12": "NE 125th St", "Field13": "0", "Field14": "NE 125th St & 28th Ave NE", "Field15": 2 }, "geometry": null },
{ "type": "Feature", "properties": { "Field1": "35540", "Field2": "Y", "Field3": "SEA", "Field4": "1255448.7", "Field5": "255808.4", "Field6": "YES", "Field7": "ACT", "Field8": "NO", "Field9": "31st Ave NW", "Field10": "98117", "Field11": "45", "Field12": "NW 85th St", "Field13": "0", "Field14": "NW 85th St & 31st Ave NW", "Field15": 2 }, "geometry": null },
{ "type": "Feature", "properties": { "Field1": "35550", "Field2": "Y", "Field3": "SEA", "Field4": "1256056.3", "Field5": "255796.9", "Field6": "YES", "Field7": "ACT", "Field8": "NO", "Field9": "29th Ave NW", "Field10": "98117", "Field11": "45", "Field12": "NW 85th St", "Field13": "0", "Field14": "NW 85th St & 29th Ave NW", "Field15": 2 }, "geometry": null },
{ "type": "Feature", "properties": { "Field1": "35551", "Field2": "Y", "Field3": "SEA", "Field4": "1257608.5", "Field5": "255766.8", "Field6": "YES", "Field7": "ACT", "Field8": "NO", "Field9": "24th Ave NW", "Field10": "98117", "Field11": "45", "Field12": "NW 85th St", "Field13": "1", "Field14": "NW 85th St & 24th Ave NW", "Field15": 3 }, "geometry": null },
{ "type": "Feature", "properties": { "Field1": "49725", "Field2": "Y", "Field3": "SEA", "Field4": "1272456.2", "Field5": "196874.6", "Field6": "YES", "Field7": "ACT", "Field8": "NO", "Field9": "S Southern St", "Field10": "98108", "Field11": "132", "Field12": "8th Ave S", "Field13": "0", "Field14": "8th Ave S & S Southern St", "Field15": 2 }, "geometry": null },
{ "type": "Feature", "properties": { "Field1": "49726", "Field2": "Y", "Field3": "SEA", "Field4": "1272432.3999999999", "Field5": "196100.4", "Field6": "YES", "Field7": "ACT", "Field8": "NO", "Field9": "S Thistle St", "Field10": "98108", "Field11": "132", "Field12": "8th Ave S", "Field13": "0", "Field14": "8th Ave S & S Thistle St", "Field15": 2 }, "geometry": null },
{ "type": "Feature", "properties": { "Field1": "49730", "Field2": "Y", "Field3": "SEA", "Field4": "1272424.8", "Field5": "195851.5", "Field6": "YES", "Field7": "ACT", "Field8": "NO", "Field9": "S Sullivan St", "Field10": "98108", "Field11": "132", "Field12": "8th Ave S", "Field13": "1", "Field14": "8th Ave S & S Sullivan St", "Field15": 3 }, "geometry": null },
{ "type": "Feature", "properties": { "Field1": "49731", "Field2": "Y", "Field3": "SEA", "Field4": "1272438.8999999999", "Field5": "196310.3", "Field6": "YES", "Field7": "ACT", "Field8": "NO", "Field9": "S Thistle St", "Field10": "98108", "Field11": "132", "Field12": "8th Ave S", "Field13": "0", "Field14": "8th Ave S & S Thistle St", "Field15": 2 }, "geometry": null },
{ "type": "Feature", "properties": { "Field1": "49732", "Field2": "Y", "Field3": "SEA", "Field4": "1272457.5", "Field5": "196914.6", "Field6": "YES", "Field7": "ACT", "Field8": "NO", "Field9": "S Southern St", "Field10": "98108", "Field11": "132", "Field12": "8th Ave S", "Field13": "0", "Field14": "8th Ave S & S Southern St", "Field15": 2 }, "geometry": null },
{ "type": "Feature", "properties": { "Field1": "49733", "Field2": "Y", "Field3": "SEA", "Field4": "1272475.1000000001", "Field5": "197486.4", "Field6": "YES", "Field7": "ACT", "Field8": "NO", "Field9": "S Kenyon St", "Field10": "98108", "Field11": "132", "Field12": "8th Ave S", "Field13": "0", "Field14": "8th Ave S & S Kenyon St", "Field15": 2 }, "geometry": null },
{ "type": "Feature", "properties": { "Field1": "35721", "Field2": "Y", "Field3": "SEA", "Field4": "1272529.8", "Field5": "252072.5", "Field6": "YES", "Field7": "ACT", "Field8": "NO", "Field9": "4th Ave NE", "Field10": "98115", "Field11": "45", "Field12": "East Green Lake Dr N", "Field13": "1", "Field14": "East Green Lake Dr N & 4th Ave NE", "Field15": 3 }, "geometry": null },
{ "type": "Feature", "properties": { "Field1": "37200", "Field2": "Y", "Field3": "SEA", "Field4": "1257140", "Field5": "218836.9", "Field6": "YES", "Field7": "ACT", "Field8": "NO", "Field9": "California Ave SW", "Field10": "98116", "Field11": "128", "Field12": "SW Seattle St", "Field13": "0", "Field14": "SW Seattle St & California Ave SW", "Field15": 2 }, "geometry": null },
{ "type": "Feature", "properties": { "Field1": "37220", "Field2": "Y", "Field3": "SEA", "Field4": "1256630.7", "Field5": "209222.5", "Field6": "YES", "Field7": "ACT", "Field8": "NO", "Field9": "44th Ave SW", "Field10": "98116", "Field11": "128 50", "Field12": "SW Oregon St", "Field13": "0", "Field14": "SW Oregon St & 44th Ave SW", "Field15": 2 }, "geometry": null },
{ "type": "Feature", "properties": { "Field1": "37350", "Field2": "Y", "Field3": "SEA", "Field4": "1275824.2", "Field5": "246215.6", "Field6": "YES", "Field7": "ACT", "Field8": "NO", "Field9": "NE 50th St", "Field10": "98105", "Field11": "45", "Field12": "University Way NE", "Field13": "1", "Field14": "University Way NE & NE 50th St", "Field15": 3 }, "geometry": null },
{ "type": "Feature", "properties": { "Field1": "37074", "Field2": "Y", "Field3": "SEA", "Field4": "1261541.5", "Field5": "255708", "Field6": "YES", "Field7": "ACT", "Field8": "NO", "Field9": "12th Ave NW", "Field10": "98117", "Field11": "45", "Field12": "NW 85th St", "Field13": "0", "Field14": "NW 85th St & 12th Ave NW", "Field15": 2 }, "geometry": null },
{ "type": "Feature", "properties": { "Field1": "37078", "Field2": "Y", "Field3": "SEA", "Field4": "1258359.6000000001", "Field5": "255755", "Field6": "YES", "Field7": "ACT", "Field8": "NO", "Field9": "22nd Ave NW", "Field10": "98117", "Field11": "40 45", "Field12": "NW 85th St", "Field13": "0", "Field14": "NW 85th St & 22nd Ave NW", "Field15": 2 }, "geometry": null },
{ "type": "Feature", "properties": { "Field1": "37080", "Field2": "Y", "Field3": "SEA", "Field4": "1260666", "Field5": "255719.9", "Field6": "YES", "Field7": "ACT", "Field8": "NO", "Field9": "Mary Ave NW", "Field10": "98117", "Field11": "45", "Field12": "NW 85th St", "Field13": "0", "Field14": "NW 85th St & Mary Ave NW", "Field15": 2 }, "geometry": null },
{ "type": "Feature", "properties": { "Field1": "37081", "Field2": "Y", "Field3": "SEA", "Field4": "1260109.7", "Field5": "255727.8", "Field6": "YES", "Field7": "ACT", "Field8": "NO", "Field9": "15th Ave NW", "Field10": "98117", "Field11": "40 45", "Field12": "NW 85th St", "Field13": "1", "Field14": "NW 85th St & 15th Ave NW", "Field15": 3 }, "geometry": null },
{ "type": "Feature", "properties": { "Field1": "37083", "Field2": "Y", "Field3": "SEA", "Field4": "1259158.5", "Field5": "255742.4", "Field6": "LTD", "Field7": "ACT", "Field8": "NO", "Field9": "19th Ave NW", "Field10": "98117", "Field11": "40 45", "Field12": "NW 85th St", "Field13": "0", "Field14": "NW 85th St & 19th Ave NW", "Field15": 0 }, "geometry": null },
{ "type": "Feature", "properties": { "Field1": "37086", "Field2": "Y", "Field3": "SEA", "Field4": "1257558.5", "Field5": "255767.8", "Field6": "YES", "Field7": "ACT", "Field8": "NO", "Field9": "24th Ave NW", "Field10": "98117", "Field11": "45", "Field12": "NW 85th St", "Field13": "0", "Field14": "NW 85th St & 24th Ave NW", "Field15": 2 }, "geometry": null },
{ "type": "Feature", "properties": { "Field1": "37087", "Field2": "Y", "Field3": "SEA", "Field4": "1256844.8", "Field5": "255781.6", "Field6": "YES", "Field7": "ACT", "Field8": "NO", "Field9": "27th Ave NW", "Field10": "98117", "Field11": "45", "Field12": "NW 85th St", "Field13": "0", "Field14": "NW 85th St & 27th Ave NW", "Field15": 2 }, "geometry": null },
{ "type": "Feature", "properties": { "Field1": "49739", "Field2": "Y", "Field3": "SEA", "Field4": "1274372.8999999999", "Field5": "194851.1", "Field6": "YES", "Field7": "ACT", "Field8": "NO", "Field9": "S Trenton St", "Field10": "98108", "Field11": "132", "Field12": "14th Ave S", "Field13": "0", "Field14": "14th Ave S & S Trenton St", "Field15": 2 }, "geometry": null },
{ "type": "Feature", "properties": { "Field1": "49740", "Field2": "Y", "Field3": "SEA", "Field4": "1274353.7", "Field5": "194227.3", "Field6": "YES", "Field7": "ACT", "Field8": "NO", "Field9": "S Henderson St", "Field10": "98108", "Field11": "132", "Field12": "14th Ave S", "Field13": "0", "Field14": "14th Ave S & S Henderson St", "Field15": 2 }, "geometry": null },
{ "type": "Feature", "properties": { "Field1": "37352", "Field2": "Y", "Field3": "SEA", "Field4": "1275859.7", "Field5": "247449.4", "Field6": "YES", "Field7": "ACT", "Field8": "NO", "Field9": "NE 55th St", "Field10": "98105", "Field11": "45", "Field12": "University Way NE", "Field13": "1", "Field14": "University Way NE & NE 55th St", "Field15": 3 }, "geometry": null },
{ "type": "Feature", "properties": { "Field1": "37353", "Field2": "Y", "Field3": "SEA", "Field4": "1275870.7", "Field5": "248184.6", "Field6": "YES", "Field7": "ACT", "Field8": "NO", "Field9": "NE Ravenna Blvd", "Field10": "98105", "Field11": "45", "Field12": "University Way NE", "Field13": "1", "Field14": "University Way NE & NE Ravenna Blvd", "Field15": 3 }, "geometry": null },
{ "type": "Feature", "properties": { "Field1": "37359", "Field2": "Y", "Field3": "SEA", "Field4": "1275992.3", "Field5": "250009.8", "Field6": "YES", "Field7": "ACT", "Field8": "NO", "Field9": "14th Ave NE", "Field10": "98115", "Field11": "45 62", "Field12": "NE 65th St", "Field13": "1", "Field14": "NE 65th St & 14th Ave NE", "Field15": 3 }, "geometry": null },
{ "type": "Feature", "properties": { "Field1": "37360", "Field2": "Y", "Field3": "SEA", "Field4": "1276521.3", "Field5": "249997.2", "Field6": "YES", "Field7": "ACT", "Field8": "NO", "Field9": "16th Ave NE", "Field10": "98115", "Field11": "62", "Field12": "NE 65th St", "Field13": "1", "Field14": "NE 65th St & 16th Ave NE", "Field15": 3 }, "geometry": null },
{ "type": "Feature", "properties": { "Field1": "38920", "Field2": "Y", "Field3": "SEA", "Field4": "1276301.3999999999", "Field5": "265168.7", "Field6": "YES", "Field7": "ACT", "Field8": "NO", "Field9": "NE 123rd St", "Field10": "98125", "Field11": "348", "Field12": "15th Ave NE", "Field13": "1", "Field14": "15th Ave NE & NE 123rd St", "Field15": 3 }, "geometry": null },
{ "type": "Feature", "properties": { "Field1": "38930", "Field2": "Y", "Field3": "SEA", "Field4": "1276304.3", "Field5": "264482.7", "Field6": "YES", "Field7": "ACT", "Field8": "NO", "Field9": "NE 120th St", "Field10": "98125", "Field11": "348", "Field12": "15th Ave NE", "Field13": "1", "Field14": "15th Ave NE & NE 120th St", "Field15": 3 }, "geometry": null },
{ "type": "Feature", "properties": { "Field1": "38962", "Field2": "Y", "Field3": "SEA", "Field4": "1275740", "Field5": "263415.5", "Field6": "YES", "Field7": "ACT", "Field8": "NO", "Field9": "NE 115th St", "Field10": "98125", "Field11": "348", "Field12": "Pinehurst Way NE", "Field13": "0", "Field14": "Pinehurst Way NE & NE 115th St", "Field15": 2 }, "geometry": null },
{ "type": "Feature", "properties": { "Field1": "38670", "Field2": "Y", "Field3": "SEA", "Field4": "1280334.1000000001", "Field5": "266618", "Field6": "YES", "Field7": "ACT", "Field8": "NO", "Field9": "NE 127th St", "Field10": "98125", "Field11": "65", "Field12": "30th Ave NE", "Field13": "0", "Field14": "30th Ave NE & NE 127th St", "Field15": 2 }, "geometry": null },
{ "type": "Feature", "properties": { "Field1": "38680", "Field2": "Y", "Field3": "SEA", "Field4": "1280340.1000000001", "Field5": "267181.3", "Field6": "YES", "Field7": "ACT", "Field8": "NO", "Field9": "NE 130th St", "Field10": "98125", "Field11": "65", "Field12": "30th Ave NE", "Field13": "0", "Field14": "30th Ave NE & NE 130th St", "Field15": 2 }, "geometry": null },
{ "type": "Feature", "properties": { "Field1": "38700", "Field2": "Y", "Field3": "SEA", "Field4": "1280354.5", "Field5": "268603.3", "Field6": "YES", "Field7": "ACT", "Field8": "NO", "Field9": "NE 135th St", "Field10": "98125", "Field11": "65", "Field12": "30th Ave NE", "Field13": "0", "Field14": "30th Ave NE & NE 135th St", "Field15": 2 }, "geometry": null },
{ "type": "Feature", "properties": { "Field1": "38720", "Field2": "Y", "Field3": "SEA", "Field4": "1280348.8999999999", "Field5": "269834.09999999998", "Field6": "YES", "Field7": "ACT", "Field8": "NO", "Field9": "NE 140th St", "Field10": "98125", "Field11": "65", "Field12": "30th Ave NE", "Field13": "0", "Field14": "30th Ave NE & NE 140th St", "Field15": 2 }, "geometry": null },
{ "type": "Feature", "properties": { "Field1": "38730", "Field2": "Y", "Field3": "SEA", "Field4": "1280359", "Field5": "270495.40000000002", "Field6": "LTD", "Field7": "ACT", "Field8": "NO", "Field9": "NE 143rd St", "Field10": "98125", "Field11": "65", "Field12": "30th Ave NE", "Field13": "0", "Field14": "30th Ave NE & NE 143rd St", "Field15": 0 }, "geometry": null },
{ "type": "Feature", "properties": { "Field1": "40049", "Field2": "Y", "Field3": "SEA", "Field4": "1260613", "Field5": "257140.4", "Field6": "YES", "Field7": "ACT", "Field8": "NO", "Field9": "Mary Ave NW", "Field10": "98117", "Field11": "40 D", "Field12": "Holman Rd NW", "Field13": "1", "Field14": "Holman Rd NW & Mary Ave NW", "Field15": 3 }, "geometry": null },
{ "type": "Feature", "properties": { "Field1": "40050", "Field2": "Y", "Field3": "SEA", "Field4": "1260690.8999999999", "Field5": "257243.3", "Field6": "YES", "Field7": "ACT", "Field8": "NO", "Field9": "Mary Ave NW", "Field10": "98117", "Field11": "40 D", "Field12": "Holman Rd NW", "Field13": "1", "Field14": "Holman Rd NW & Mary Ave NW", "Field15": 3 }, "geometry": null },
{ "type": "Feature", "properties": { "Field1": "40052", "Field2": "Y", "Field3": "SEA", "Field4": "1261435.8", "Field5": "257832.3", "Field6": "YES", "Field7": "ACT", "Field8": "NO", "Field9": "Holman Rd NW", "Field10": "98117", "Field11": "40", "Field12": "Holman Rd NW", "Field13": "0", "Field14": "Holman Rd NW & Holman Rd NW", "Field15": 2 }, "geometry": null },
{ "type": "Feature", "properties": { "Field1": "40054", "Field2": "Y", "Field3": "SEA", "Field4": "1262421.5", "Field5": "258557.5", "Field6": "YES", "Field7": "ACT", "Field8": "NO", "Field9": "9th Ave NW", "Field10": "98117", "Field11": "40", "Field12": "Holman Rd NW", "Field13": "0", "Field14": "Holman Rd NW & 9th Ave NW", "Field15": 2 }, "geometry": null },
{ "type": "Feature", "properties": { "Field1": "40056", "Field2": "Y", "Field3": "SEA", "Field4": "1263406.1000000001", "Field5": "259267.5", "Field6": "YES", "Field7": "ACT", "Field8": "NO", "Field9": "7th Ave NW", "Field10": "98117", "Field11": "40", "Field12": "Holman Rd NW", "Field13": "1", "Field14": "Holman Rd NW & 7th Ave NW", "Field15": 3 }, "geometry": null },
{ "type": "Feature", "properties": { "Field1": "40058", "Field2": "Y", "Field3": "SEA", "Field4": "1264421.3999999999", "Field5": "259999.7", "Field6": "YES", "Field7": "ACT", "Field8": "NO", "Field9": "3rd Ave NW", "Field10": "98177", "Field11": "40", "Field12": "Holman Rd NW", "Field13": "0", "Field14": "Holman Rd NW & 3rd Ave NW", "Field15": 2 }, "geometry": null },
{ "type": "Feature", "properties": { "Field1": "40060", "Field2": "Y", "Field3": "SEA", "Field4": "1265492.3999999999", "Field5": "260767.9", "Field6": "YES", "Field7": "ACT", "Field8": "NO", "Field9": "Greenwood Ave N", "Field10": "98133", "Field11": "40", "Field12": "Holman Rd N", "Field13": "1", "Field14": "Holman Rd N & Greenwood Ave N", "Field15": 3 }, "geometry": null },
{ "type": "Feature", "properties": { "Field1": "40065", "Field2": "Y", "Field3": "SEA", "Field4": "1267067.6000000001", "Field5": "260865", "Field6": "YES", "Field7": "ACT", "Field8": "NO", "Field9": "Fremont Ave N", "Field10": "98133", "Field11": "40", "Field12": "N 105th St", "Field13": "1", "Field14": "N 105th St & Fremont Ave N", "Field15": 3 }, "geometry": null },
{ "type": "Feature", "properties": { "Field1": "40068", "Field2": "Y", "Field3": "SEA", "Field4": "1268447.7", "Field5": "260832", "Field6": "YES", "Field7": "ACT", "Field8": "NO", "Field9": "Aurora Ave N", "Field10": "98133", "Field11": "40", "Field12": "N Northgate Way", "Field13": "2", "Field14": "N Northgate Way & Aurora Ave N", "Field15": 3 }, "geometry": null },
{ "type": "Feature", "properties": { "Field1": "40070", "Field2": "Y", "Field3": "SEA", "Field4": "1269060.1000000001", "Field5": "260818.8", "Field6": "YES", "Field7": "ACT", "Field8": "NO", "Field9": "Stone Ave N", "Field10": "98133", "Field11": "40", "Field12": "N Northgate Way", "Field13": "0", "Field14": "N Northgate Way & Stone Ave N", "Field15": 2 }, "geometry": null },
{ "type": "Feature", "properties": { "Field1": "41380", "Field2": "Y", "Field3": "SEA", "Field4": "1263898.7", "Field5": "239136", "Field6": "YES", "Field7": "ACT", "Field8": "NO", "Field9": "W Armour St", "Field10": "98119", "Field11": "13 4", "Field12": "3rd Ave W", "Field13": "0", "Field14": "3rd Ave W & W Armour St", "Field15": 2 }, "geometry": null },
{ "type": "Feature", "properties": { "Field1": "41390", "Field2": "Y", "Field3": "SEA", "Field4": "1263925.8999999999", "Field5": "240508.9", "Field6": "YES", "Field7": "ACT", "Field8": "NO", "Field9": "W Dravus St", "Field10": "98119", "Field11": "13N 4N", "Field12": "3rd Ave W", "Field13": "0", "Field14": "3rd Ave W & W Dravus St", "Field15": 2 }, "geometry": null },
{ "type": "Feature", "properties": { "Field1": "41430", "Field2": "Y", "Field3": "SEA", "Field4": "1263098.2", "Field5": "255684.8", "Field6": "YES", "Field7": "ACT", "Field8": "NO", "Field9": "8th Ave NW", "Field10": "98117", "Field11": "45", "Field12": "NW 85th St", "Field13": "1", "Field14": "NW 85th St & 8th Ave NW", "Field15": 3 }, "geometry": null },
{ "type": "Feature", "properties": { "Field1": "41450", "Field2": "Y", "Field3": "SEA", "Field4": "1265511.2", "Field5": "255618", "Field6": "YES", "Field7": "ACT", "Field8": "NO", "Field9": "Greenwood Ave N", "Field10": "98103", "Field11": "45", "Field12": "N 85th St", "Field13": "1", "Field14": "N 85th St & Greenwood Ave N", "Field15": 3 }, "geometry": null },
{ "type": "Feature", "properties": { "Field1": "55651", "Field2": "Y", "Field3": "SEA", "Field4": "1282832.3999999999", "Field5": "199363.6", "Field6": "YES", "Field7": "ACT", "Field8": "NO", "Field9": "S Othello St", "Field10": "98118", "Field11": "106", "Field12": "Martin L King Jr Way S", "Field13": "1", "Field14": "Martin L King Jr Way S & S Othello St", "Field15": 3 }, "geometry": null },
{ "type": "Feature", "properties": { "Field1": "55656", "Field2": "Y", "Field3": "SEA", "Field4": "1282660.3999999999", "Field5": "199787.7", "Field6": "YES", "Field7": "ACT", "Field8": "NO", "Field9": "S Myrtle St", "Field10": "98118", "Field11": "599", "Field12": "ST Light Rail", "Field13": "0", "Field14": "ST Light Rail & S Myrtle St", "Field15": 2 }, "geometry": null },
{ "type": "Feature", "properties": { "Field1": "55661", "Field2": "Y", "Field3": "SEA", "Field4": "1282614.7", "Field5": "200049.7", "Field6": "YES", "Field7": "ACT", "Field8": "NO", "Field9": "S Myrtle St", "Field10": "98118", "Field11": "106", "Field12": "Martin L King Jr Way S", "Field13": "1", "Field14": "Martin L King Jr Way S & S Myrtle St", "Field15": 3 }, "geometry": null },
{ "type": "Feature", "properties": { "Field1": "41750", "Field2": "Y", "Field3": "SEA", "Field4": "1274496.5", "Field5": "203019.4", "Field6": "YES", "Field7": "ACT", "Field8": "NO", "Field9": "Stanley Ave S", "Field10": "98108", "Field11": "107 60", "Field12": "S Albro Pl", "Field13": "0", "Field14": "S Albro Pl & Stanley Ave S", "Field15": 2 }, "geometry": null },
{ "type": "Feature", "properties": { "Field1": "41760", "Field2": "Y", "Field3": "SEA", "Field4": "1275123.8999999999", "Field5": "204019.4", "Field6": "YES", "Field7": "ACT", "Field8": "NO", "Field9": "16th Ave S", "Field10": "98108", "Field11": "107 60", "Field12": "Swift Ave S", "Field13": "0", "Field14": "Swift Ave S & 16th Ave S", "Field15": 2 }, "geometry": null },
{ "type": "Feature", "properties": { "Field1": "43706", "Field2": "Y", "Field3": "SEA", "Field4": "1279691.6000000001", "Field5": "229591.7", "Field6": "YES", "Field7": "ACT", "Field8": "NO", "Field9": "E John St", "Field10": "98112", "Field11": "8", "Field12": "Martin L King Jr Way E", "Field13": "0", "Field14": "Martin L King Jr Way E & E John St", "Field15": 2 }, "geometry": null },
{ "type": "Feature", "properties": { "Field1": "45651", "Field2": "Y", "Field3": "SEA", "Field4": "1282641.8999999999", "Field5": "199270.1", "Field6": "YES", "Field7": "ACT", "Field8": "NO", "Field9": "Martin L King Jr Way S", "Field10": "98118", "Field11": "36 50", "Field12": "S Othello St", "Field13": "1", "Field14": "S Othello St & Martin L King Jr Way S", "Field15": 3 }, "geometry": null },
{ "type": "Feature", "properties": { "Field1": "45670", "Field2": "Y", "Field3": "SEA", "Field4": "1281282.7", "Field5": "199442.2", "Field6": "YES", "Field7": "ACT", "Field8": "NO", "Field9": "S Holly Park Dr", "Field10": "98118", "Field11": "36", "Field12": "S Myrtle Pl", "Field13": "0", "Field14": "S Myrtle Pl & S Holly Park Dr", "Field15": 2 }, "geometry": null },
{ "type": "Feature", "properties": { "Field1": "45680", "Field2": "Y", "Field3": "SEA", "Field4": "1280163.6000000001", "Field5": "199980.1", "Field6": "YES", "Field7": "ACT", "Field8": "NO", "Field9": "32nd Ave S", "Field10": "98118", "Field11": "36", "Field12": "S Myrtle St", "Field13": "1", "Field14": "S Myrtle St & 32nd Ave S", "Field15": 3 }, "geometry": null },
{ "type": "Feature", "properties": { "Field1": "30220", "Field2": "Y", "Field3": "SEA", "Field4": "1281713.1000000001", "Field5": "194203.5", "Field6": "YES", "Field7": "ACT", "Field8": "NO", "Field9": "38th Ave S", "Field10": "98118", "Field11": "107", "Field12": "Beacon Ave S", "Field13": "0", "Field14": "Beacon Ave S & 38th Ave S", "Field15": 2 }, "geometry": null },
{ "type": "Feature", "properties": { "Field1": "30240", "Field2": "Y", "Field3": "SEA", "Field4": "1281119.2", "Field5": "195398.3", "Field6": "YES", "Field7": "ACT", "Field8": "NO", "Field9": "S Cloverdale St", "Field10": "98118", "Field11": "107", "Field12": "Beacon Ave S", "Field13": "1", "Field14": "Beacon Ave S & S Cloverdale St", "Field15": 3 }, "geometry": null },
{ "type": "Feature", "properties": { "Field1": "30250", "Field2": "Y", "Field3": "SEA", "Field4": "1281113", "Field5": "196032.3", "Field6": "YES", "Field7": "ACT", "Field8": "NO", "Field9": "S Thistle St", "Field10": "98118", "Field11": "107", "Field12": "Beacon Ave S", "Field13": "0", "Field14": "Beacon Ave S & S Thistle St", "Field15": 2 }, "geometry": null },
{ "type": "Feature", "properties": { "Field1": "30270", "Field2": "Y", "Field3": "SEA", "Field4": "1281079.6000000001", "Field5": "197181.4", "Field6": "YES", "Field7": "ACT", "Field8": "NO", "Field9": "S Monroe St", "Field10": "98118", "Field11": "107", "Field12": "Beacon Ave S", "Field13": "1", "Field14": "Beacon Ave S & S Monroe St", "Field15": 3 }, "geometry": null },
{ "type": "Feature", "properties": { "Field1": "30290", "Field2": "Y", "Field3": "SEA", "Field4": "1280760.1000000001", "Field5": "198181.6", "Field6": "YES", "Field7": "ACT", "Field8": "NO", "Field9": "S Holden St", "Field10": "98118", "Field11": "107", "Field12": "Beacon Ave S", "Field13": "0", "Field14": "Beacon Ave S & S Holden St", "Field15": 2 }, "geometry": null },
{ "type": "Feature", "properties": { "Field1": "30300", "Field2": "Y", "Field3": "SEA", "Field4": "1280518.7", "Field5": "198608", "Field6": "YES", "Field7": "ACT", "Field8": "NO", "Field9": "S Webster St", "Field10": "98118", "Field11": "107", "Field12": "Beacon Ave S", "Field13": "0", "Field14": "Beacon Ave S & S Webster St", "Field15": 2 }, "geometry": null },
{ "type": "Feature", "properties": { "Field1": "30310", "Field2": "Y", "Field3": "SEA", "Field4": "1280173.8999999999", "Field5": "198966.9", "Field6": "YES", "Field7": "ACT", "Field8": "NO", "Field9": "32nd Ave S", "Field10": "98108", "Field11": "107", "Field12": "Beacon Ave S", "Field13": "1", "Field14": "Beacon Ave S & 32nd Ave S", "Field15": 3 }, "geometry": null },
{ "type": "Feature", "properties": { "Field1": "43765", "Field2": "Y", "Field3": "SEA", "Field4": "1279154.7", "Field5": "218880.9", "Field6": "YES", "Field7": "ACT", "Field8": "NO", "Field9": "S Irving St", "Field10": "98144", "Field11": "4 8", "Field12": "Martin L King Jr Way S", "Field13": "1", "Field14": "Martin L King Jr Way S & S Irving St", "Field15": 3 }, "geometry": null },
{ "type": "Feature", "properties": { "Field1": "45850", "Field2": "Y", "Field3": "SEA", "Field4": "1271195.3999999999", "Field5": "210902.1", "Field6": "YES", "Field7": "ACT", "Field8": "NO", "Field9": "S Industrial Way", "Field10": "98134", "Field11": "131 132", "Field12": "4th Ave S", "Field13": "0", "Field14": "4th Ave S & S Industrial Way", "Field15": 2 }, "geometry": null },
{ "type": "Feature", "properties": { "Field1": "45870", "Field2": "Y", "Field3": "SEA", "Field4": "1271222.8999999999", "Field5": "211879.9", "Field6": "YES", "Field7": "ACT", "Field8": "NO", "Field9": "S Spokane St", "Field10": "98134", "Field11": "131 132", "Field12": "4th Ave S", "Field13": "1", "Field14": "4th Ave S & S Spokane St", "Field15": 3 }, "geometry": null },
{ "type": "Feature", "properties": { "Field1": "45880", "Field2": "Y", "Field3": "SEA", "Field4": "1271168.3", "Field5": "210752.9", "Field6": "YES", "Field7": "ACT", "Field8": "NO", "Field9": "Diagonal Ave S", "Field10": "98134", "Field11": "131 132", "Field12": "4th Ave S", "Field13": "0", "Field14": "4th Ave S & Diagonal Ave S", "Field15": 2 }, "geometry": null },
{ "type": "Feature", "properties": { "Field1": "45900", "Field2": "Y", "Field3": "SEA", "Field4": "1271078.7", "Field5": "209452.79999999999", "Field6": "YES", "Field7": "ACT", "Field8": "NO", "Field9": "Diagonal Ave S", "Field10": "98134", "Field11": "131 132", "Field12": "4th Ave S", "Field13": "0", "Field14": "4th Ave S & Diagonal Ave S", "Field15": 2 }, "geometry": null },
{ "type": "Feature", "properties": { "Field1": "45910", "Field2": "Y", "Field3": "SEA", "Field4": "1270987.6000000001", "Field5": "206181.7", "Field6": "YES", "Field7": "ACT", "Field8": "NO", "Field9": "S Dawson St", "Field10": "98108", "Field11": "131 132", "Field12": "4th Ave S", "Field13": "0", "Field14": "4th Ave S & S Dawson St", "Field15": 2 }, "geometry": null },
{ "type": "Feature", "properties": { "Field1": "45920", "Field2": "Y", "Field3": "SEA", "Field4": "1270973.6000000001", "Field5": "205633.2", "Field6": "YES", "Field7": "ACT", "Field8": "NO", "Field9": "S Brandon St", "Field10": "98108", "Field11": "131 132", "Field12": "4th Ave S", "Field13": "0", "Field14": "4th Ave S & S Brandon St", "Field15": 2 }, "geometry": null },
{ "type": "Feature", "properties": { "Field1": "45692", "Field2": "Y", "Field3": "SEA", "Field4": "1278902.8", "Field5": "200039.8", "Field6": "YES", "Field7": "ACT", "Field8": "NO", "Field9": "Beacon Ave S", "Field10": "98108", "Field11": "107", "Field12": "S Myrtle St", "Field13": "0", "Field14": "S Myrtle St & Beacon Ave S", "Field15": 2 }, "geometry": null },
{ "type": "Feature", "properties": { "Field1": "45700", "Field2": "Y", "Field3": "SEA", "Field4": "1277853.6000000001", "Field5": "200616.4", "Field6": "UNK", "Field7": "ACT", "Field8": "NO", "Field9": "S Willow St", "Field10": "98108", "Field11": "107", "Field12": "Swift Ave S", "Field13": "0", "Field14": "Swift Ave S & S Willow St", "Field15": 0 }, "geometry": null },
{ "type": "Feature", "properties": { "Field1": "45731", "Field2": "Y", "Field3": "SEA", "Field4": "1277034.1000000001", "Field5": "201931.6", "Field6": "YES", "Field7": "ACT", "Field8": "NO", "Field9": "S Warsaw St", "Field10": "98108", "Field11": "107", "Field12": "Swift Ave S", "Field13": "0", "Field14": "Swift Ave S & S Warsaw St", "Field15": 2 }, "geometry": null },
{ "type": "Feature", "properties": { "Field1": "45732", "Field2": "Y", "Field3": "SEA", "Field4": "1275708.8", "Field5": "203488.7", "Field6": "YES", "Field7": "ACT", "Field8": "NO", "Field9": "18th Ave S", "Field10": "98108", "Field11": "107", "Field12": "Swift Ave S", "Field13": "0", "Field14": "Swift Ave S & 18th Ave S", "Field15": 2 }, "geometry": null },
{ "type": "Feature", "properties": { "Field1": "30320", "Field2": "Y", "Field3": "SEA", "Field4": "1279793.3", "Field5": "199354.7", "Field6": "YES", "Field7": "ACT", "Field8": "NO", "Field9": "S Othello St", "Field10": "98108", "Field11": "107", "Field12": "Beacon Ave S", "Field13": "1", "Field14": "Beacon Ave S & S Othello St", "Field15": 3 }, "geometry": null },
{ "type": "Feature", "properties": { "Field1": "31736", "Field2": "Y", "Field3": "SEA", "Field4": "1262708.3", "Field5": "194268.3", "Field6": "YES", "Field7": "ACT", "Field8": "NO", "Field9": "22nd Ave SW", "Field10": "98106", "Field11": "125 22 60", "Field12": "SW Barton Pl", "Field13": "0", "Field14": "SW Barton Pl & 22nd Ave SW", "Field15": 2 }, "geometry": null },
{ "type": "Feature", "properties": { "Field1": "31765", "Field2": "Y", "Field3": "SEA", "Field4": "1258956.8999999999", "Field5": "193898.6", "Field6": "YES", "Field7": "ACT", "Field8": "NO", "Field9": "35th Ave SW", "Field10": "98126", "Field11": "C", "Field12": "SW Barton St", "Field13": "1", "Field14": "SW Barton St & 35th Ave SW", "Field15": 3 }, "geometry": null },
{ "type": "Feature", "properties": { "Field1": "31791", "Field2": "Y", "Field3": "SEA", "Field4": "1256435.8999999999", "Field5": "194129.2", "Field6": "YES", "Field7": "ACT", "Field8": "NO", "Field9": "SW Director St", "Field10": "98136", "Field11": "C", "Field12": "California Ave SW", "Field13": "0", "Field14": "California Ave SW & SW Director St", "Field15": 2 }, "geometry": null },
{ "type": "Feature", "properties": { "Field1": "45940", "Field2": "Y", "Field3": "SEA", "Field4": "1270944.7", "Field5": "204501.9", "Field6": "YES", "Field7": "ACT", "Field8": "NO", "Field9": "S Mead St", "Field10": "98108", "Field11": "131 132", "Field12": "4th Ave S", "Field13": "0", "Field14": "4th Ave S & S Mead St", "Field15": 2 }, "geometry": null },
{ "type": "Feature", "properties": { "Field1": "45960", "Field2": "Y", "Field3": "SEA", "Field4": "1270924.3999999999", "Field5": "203569.7", "Field6": "YES", "Field7": "ACT", "Field8": "NO", "Field9": "S Front St", "Field10": "98108", "Field11": "131 132", "Field12": "4th Ave S", "Field13": "0", "Field14": "4th Ave S & S Front St", "Field15": 2 }, "geometry": null },
{ "type": "Feature", "properties": { "Field1": "32660", "Field2": "Y", "Field3": "SEA", "Field4": "1259091.8999999999", "Field5": "218099.9", "Field6": "YES", "Field7": "ACT", "Field8": "NO", "Field9": "Fairmount Ave SW", "Field10": "98126", "Field11": "773", "Field12": "Harbor Ave SW", "Field13": "0", "Field14": "Harbor Ave SW & Fairmount Ave SW", "Field15": 2 }, "geometry": null },
{ "type": "Feature", "properties": { "Field1": "32680", "Field2": "Y", "Field3": "SEA", "Field4": "1258165.8", "Field5": "219625", "Field6": "YES", "Field7": "ACT", "Field8": "NO", "Field9": "California Way SW", "Field10": "98116", "Field12": "Harbor Ave SW", "Field13": "0", "Field14": "Harbor Ave SW & California Way SW", "Field15": 2 }, "geometry": null },
{ "type": "Feature", "properties": { "Field1": "32690", "Field2": "Y", "Field3": "SEA", "Field4": "1257945", "Field5": "220384.2", "Field6": "YES", "Field7": "ACT", "Field8": "NO", "Field9": "SW Maryland Pl", "Field10": "98116", "Field12": "Harbor Ave SW", "Field13": "0", "Field14": "Harbor Ave SW & SW Maryland Pl", "Field15": 2 }, "geometry": null },
{ "type": "Feature", "properties": { "Field1": "32700", "Field2": "Y", "Field3": "SEA", "Field4": "1257406.3", "Field5": "220955", "Field6": "YES", "Field7": "ACT", "Field8": "NO", "Field9": "Harbor Ave SW", "Field10": "98116", "Field12": "Alki Ave SW", "Field13": "0", "Field14": "Alki Ave SW & Harbor Ave SW", "Field15": 2 }, "geometry": null },
{ "type": "Feature", "properties": { "Field1": "32710", "Field2": "Y", "Field3": "SEA", "Field4": "1256940.1000000001", "Field5": "220892.5", "Field6": "YES", "Field7": "ACT", "Field8": "NO", "Field9": "Harbor Ave SW", "Field10": "98116", "Field12": "Alki Ave SW", "Field13": "0", "Field14": "Alki Ave SW & Harbor Ave SW", "Field15": 2 }, "geometry": null },
{ "type": "Feature", "properties": { "Field1": "32720", "Field2": "Y", "Field3": "SEA", "Field4": "1256405.8", "Field5": "220524.7", "Field6": "YES", "Field7": "ACT", "Field8": "NO", "Field9": "Harbor Ave SW", "Field10": "98116", "Field12": "Alki Ave SW", "Field13": "0", "Field14": "Alki Ave SW & Harbor Ave SW", "Field15": 2 }, "geometry": null },
{ "type": "Feature", "properties": { "Field1": "32730", "Field2": "Y", "Field3": "SEA", "Field4": "1255968.2", "Field5": "219927.6", "Field6": "YES", "Field7": "ACT", "Field8": "NO", "Field9": "Bonair Dr SW", "Field10": "98116", "Field12": "Alki Ave SW", "Field13": "0", "Field14": "Alki Ave SW & Bonair Dr SW", "Field15": 2 }, "geometry": null },
{ "type": "Feature", "properties": { "Field1": "49710", "Field2": "Y", "Field3": "SEA", "Field4": "1274351.1000000001", "Field5": "194142.3", "Field6": "YES", "Field7": "ACT", "Field8": "NO", "Field9": "S Director St", "Field10": "98108", "Field11": "132", "Field12": "14th Ave S", "Field13": "0", "Field14": "14th Ave S & S Director St", "Field15": 2 }, "geometry": null },
{ "type": "Feature", "properties": { "Field1": "49720", "Field2": "Y", "Field3": "SEA", "Field4": "1274373.8999999999", "Field5": "194884", "Field6": "YES", "Field7": "ACT", "Field8": "NO", "Field9": "S Trenton St", "Field10": "98108", "Field11": "132", "Field12": "14th Ave S", "Field13": "1", "Field14": "14th Ave S & S Trenton St", "Field15": 3 }, "geometry": null },
{ "type": "Feature", "properties": { "Field1": "35570", "Field2": "Y", "Field3": "SEA", "Field4": "1258529.8", "Field5": "255752.4", "Field6": "YES", "Field7": "ACT", "Field8": "NO", "Field9": "22nd Ave NW", "Field10": "98117", "Field11": "40 45", "Field12": "NW 85th St", "Field13": "0", "Field14": "NW 85th St & 22nd Ave NW", "Field15": 2 }, "geometry": null },
{ "type": "Feature", "properties": { "Field1": "35580", "Field2": "Y", "Field3": "SEA", "Field4": "1259184.5", "Field5": "255742.1", "Field6": "YES", "Field7": "ACT", "Field8": "NO", "Field9": "20th Ave NW", "Field10": "98117", "Field11": "40 45", "Field12": "NW 85th St", "Field13": "0", "Field14": "NW 85th St & 20th Ave NW", "Field15": 2 }, "geometry": null },
{ "type": "Feature", "properties": { "Field1": "35600", "Field2": "Y", "Field3": "SEA", "Field4": "1260396.1000000001", "Field5": "255723.6", "Field6": "YES", "Field7": "ACT", "Field8": "NO", "Field9": "15th Ave NW", "Field10": "98117", "Field11": "45", "Field12": "NW 85th St", "Field13": "0", "Field14": "NW 85th St & 15th Ave NW", "Field15": 2 }, "geometry": null },
{ "type": "Feature", "properties": { "Field1": "35630", "Field2": "Y", "Field3": "SEA", "Field4": "1261974.3", "Field5": "255702", "Field6": "YES", "Field7": "ACT", "Field8": "NO", "Field9": "11th Ave NW", "Field10": "98117", "Field11": "45", "Field12": "NW 85th St", "Field13": "0", "Field14": "NW 85th St & 11th Ave NW", "Field15": 2 }, "geometry": null },
{ "type": "Feature", "properties": { "Field1": "35660", "Field2": "Y", "Field3": "SEA", "Field4": "1264376", "Field5": "255648.8", "Field6": "YES", "Field7": "ACT", "Field8": "NO", "Field9": "3rd Ave NW", "Field10": "98117", "Field11": "45 61", "Field12": "NW 85th St", "Field13": "1", "Field14": "NW 85th St & 3rd Ave NW", "Field15": 3 }, "geometry": null },
{ "type": "Feature", "properties": { "Field1": "35670", "Field2": "Y", "Field3": "SEA", "Field4": "1265021.2", "Field5": "255630.5", "Field6": "YES", "Field7": "ACT", "Field8": "NO", "Field9": "1st Ave NW", "Field10": "98103", "Field11": "45 61", "Field12": "N 85th St", "Field13": "1", "Field14": "N 85th St & 1st Ave NW", "Field15": 3 }, "geometry": null },
{ "type": "Feature", "properties": { "Field1": "37088", "Field2": "Y", "Field3": "SEA", "Field4": "1256226.6000000001", "Field5": "255794.2", "Field6": "YES", "Field7": "ACT", "Field8": "NO", "Field9": "28th Ave NW", "Field10": "98117", "Field11": "45", "Field12": "NW 85th St", "Field13": "0", "Field14": "NW 85th St & 28th Ave NW", "Field15": 2 }, "geometry": null },
{ "type": "Feature", "properties": { "Field1": "49753", "Field2": "Y", "Field3": "SEA", "Field4": "1271161", "Field5": "197707.8", "Field6": "YES", "Field7": "ACT", "Field8": "NO", "Field9": "S Kenyon St", "Field10": "98108", "Field11": "132", "Field12": "5th Ave S", "Field13": "0", "Field14": "5th Ave S & S Kenyon St", "Field15": 2 }, "geometry": null },
{ "type": "Feature", "properties": { "Field1": "49754", "Field2": "Y", "Field3": "SEA", "Field4": "1271260", "Field5": "197638.7", "Field6": "LTD", "Field7": "ACT", "Field8": "NO", "Field9": "5th Ave S", "Field10": "98108", "Field11": "132", "Field12": "S Kenyon St", "Field13": "0", "Field14": "S Kenyon St & 5th Ave S", "Field15": 0 }, "geometry": null },
{ "type": "Feature", "properties": { "Field1": "49755", "Field2": "Y", "Field3": "SEA", "Field4": "1271131", "Field5": "198423.1", "Field6": "YES", "Field7": "ACT", "Field8": "NO", "Field9": "5th Ave S", "Field10": "98108", "Field11": "132", "Field12": "S Holden St", "Field13": "0", "Field14": "S Holden St & 5th Ave S", "Field15": 2 }, "geometry": null },
{ "type": "Feature", "properties": { "Field1": "49757", "Field2": "Y", "Field3": "SEA", "Field4": "1270457.3", "Field5": "198443.6", "Field6": "YES", "Field7": "ACT", "Field8": "NO", "Field9": "2nd Ave S", "Field10": "98108", "Field11": "132", "Field12": "S Holden St", "Field13": "0", "Field14": "S Holden St & 2nd Ave S", "Field15": 2 }, "geometry": null },
{ "type": "Feature", "properties": { "Field1": "49758", "Field2": "Y", "Field3": "SEA", "Field4": "1270430.3999999999", "Field5": "198444.4", "Field6": "YES", "Field7": "ACT", "Field8": "NO", "Field9": "2nd Ave S", "Field10": "98108", "Field11": "132", "Field12": "S Holden St", "Field13": "0", "Field14": "S Holden St & 2nd Ave S", "Field15": 2 }, "geometry": null },
{ "type": "Feature", "properties": { "Field1": "49775", "Field2": "Y", "Field3": "SEA", "Field4": "1271181.8999999999", "Field5": "198385.9", "Field6": "YES", "Field7": "ACT", "Field8": "NO", "Field9": "S Holden St", "Field10": "98108", "Field11": "132", "Field12": "5th Ave S", "Field13": "0", "Field14": "5th Ave S & S Holden St", "Field15": 2 }, "geometry": null },
{ "type": "Feature", "properties": { "Field1": "49724", "Field2": "Y", "Field3": "SEA", "Field4": "1272471.3999999999", "Field5": "197368.4", "Field6": "YES", "Field7": "ACT", "Field8": "NO", "Field9": "S Monroe St", "Field10": "98108", "Field11": "132", "Field12": "8th Ave S", "Field13": "0", "Field14": "8th Ave S & S Monroe St", "Field15": 2 }, "geometry": null },
{ "type": "Feature", "properties": { "Field1": "37089", "Field2": "Y", "Field3": "SEA", "Field4": "1255506.6000000001", "Field5": "255807.3", "Field6": "YES", "Field7": "ACT", "Field8": "NO", "Field9": "30th Ave NW", "Field10": "98117", "Field11": "45", "Field12": "NW 85th St", "Field13": "0", "Field14": "NW 85th St & 30th Ave NW", "Field15": 2 }, "geometry": null },
{ "type": "Feature", "properties": { "Field1": "37100", "Field2": "Y", "Field3": "SEA", "Field4": "1257235.8999999999", "Field5": "218742.6", "Field6": "YES", "Field7": "ACT", "Field8": "NO", "Field9": "SW Seattle St", "Field10": "98116", "Field11": "128 775", "Field12": "California Ave SW", "Field13": "0", "Field14": "California Ave SW & SW Seattle St", "Field15": 2 }, "geometry": null },
{ "type": "Feature", "properties": { "Field1": "37110", "Field2": "Y", "Field3": "SEA", "Field4": "1257215.3999999999", "Field5": "218275.9", "Field6": "YES", "Field7": "ACT", "Field8": "NO", "Field9": "SW Massachusetts St", "Field10": "98116", "Field11": "128 775", "Field12": "California Ave SW", "Field13": "1", "Field14": "California Ave SW & SW Massachusetts St", "Field15": 3 }, "geometry": null },
{ "type": "Feature", "properties": { "Field1": "37120", "Field2": "Y", "Field3": "SEA", "Field4": "1257194.7", "Field5": "217812.2", "Field6": "YES", "Field7": "ACT", "Field8": "NO", "Field9": "SW Holgate St", "Field10": "98116", "Field11": "775", "Field12": "California Ave SW", "Field13": "0", "Field14": "California Ave SW & SW Holgate St", "Field15": 2 }, "geometry": null },
{ "type": "Feature", "properties": { "Field1": "37140", "Field2": "Y", "Field3": "SEA", "Field4": "1257148.2", "Field5": "216804.5", "Field6": "YES", "Field7": "ACT", "Field8": "NO", "Field9": "SW Walker St", "Field10": "98116", "Field11": "128 775", "Field12": "California Ave SW", "Field13": "0", "Field14": "California Ave SW & SW Walker St", "Field15": 2 }, "geometry": null },
{ "type": "Feature", "properties": { "Field1": "37150", "Field2": "Y", "Field3": "SEA", "Field4": "1257106.3999999999", "Field5": "215958.7", "Field6": "YES", "Field7": "ACT", "Field8": "NO", "Field9": "SW Admiral Way", "Field10": "98116", "Field11": "128", "Field12": "California Ave SW", "Field13": "0", "Field14": "California Ave SW & SW Admiral Way", "Field15": 2 }, "geometry": null },
{ "type": "Feature", "properties": { "Field1": "37160", "Field2": "Y", "Field3": "SEA", "Field4": "1257136.6000000001", "Field5": "216603.8", "Field6": "YES", "Field7": "ACT", "Field8": "NO", "Field9": "SW College St", "Field10": "98116", "Field11": "128", "Field12": "California Ave SW", "Field13": "0", "Field14": "California Ave SW & SW College St", "Field15": 2 }, "geometry": null },
{ "type": "Feature", "properties": { "Field1": "37170", "Field2": "Y", "Field3": "SEA", "Field4": "1257179.3", "Field5": "217467.8", "Field6": "YES", "Field7": "ACT", "Field8": "NO", "Field9": "SW Hill St", "Field10": "98116", "Field11": "128", "Field12": "California Ave SW", "Field13": "0", "Field14": "California Ave SW & SW Hill St", "Field15": 2 }, "geometry": null },
{ "type": "Feature", "properties": { "Field1": "38830", "Field2": "Y", "Field3": "SEA", "Field4": "1276381.7", "Field5": "271061.90000000002", "Field6": "YES", "Field7": "ACT", "Field8": "NO", "Field9": "NE 145th St", "Field10": "98125", "Field11": "348", "Field12": "15th Ave NE", "Field13": "0", "Field14": "15th Ave NE & NE 145th St", "Field15": 2 }, "geometry": null },
{ "type": "Feature", "properties": { "Field1": "38840", "Field2": "Y", "Field3": "SEA", "Field4": "1276375.6000000001", "Field5": "270455.90000000002", "Field6": "YES", "Field7": "ACT", "Field8": "NO", "Field9": "NE 143rd St", "Field10": "98125", "Field11": "348", "Field12": "15th Ave NE", "Field13": "1", "Field14": "15th Ave NE & NE 143rd St", "Field15": 3 }, "geometry": null },
{ "type": "Feature", "properties": { "Field1": "38850", "Field2": "Y", "Field3": "SEA", "Field4": "1276369", "Field5": "269800", "Field6": "YES", "Field7": "ACT", "Field8": "NO", "Field9": "NE 140th St", "Field10": "98125", "Field11": "348", "Field12": "15th Ave NE", "Field13": "0", "Field14": "15th Ave NE & NE 140th St", "Field15": 2 }, "geometry": null },
{ "type": "Feature", "properties": { "Field1": "38870", "Field2": "Y", "Field3": "SEA", "Field4": "1276357.1000000001", "Field5": "268637.8", "Field6": "YES", "Field7": "ACT", "Field8": "NO", "Field9": "NE 135th St", "Field10": "98125", "Field11": "348", "Field12": "15th Ave NE", "Field13": "1", "Field14": "15th Ave NE & NE 135th St", "Field15": 3 }, "geometry": null },
{ "type": "Feature", "properties": { "Field1": "38890", "Field2": "Y", "Field3": "SEA", "Field4": "1276326.8999999999", "Field5": "267189.2", "Field6": "YES", "Field7": "ACT", "Field8": "NO", "Field9": "NE 130th St", "Field10": "98125", "Field11": "348", "Field12": "15th Ave NE", "Field13": "0", "Field14": "15th Ave NE & NE 130th St", "Field15": 2 }, "geometry": null },
{ "type": "Feature", "properties": { "Field1": "38900", "Field2": "Y", "Field3": "SEA", "Field4": "1276311.3", "Field5": "266487.2", "Field6": "YES", "Field7": "ACT", "Field8": "NO", "Field9": "NE 127th St", "Field10": "98125", "Field11": "348", "Field12": "15th Ave NE", "Field13": "1", "Field14": "15th Ave NE & NE 127th St", "Field15": 3 }, "geometry": null },
{ "type": "Feature", "properties": { "Field1": "38910", "Field2": "Y", "Field3": "SEA", "Field4": "1276299.2", "Field5": "265769.7", "Field6": "YES", "Field7": "ACT", "Field8": "NO", "Field9": "NE 125th St", "Field10": "98125", "Field11": "348", "Field12": "15th Ave NE", "Field13": "1", "Field14": "15th Ave NE & NE 125th St", "Field15": 3 }, "geometry": null },
{ "type": "Feature", "properties": { "Field1": "40073", "Field2": "Y", "Field3": "SEA", "Field4": "1257731.8999999999", "Field5": "243026.9", "Field6": "YES", "Field7": "ACT", "Field8": "NO", "Field9": "W Emerson Pl", "Field10": "98199", "Field11": "31 33", "Field12": "Gilman Ave W", "Field13": "0", "Field14": "Gilman Ave W & W Emerson Pl", "Field15": 2 }, "geometry": null },
{ "type": "Feature", "properties": { "Field1": "40077", "Field2": "Y", "Field3": "SEA", "Field4": "1257872.2", "Field5": "242855", "Field6": "YES", "Field7": "ACT", "Field8": "NO", "Field9": "23rd Ave W", "Field10": "98199", "Field11": "31 33", "Field12": "Gilman Ave W", "Field13": "0", "Field14": "Gilman Ave W & 23rd Ave W", "Field15": 2 }, "geometry": null },
{ "type": "Feature", "properties": { "Field1": "40078", "Field2": "Y", "Field3": "SEA", "Field4": "1256391", "Field5": "235424.2", "Field6": "YES", "Field7": "ACT", "Field8": "NO", "Field9": "W Blaine St", "Field10": "98199", "Field11": "31", "Field12": "Thorndyke Ave W", "Field13": "0", "Field14": "Thorndyke Ave W & W Blaine St", "Field15": 2 }, "geometry": null },
{ "type": "Feature", "properties": { "Field1": "41270", "Field2": "Y", "Field3": "SEA", "Field4": "1263897.7", "Field5": "239186.1", "Field6": "YES", "Field7": "ACT", "Field8": "NO", "Field9": "W Fulton St", "Field10": "98119", "Field11": "13 4", "Field12": "3rd Ave W", "Field13": "1", "Field14": "3rd Ave W & W Fulton St", "Field15": 3 }, "geometry": null },
{ "type": "Feature", "properties": { "Field1": "27180", "Field2": "Y", "Field3": "SEA", "Field4": "1281832", "Field5": "218702.1", "Field6": "YES", "Field7": "ACT", "Field8": "NO", "Field9": "S Day St", "Field10": "98144", "Field11": "27", "Field12": "Lakeside Ave S", "Field13": "0", "Field14": "Lakeside Ave S & S Day St", "Field15": 2 }, "geometry": null },
{ "type": "Feature", "properties": { "Field1": "27190", "Field2": "Y", "Field3": "SEA", "Field4": "1281607.2", "Field5": "219436.2", "Field6": "YES", "Field7": "ACT", "Field8": "NO", "Field9": "S Judkins St", "Field10": "98144", "Field11": "27", "Field12": "Lakeside Ave S", "Field13": "0", "Field14": "Lakeside Ave S & S Judkins St", "Field15": 2 }, "geometry": null },
{ "type": "Feature", "properties": { "Field1": "27200", "Field2": "Y", "Field3": "SEA", "Field4": "1281560.5", "Field5": "220346.7", "Field6": "YES", "Field7": "ACT", "Field8": "NO", "Field9": "S Charles St", "Field10": "98144", "Field11": "27", "Field12": "Lakeside Ave S", "Field13": "0", "Field14": "Lakeside Ave S & S Charles St", "Field15": 2 }, "geometry": null },
{ "type": "Feature", "properties": { "Field1": "27210", "Field2": "Y", "Field3": "SEA", "Field4": "1281686.8999999999", "Field5": "221093.1", "Field6": "LTD", "Field7": "ACT", "Field8": "NO", "Field9": "S Lane St", "Field10": "98144", "Field11": "27", "Field12": "Lakeside Ave S", "Field13": "0", "Field14": "Lakeside Ave S & S Lane St", "Field15": 0 }, "geometry": null },
{ "type": "Feature", "properties": { "Field1": "27230", "Field2": "Y", "Field3": "SEA", "Field4": "1281965.8", "Field5": "222114.3", "Field6": "YES", "Field7": "ACT", "Field8": "NO", "Field9": "S Leschi Pl", "Field10": "98144", "Field11": "27", "Field12": "Lakeside Ave S", "Field13": "0", "Field14": "Lakeside Ave S & S Leschi Pl", "Field15": 2 }, "geometry": null },
{ "type": "Feature", "properties": { "Field1": "27240", "Field2": "Y", "Field3": "SEA", "Field4": "1282238.3999999999", "Field5": "222924.4", "Field6": "YES", "Field7": "ACT", "Field8": "NO", "Field9": "Lake Washington Blvd", "Field10": "98122", "Field11": "27", "Field12": "Lakeside Ave S", "Field13": "0", "Field14": "Lakeside Ave S & Lake Washington Blvd", "Field15": 2 }, "geometry": null },
{ "type": "Feature", "properties": { "Field1": "55681", "Field2": "Y", "Field3": "SEA", "Field4": "1282177.3999999999", "Field5": "201388.6", "Field6": "YES", "Field7": "ACT", "Field8": "NO", "Field9": "S Holly St", "Field10": "98118", "Field11": "106", "Field12": "Martin L King Jr Way S", "Field13": "1", "Field14": "Martin L King Jr Way S & S Holly St", "Field15": 3 }, "geometry": null },
{ "type": "Feature", "properties": { "Field1": "55583", "Field2": "Y", "Field3": "SEA", "Field4": "1283271.8", "Field5": "194373.4", "Field6": "YES", "Field7": "ACT", "Field8": "NO", "Field9": "S Henderson St", "Field10": "98118", "Field11": "106 9E", "Field12": "Martin L King Jr Way S", "Field13": "1", "Field14": "Martin L King Jr Way S & S Henderson St", "Field15": 3 }, "geometry": null },
{ "type": "Feature", "properties": { "Field1": "55589", "Field2": "Y", "Field3": "SEA", "Field4": "1283007.6000000001", "Field5": "196001", "Field6": "YES", "Field7": "ACT", "Field8": "NO", "Field9": "S Thistle St", "Field10": "98118", "Field11": "106", "Field12": "Martin L King Jr Way S", "Field13": "1", "Field14": "Martin L King Jr Way S & S Thistle St", "Field15": 3 }, "geometry": null },
{ "type": "Feature", "properties": { "Field1": "55590", "Field2": "Y", "Field3": "SEA", "Field4": "1282914.6000000001", "Field5": "197349.2", "Field6": "YES", "Field7": "ACT", "Field8": "NO", "Field9": "S Kenyon St", "Field10": "98118", "Field11": "106", "Field12": "Martin L King Jr Way S", "Field13": "1", "Field14": "Martin L King Jr Way S & S Kenyon St", "Field15": 3 }, "geometry": null },
{ "type": "Feature", "properties": { "Field1": "55593", "Field2": "Y", "Field3": "SEA", "Field4": "1282924.5", "Field5": "198630", "Field6": "YES", "Field7": "ACT", "Field8": "NO", "Field9": "S Webster St", "Field10": "98118", "Field11": "106", "Field12": "Martin L King Jr Way S", "Field13": "0", "Field14": "Martin L King Jr Way S & S Webster St", "Field15": 2 }, "geometry": null },
{ "type": "Feature", "properties": { "Field1": "41280", "Field2": "Y", "Field3": "SEA", "Field4": "1263874.1000000001", "Field5": "238309.4", "Field6": "YES", "Field7": "ACT", "Field8": "NO", "Field9": "W Raye St", "Field10": "98119", "Field11": "13 4", "Field12": "3rd Ave W", "Field13": "0", "Field14": "3rd Ave W & W Raye St", "Field15": 2 }, "geometry": null },
{ "type": "Feature", "properties": { "Field1": "41290", "Field2": "Y", "Field3": "SEA", "Field4": "1263862", "Field5": "237770.8", "Field6": "YES", "Field7": "ACT", "Field8": "NO", "Field9": "W Smith St", "Field10": "98119", "Field11": "13 4", "Field12": "3rd Ave W", "Field13": "0", "Field14": "3rd Ave W & W Smith St", "Field15": 2 }, "geometry": null },
{ "type": "Feature", "properties": { "Field1": "41300", "Field2": "Y", "Field3": "SEA", "Field4": "1263845.7", "Field5": "237133.2", "Field6": "YES", "Field7": "ACT", "Field8": "NO", "Field9": "W McGraw St", "Field10": "98119", "Field11": "13 4", "Field12": "3rd Ave W", "Field13": "0", "Field14": "3rd Ave W & W McGraw St", "Field15": 2 }, "geometry": null },
{ "type": "Feature", "properties": { "Field1": "41320", "Field2": "Y", "Field3": "SEA", "Field4": "1264775.2", "Field5": "234826", "Field6": "YES", "Field7": "ACT", "Field8": "NO", "Field9": "W Garfield St", "Field10": "98109", "Field11": "13", "Field12": "Queen Anne Ave N", "Field13": "1", "Field14": "Queen Anne Ave N & W Garfield St", "Field15": 3 }, "geometry": null },
{ "type": "Feature", "properties": { "Field1": "41340", "Field2": "Y", "Field3": "SEA", "Field4": "1264756.3", "Field5": "237019.6", "Field6": "YES", "Field7": "ACT", "Field8": "NO", "Field9": "Queen Anne Ave N", "Field10": "98109", "Field11": "13 4", "Field12": "W McGraw St", "Field13": "0", "Field14": "W McGraw St & Queen Anne Ave N", "Field15": 2 }, "geometry": null },
{ "type": "Feature", "properties": { "Field1": "41350", "Field2": "Y", "Field3": "SEA", "Field4": "1263915.5", "Field5": "237037.6", "Field6": "YES", "Field7": "ACT", "Field8": "NO", "Field9": "3rd Ave W", "Field10": "98119", "Field11": "13 4", "Field12": "W McGraw St", "Field13": "0", "Field14": "W McGraw St & 3rd Ave W", "Field15": 2 }, "geometry": null },
{ "type": "Feature", "properties": { "Field1": "41360", "Field2": "Y", "Field3": "SEA", "Field4": "1263859.3999999999", "Field5": "237666.1", "Field6": "YES", "Field7": "ACT", "Field8": "NO", "Field9": "W Smith St", "Field10": "98119", "Field11": "13 4", "Field12": "3rd Ave W", "Field13": "0", "Field14": "3rd Ave W & W Smith St", "Field15": 2 }, "geometry": null },
{ "type": "Feature", "properties": { "Field1": "41370", "Field2": "Y", "Field3": "SEA", "Field4": "1263883.6000000001", "Field5": "238439.1", "Field6": "YES", "Field7": "ACT", "Field8": "NO", "Field9": "W Raye St", "Field10": "98119", "Field11": "13 4", "Field12": "3rd Ave W", "Field13": "0", "Field14": "3rd Ave W & W Raye St", "Field15": 2 }, "geometry": null },
{ "type": "Feature", "properties": { "Field1": "43710", "Field2": "Y", "Field3": "SEA", "Field4": "1279649.2", "Field5": "228214.7", "Field6": "YES", "Field7": "ACT", "Field8": "NO", "Field9": "E Olive St", "Field10": "98122", "Field11": "8 988EN", "Field12": "Martin L King Jr Way", "Field13": "0", "Field14": "Martin L King Jr Way & E Olive St", "Field15": 2 }, "geometry": null },
{ "type": "Feature", "properties": { "Field1": "43712", "Field2": "Y", "Field3": "SEA", "Field4": "1279613.6000000001", "Field5": "226934.5", "Field6": "YES", "Field7": "ACT", "Field8": "NO", "Field9": "E Union St", "Field10": "98122", "Field11": "8", "Field12": "Martin L King Jr Way", "Field13": "1", "Field14": "Martin L King Jr Way & E Union St", "Field15": 3 }, "geometry": null },
{ "type": "Feature", "properties": { "Field1": "43714", "Field2": "Y", "Field3": "SEA", "Field4": "1279585.7", "Field5": "225864.9", "Field6": "LTD", "Field7": "ACT", "Field8": "NO", "Field9": "E Marion St", "Field10": "98122", "Field11": "8", "Field12": "Martin L King Jr Way", "Field13": "0", "Field14": "Martin L King Jr Way & E Marion St", "Field15": 0 }, "geometry": null },
{ "type": "Feature", "properties": { "Field1": "43716", "Field2": "Y", "Field3": "SEA", "Field4": "1279546.8", "Field5": "225085.5", "Field6": "YES", "Field7": "ACT", "Field8": "NO", "Field9": "E Cherry St", "Field10": "98122", "Field11": "8", "Field12": "Martin L King Jr Way", "Field13": "0", "Field14": "Martin L King Jr Way & E Cherry St", "Field15": 2 }, "geometry": null },
{ "type": "Feature", "properties": { "Field1": "27260", "Field2": "Y", "Field3": "SEA", "Field4": "1282150.3", "Field5": "223657.60000000001", "Field6": "YES", "Field7": "ACT", "Field8": "NO", "Field9": "Erie Ave", "Field10": "98122", "Field11": "27", "Field12": "E Alder St", "Field13": "0", "Field14": "E Alder St & Erie Ave", "Field15": 2 }, "geometry": null },
{ "type": "Feature", "properties": { "Field1": "27270", "Field2": "Y", "Field3": "SEA", "Field4": "1281500.1000000001", "Field5": "223851.6", "Field6": "LTD", "Field7": "ACT", "Field8": "NO", "Field9": "35th Ave", "Field10": "98122", "Field11": "27", "Field12": "E Alder St", "Field13": "0", "Field14": "E Alder St & 35th Ave", "Field15": 0 }, "geometry": null },
{ "type": "Feature", "properties": { "Field1": "29100", "Field2": "Y", "Field3": "SEA", "Field4": "1283296.6000000001", "Field5": "244575.8", "Field6": "YES", "Field7": "ACT", "Field8": "NO", "Field9": "42nd Ave NE", "Field10": "98105", "Field11": "31 32", "Field12": "NE 45th St", "Field13": "0", "Field14": "NE 45th St & 42nd Ave NE", "Field15": 2 }, "geometry": null },
{ "type": "Feature", "properties": { "Field1": "29110", "Field2": "Y", "Field3": "SEA", "Field4": "1282801", "Field5": "244581.6", "Field6": "YES", "Field7": "ACT", "Field8": "NO", "Field9": "40th Ave NE", "Field10": "98105", "Field11": "31 32", "Field12": "NE 45th St", "Field13": "0", "Field14": "NE 45th St & 40th Ave NE", "Field15": 2 }, "geometry": null },
{ "type": "Feature", "properties": { "Field1": "55702", "Field2": "Y", "Field3": "SEA", "Field4": "1281782.6000000001", "Field5": "202664.8", "Field6": "YES", "Field7": "ACT", "Field8": "NO", "Field9": "S Graham St", "Field10": "98118", "Field11": "106", "Field12": "Martin L King Jr Way S", "Field13": "1", "Field14": "Martin L King Jr Way S & S Graham St", "Field15": 3 }, "geometry": null },
{ "type": "Feature", "properties": { "Field1": "55711", "Field2": "Y", "Field3": "SEA", "Field4": "1281544.1000000001", "Field5": "203419.1", "Field6": "YES", "Field7": "ACT", "Field8": "NO", "Field9": "37th Ave S", "Field10": "98118", "Field11": "106", "Field12": "Martin L King Jr Way S", "Field13": "1", "Field14": "Martin L King Jr Way S & 37th Ave S", "Field15": 3 }, "geometry": null },
{ "type": "Feature", "properties": { "Field1": "55729", "Field2": "Y", "Field3": "SEA", "Field4": "1281205.3", "Field5": "204557.1", "Field6": "YES", "Field7": "ACT", "Field8": "NO", "Field9": "S Orcas St", "Field10": "98118", "Field11": "106", "Field12": "Martin L King Jr Way S", "Field13": "1", "Field14": "Martin L King Jr Way S & S Orcas St", "Field15": 3 }, "geometry": null },
{ "type": "Feature", "properties": { "Field1": "43720", "Field2": "Y", "Field3": "SEA", "Field4": "1279408.5", "Field5": "223750.2", "Field6": "YES", "Field7": "ACT", "Field8": "NO", "Field9": "E Alder St", "Field10": "98122", "Field11": "8", "Field12": "Martin L King Jr Way", "Field13": "0", "Field14": "Martin L King Jr Way & E Alder St", "Field15": 2 }, "geometry": null },
{ "type": "Feature", "properties": { "Field1": "43724", "Field2": "Y", "Field3": "SEA", "Field4": "1279217.7", "Field5": "221925.9", "Field6": "YES", "Field7": "ACT", "Field8": "NO", "Field9": "S Jackson St", "Field10": "98144", "Field11": "8", "Field12": "Martin L King Jr Way S", "Field13": "0", "Field14": "Martin L King Jr Way S & S Jackson St", "Field15": 2 }, "geometry": null },
{ "type": "Feature", "properties": { "Field1": "43728", "Field2": "Y", "Field3": "SEA", "Field4": "1279136.1000000001", "Field5": "220579.5", "Field6": "YES", "Field7": "ACT", "Field8": "NO", "Field9": "S Dearborn St", "Field10": "98144", "Field11": "8", "Field12": "Martin L King Jr Way S", "Field13": "0", "Field14": "Martin L King Jr Way S & S Dearborn St", "Field15": 2 }, "geometry": null },
{ "type": "Feature", "properties": { "Field1": "45740", "Field2": "Y", "Field3": "SEA", "Field4": "1272998.8", "Field5": "200112.7", "Field6": "YES", "Field7": "ACT", "Field8": "NO", "Field9": "Ellis Ave S", "Field10": "98108", "Field11": "124 60", "Field12": "East Marginal Way S", "Field13": "0", "Field14": "East Marginal Way S & Ellis Ave S", "Field15": 2 }, "geometry": null },
{ "type": "Feature", "properties": { "Field1": "45751", "Field2": "Y", "Field3": "SEA", "Field4": "1272407", "Field5": "200651", "Field6": "LTD", "Field7": "ACT", "Field8": "NO", "Field9": "Corson Ave S", "Field10": "98108", "Field11": "124 60", "Field12": "East Marginal Way S", "Field13": "0", "Field14": "East Marginal Way S & Corson Ave S", "Field15": 0 }, "geometry": null },
{ "type": "Feature", "properties": { "Field1": "45760", "Field2": "Y", "Field3": "SEA", "Field4": "1271269.3999999999", "Field5": "201674.8", "Field6": "YES", "Field7": "ACT", "Field8": "NO", "Field9": "S Brighton St", "Field10": "98108", "Field12": "East Marginal Way S", "Field13": "0", "Field14": "East Marginal Way S & S Brighton St", "Field15": 2 }, "geometry": null },
{ "type": "Feature", "properties": { "Field1": "45770", "Field2": "Y", "Field3": "SEA", "Field4": "1270905.8999999999", "Field5": "202664.9", "Field6": "YES", "Field7": "ACT", "Field8": "NO", "Field9": "S Michigan St", "Field10": "98108", "Field11": "131 132", "Field12": "4th Ave S", "Field13": "1", "Field14": "4th Ave S & S Michigan St", "Field15": 3 }, "geometry": null },
{ "type": "Feature", "properties": { "Field1": "29130", "Field2": "Y", "Field3": "SEA", "Field4": "1281568.6000000001", "Field5": "244556.9", "Field6": "YES", "Field7": "ACT", "Field8": "NO", "Field9": "36th Ave NE", "Field10": "98105", "Field11": "31 32 45 67", "Field12": "NE 45th St", "Field13": "1", "Field14": "NE 45th St & 36th Ave NE", "Field15": 3 }, "geometry": null },
{ "type": "Feature", "properties": { "Field1": "30330", "Field2": "Y", "Field3": "SEA", "Field4": "1279383", "Field5": "199771.1", "Field6": "YES", "Field7": "ACT", "Field8": "NO", "Field9": "S Myrtle St", "Field10": "98108", "Field11": "107", "Field12": "Beacon Ave S", "Field13": "0", "Field14": "Beacon Ave S & S Myrtle St", "Field15": 2 }, "geometry": null },
{ "type": "Feature", "properties": { "Field1": "30340", "Field2": "Y", "Field3": "SEA", "Field4": "1279050.2", "Field5": "200113.9", "Field6": "YES", "Field7": "ACT", "Field8": "NO", "Field9": "S Myrtle St", "Field10": "98108", "Field11": "36", "Field12": "Beacon Ave S", "Field13": "1", "Field14": "Beacon Ave S & S Myrtle St", "Field15": 3 }, "geometry": null },
{ "type": "Feature", "properties": { "Field1": "30360", "Field2": "Y", "Field3": "SEA", "Field4": "1278399", "Field5": "201327.5", "Field6": "YES", "Field7": "ACT", "Field8": "NO", "Field9": "S Holly St", "Field10": "98108", "Field11": "36", "Field12": "Beacon Ave S", "Field13": "1", "Field14": "Beacon Ave S & S Holly St", "Field15": 3 }, "geometry": null },
{ "type": "Feature", "properties": { "Field1": "30380", "Field2": "Y", "Field3": "SEA", "Field4": "1278117.6000000001", "Field5": "202840.5", "Field6": "YES", "Field7": "ACT", "Field8": "NO", "Field9": "S Graham St", "Field10": "98108", "Field11": "36", "Field12": "Beacon Ave S", "Field13": "1", "Field14": "Beacon Ave S & S Graham St", "Field15": 3 }, "geometry": null },
{ "type": "Feature", "properties": { "Field1": "30390", "Field2": "Y", "Field3": "SEA", "Field4": "1278019.7", "Field5": "203358.9", "Field6": "YES", "Field7": "ACT", "Field8": "NO", "Field9": "S Spencer St", "Field10": "98108", "Field11": "36", "Field12": "Beacon Ave S", "Field13": "1", "Field14": "Beacon Ave S & S Spencer St", "Field15": 3 }, "geometry": null },
{ "type": "Feature", "properties": { "Field1": "30410", "Field2": "Y", "Field3": "SEA", "Field4": "1277827.3", "Field5": "204407.1", "Field6": "YES", "Field7": "ACT", "Field8": "NO", "Field9": "S Orcas St", "Field10": "98108", "Field11": "36", "Field12": "Beacon Ave S", "Field13": "1", "Field14": "Beacon Ave S & S Orcas St", "Field15": 3 }, "geometry": null },
{ "type": "Feature", "properties": { "Field1": "30430", "Field2": "Y", "Field3": "SEA", "Field4": "1277619.5", "Field5": "205520.4", "Field6": "YES", "Field7": "ACT", "Field8": "NO", "Field9": "S Brandon St", "Field10": "98108", "Field11": "36", "Field12": "Beacon Ave S", "Field13": "1", "Field14": "Beacon Ave S & S Brandon St", "Field15": 3 }, "geometry": null },
{ "type": "Feature", "properties": { "Field1": "30440", "Field2": "Y", "Field3": "SEA", "Field4": "1277465.1000000001", "Field5": "206361.4", "Field6": "YES", "Field7": "ACT", "Field8": "NO", "Field9": "S Dawson St", "Field10": "98108", "Field11": "36", "Field12": "Beacon Ave S", "Field13": "1", "Field14": "Beacon Ave S & S Dawson St", "Field15": 3 }, "geometry": null },
{ "type": "Feature", "properties": { "Field1": "31818", "Field2": "Y", "Field3": "SEA", "Field4": "1256813.8", "Field5": "209218.6", "Field6": "YES", "Field7": "ACT", "Field8": "NO", "Field9": "California Ave SW", "Field10": "98116", "Field11": "128 22 50", "Field12": "SW Oregon St", "Field13": "0", "Field14": "SW Oregon St & California Ave SW", "Field15": 2 }, "geometry": null },
{ "type": "Feature", "properties": { "Field1": "40873", "Field2": "Y", "Field3": "SEA", "Field4": "1272732.5", "Field5": "202437.9", "Field6": "YES", "Field7": "ACT", "Field8": "NO", "Field9": "S Warsaw St", "Field10": "98108", "Field11": "124 60", "Field12": "Corson Ave S", "Field13": "1", "Field14": "Corson Ave S & S Warsaw St", "Field15": 3 }, "geometry": null },
{ "type": "Feature", "properties": { "Field1": "40876", "Field2": "Y", "Field3": "SEA", "Field4": "1273356.8999999999", "Field5": "203232.8", "Field6": "YES", "Field7": "ACT", "Field8": "NO", "Field9": "Carleton Ave S", "Field10": "98108", "Field11": "124 60", "Field12": "S Bailey St", "Field13": "0", "Field14": "S Bailey St & Carleton Ave S", "Field15": 2 }, "geometry": null },
{ "type": "Feature", "properties": { "Field1": "40880", "Field2": "Y", "Field3": "SEA", "Field4": "1274257", "Field5": "203520.2", "Field6": "YES", "Field7": "ACT", "Field8": "NO", "Field9": "S Bailey St", "Field10": "98108", "Field11": "124", "Field12": "13th Ave S", "Field13": "1", "Field14": "13th Ave S & S Bailey St", "Field15": 3 }, "geometry": null },
{ "type": "Feature", "properties": { "Field1": "40881", "Field2": "Y", "Field3": "SEA", "Field4": "1274020.6000000001", "Field5": "203946.6", "Field6": "LTD", "Field7": "ACT", "Field8": "NO", "Field9": "S Vale St", "Field10": "98108", "Field11": "124", "Field12": "Airport Way S", "Field13": "1", "Field14": "Airport Way S & S Vale St", "Field15": 1 }, "geometry": null },
{ "type": "Feature", "properties": { "Field1": "40882", "Field2": "Y", "Field3": "SEA", "Field4": "1273783.8999999999", "Field5": "204311", "Field6": "LTD", "Field7": "ACT", "Field8": "NO", "Field9": "S Doris St", "Field10": "98108", "Field11": "124", "Field12": "Airport Way S", "Field13": "0", "Field14": "Airport Way S & S Doris St", "Field15": 0 }, "geometry": null },
{ "type": "Feature", "properties": { "Field1": "40885", "Field2": "Y", "Field3": "SEA", "Field4": "1273314.8999999999", "Field5": "205027.1", "Field6": "YES", "Field7": "ACT", "Field8": "NO", "Field9": "Corson Ave S", "Field10": "98108", "Field11": "124", "Field12": "Airport Way S", "Field13": "1", "Field14": "Airport Way S & Corson Ave S", "Field15": 3 }, "geometry": null },
{ "type": "Feature", "properties": { "Field1": "40890", "Field2": "Y", "Field3": "SEA", "Field4": "1272569.2", "Field5": "207815.5", "Field6": "YES", "Field7": "ACT", "Field8": "NO", "Field9": "S Edmunds St", "Field10": "98108", "Field11": "124", "Field12": "Airport Way S", "Field13": "0", "Field14": "Airport Way S & S Edmunds St", "Field15": 2 }, "geometry": null },
{ "type": "Feature", "properties": { "Field1": "55105", "Field2": "Y", "Field3": "SEA", "Field4": "1283130.6000000001", "Field5": "194073.60000000001", "Field6": "UNK", "Field7": "ACT", "Field8": "NO", "Field9": "S Henderson St", "Field10": "98118", "Field12": "Martin L King Jr Way S", "Field13": "0", "Field14": "Martin L King Jr Way S & S Henderson St", "Field15": 0 }, "geometry": null },
{ "type": "Feature", "properties": { "Field1": "55130", "Field2": "Y", "Field3": "SEA", "Field4": "1289948.8999999999", "Field5": "186844.6", "Field6": "YES", "Field7": "ACT", "Field8": "NO", "Field9": "S Fountain Pl", "Field10": "98178", "Field11": "106", "Field12": "Renton Ave S", "Field13": "1", "Field14": "Renton Ave S & S Fountain Pl", "Field15": 3 }, "geometry": null },
{ "type": "Feature", "properties": { "Field1": "55140", "Field2": "Y", "Field3": "SEA", "Field4": "1289431", "Field5": "187578.4", "Field6": "YES", "Field7": "ACT", "Field8": "NO", "Field9": "S Hazel St", "Field10": "98178", "Field11": "106", "Field12": "Renton Ave S", "Field13": "0", "Field14": "Renton Ave S & S Hazel St", "Field15": 2 }, "geometry": null },
{ "type": "Feature", "properties": { "Field1": "55150", "Field2": "Y", "Field3": "SEA", "Field4": "1289039.3", "Field5": "188137.8", "Field6": "YES", "Field7": "ACT", "Field8": "NO", "Field9": "63rd Ave S", "Field10": "98178", "Field11": "106", "Field12": "Renton Ave S", "Field13": "0", "Field14": "Renton Ave S & 63rd Ave S", "Field15": 2 }, "geometry": null },
{ "type": "Feature", "properties": { "Field1": "55160", "Field2": "Y", "Field3": "SEA", "Field4": "1288737.2", "Field5": "188567.4", "Field6": "YES", "Field7": "ACT", "Field8": "NO", "Field9": "S Prentice St", "Field10": "98178", "Field11": "106", "Field12": "Renton Ave S", "Field13": "0", "Field14": "Renton Ave S & S Prentice St", "Field15": 2 }, "geometry": null },
{ "type": "Feature", "properties": { "Field1": "56061", "Field2": "Y", "Field3": "SEA", "Field4": "1280750.6000000001", "Field5": "205837.7", "Field6": "YES", "Field7": "ACT", "Field8": "NO", "Field9": "S Dawson St", "Field10": "98118", "Field11": "106", "Field12": "Martin L King Jr Way S", "Field13": "0", "Field14": "Martin L King Jr Way S & S Dawson St", "Field15": 2 }, "geometry": null },
{ "type": "Feature", "properties": { "Field1": "28210", "Field2": "Y", "Field3": "SEA", "Field4": "1262761.6000000001", "Field5": "247580.1", "Field6": "YES", "Field7": "ACT", "Field8": "NO", "Field9": "NW Market St", "Field10": "98107", "Field11": "28E", "Field12": "8th Ave NW", "Field13": "1", "Field14": "8th Ave NW & NW Market St", "Field15": 3 }, "geometry": null },
{ "type": "Feature", "properties": { "Field1": "28230", "Field2": "Y", "Field3": "SEA", "Field4": "1262738.3", "Field5": "246500.7", "Field6": "YES", "Field7": "ACT", "Field8": "NO", "Field9": "NW 51st St", "Field10": "98107", "Field11": "28E", "Field12": "8th Ave NW", "Field13": "1", "Field14": "8th Ave NW & NW 51st St", "Field15": 3 }, "geometry": null },
{ "type": "Feature", "properties": { "Field1": "28250", "Field2": "Y", "Field3": "SEA", "Field4": "1262712.3999999999", "Field5": "245215.4", "Field6": "YES", "Field7": "ACT", "Field8": "NO", "Field9": "NW 46th St", "Field10": "98107", "Field11": "28E", "Field12": "8th Ave NW", "Field13": "1", "Field14": "8th Ave NW & NW 46th St", "Field15": 3 }, "geometry": null },
{ "type": "Feature", "properties": { "Field1": "28255", "Field2": "Y", "Field3": "SEA", "Field4": "1261532.6000000001", "Field5": "245867.3", "Field6": "YES", "Field7": "ACT", "Field8": "NO", "Field9": "11th Ave NW", "Field10": "98107", "Field11": "40", "Field12": "NW Leary Way", "Field13": "1", "Field14": "NW Leary Way & 11th Ave NW", "Field15": 3 }, "geometry": null },
{ "type": "Feature", "properties": { "Field1": "28260", "Field2": "Y", "Field3": "SEA", "Field4": "1263100.8", "Field5": "244041.1", "Field6": "YES", "Field7": "ACT", "Field8": "NO", "Field9": "NW 43rd St", "Field10": "98107", "Field11": "28E 40", "Field12": "Leary Way NW", "Field13": "1", "Field14": "Leary Way NW & NW 43rd St", "Field15": 3 }, "geometry": null },
{ "type": "Feature", "properties": { "Field1": "28265", "Field2": "Y", "Field3": "SEA", "Field4": "1262626.7", "Field5": "244797.4", "Field6": "YES", "Field7": "ACT", "Field8": "NO", "Field9": "8th Ave NW", "Field10": "98107", "Field11": "40", "Field12": "Leary Way NW", "Field13": "1", "Field14": "Leary Way NW & 8th Ave NW", "Field15": 3 }, "geometry": null },
{ "type": "Feature", "properties": { "Field1": "28280", "Field2": "Y", "Field3": "SEA", "Field4": "1263774.6000000001", "Field5": "242967.9", "Field6": "YES", "Field7": "ACT", "Field8": "NO", "Field9": "3rd Ave NW", "Field10": "98107", "Field11": "40", "Field12": "Leary Way NW", "Field13": "0", "Field14": "Leary Way NW & 3rd Ave NW", "Field15": 2 }, "geometry": null },
{ "type": "Feature", "properties": { "Field1": "29361", "Field2": "Y", "Field3": "SEA", "Field4": "1278357", "Field5": "236963.9", "Field6": "YES", "Field7": "ACT", "Field8": "NO", "Field9": "E McGraw St", "Field10": "98112", "Field11": "43 48 988EN", "Field12": "24th Ave E", "Field13": "1", "Field14": "24th Ave E & E McGraw St", "Field15": 3 }, "geometry": null },
{ "type": "Feature", "properties": { "Field1": "29380", "Field2": "Y", "Field3": "SEA", "Field4": "1278168.6000000001", "Field5": "238023", "Field6": "YES", "Field7": "ACT", "Field8": "NO", "Field9": "E Roanoke St", "Field10": "98112", "Field11": "43 48", "Field12": "East Montlake Pl E", "Field13": "0", "Field14": "East Montlake Pl E & E Roanoke St", "Field15": 2 }, "geometry": null },
{ "type": "Feature", "properties": { "Field1": "29405", "Field2": "Y", "Field3": "SEA", "Field4": "1277466.8999999999", "Field5": "240466", "Field6": "YES", "Field7": "ACT", "Field8": "NO", "Field9": "Montlake Blvd NE", "Field10": "98195", "Field11": "271 43 44 48", "Field12": "NE Pacific St", "Field13": "4", "Field14": "NE Pacific St & Montlake Blvd NE", "Field15": 3 }, "geometry": null },
{ "type": "Feature", "properties": { "Field1": "29420", "Field2": "Y", "Field3": "SEA", "Field4": "1276279.7", "Field5": "241380.6", "Field6": "YES", "Field7": "ACT", "Field8": "NO", "Field9": "15th Ave NE", "Field10": "98195", "Field11": "255 271 44 48 542E 556E", "Field12": "NE Pacific St", "Field13": "0", "Field14": "NE Pacific St & 15th Ave NE", "Field15": 2 }, "geometry": null },
{ "type": "Feature", "properties": { "Field1": "29423", "Field2": "Y", "Field3": "SEA", "Field4": "1275388.3999999999", "Field5": "241833.4", "Field6": "YES", "Field7": "ACT", "Field8": "NO", "Field9": "NE Pacific St", "Field10": "98105", "Field11": "79", "Field12": "Brooklyn Ave NE", "Field13": "0", "Field14": "Brooklyn Ave NE & NE Pacific St", "Field15": 2 }, "geometry": null },
{ "type": "Feature", "properties": { "Field1": "31010", "Field2": "Y", "Field3": "SEA", "Field4": "1280740.2", "Field5": "198009.60000000001", "Field6": "YES", "Field7": "ACT", "Field8": "NO", "Field9": "S Holden St", "Field10": "98118", "Field11": "107", "Field12": "Beacon Ave S", "Field13": "0", "Field14": "Beacon Ave S & S Holden St", "Field15": 2 }, "geometry": null },
{ "type": "Feature", "properties": { "Field1": "31030", "Field2": "Y", "Field3": "SEA", "Field4": "1281036.3", "Field5": "196999.9", "Field6": "YES", "Field7": "ACT", "Field8": "NO", "Field9": "S Monroe St", "Field10": "98118", "Field11": "107", "Field12": "Beacon Ave S", "Field13": "0", "Field14": "Beacon Ave S & S Monroe St", "Field15": 2 }, "geometry": null },
{ "type": "Feature", "properties": { "Field1": "31050", "Field2": "Y", "Field3": "SEA", "Field4": "1281047.2", "Field5": "196034.3", "Field6": "YES", "Field7": "ACT", "Field8": "NO", "Field9": "S Thistle St", "Field10": "98118", "Field11": "107", "Field12": "Beacon Ave S", "Field13": "0", "Field14": "Beacon Ave S & S Thistle St", "Field15": 2 }, "geometry": null },
{ "type": "Feature", "properties": { "Field1": "32364", "Field2": "Y", "Field3": "SEA", "Field4": "1258446.5", "Field5": "208506", "Field6": "YES", "Field7": "ACT", "Field8": "NO", "Field9": "Fauntleroy Ave SW", "Field10": "98126", "Field11": "50 773 C", "Field12": "SW Alaska St", "Field13": "1", "Field14": "SW Alaska St & Fauntleroy Ave SW", "Field15": 3 }, "geometry": null },
{ "type": "Feature", "properties": { "Field1": "55960", "Field2": "Y", "Field3": "SEA", "Field4": "1279227", "Field5": "213457.3", "Field6": "YES", "Field7": "ACT", "Field8": "NO", "Field9": "S Winthrop St", "Field10": "98144", "Field11": "106", "Field12": "Martin L King Jr Way S", "Field13": "1", "Field14": "Martin L King Jr Way S & S Winthrop St", "Field15": 3 }, "geometry": null },
{ "type": "Feature", "properties": { "Field1": "55980", "Field2": "Y", "Field3": "SEA", "Field4": "1279140.3999999999", "Field5": "211929.1", "Field6": "YES", "Field7": "ACT", "Field8": "NO", "Field9": "S Walden St", "Field10": "98144", "Field11": "106", "Field12": "Martin L King Jr Way S", "Field13": "0", "Field14": "Martin L King Jr Way S & S Walden St", "Field15": 2 }, "geometry": null },
{ "type": "Feature", "properties": { "Field1": "31131", "Field2": "Y", "Field3": "SEA", "Field4": "1282744.3999999999", "Field5": "193948.1", "Field6": "UNK", "Field7": "ACT", "Field8": "NO", "Field9": "41st Ave S", "Field10": "98118", "Field11": "107", "Field12": "Carkeek Dr S", "Field13": "0", "Field14": "Carkeek Dr S & 41st Ave S", "Field15": 0 }, "geometry": null },
{ "type": "Feature", "properties": { "Field1": "31132", "Field2": "Y", "Field3": "SEA", "Field4": "1283490.3", "Field5": "194241", "Field6": "YES", "Field7": "ACT", "Field8": "NO", "Field9": "Martin L King Jr Way", "Field10": "98118", "Field11": "106 107", "Field12": "S Henderson St", "Field13": "1", "Field14": "S Henderson St & Martin L King Jr Way", "Field15": 3 }, "geometry": null },
{ "type": "Feature", "properties": { "Field1": "31134", "Field2": "Y", "Field3": "SEA", "Field4": "1284921.8999999999", "Field5": "194211.3", "Field6": "YES", "Field7": "ACT", "Field8": "NO", "Field9": "48th Ave S", "Field10": "98118", "Field11": "106 107 987EN 9E", "Field12": "S Henderson St", "Field13": "1", "Field14": "S Henderson St & 48th Ave S", "Field15": 3 }, "geometry": null },
{ "type": "Feature", "properties": { "Field1": "31136", "Field2": "Y", "Field3": "SEA", "Field4": "1286448", "Field5": "194178.2", "Field6": "YES", "Field7": "ACT", "Field8": "NO", "Field9": "53rd Ave S", "Field10": "98118", "Field11": "7", "Field12": "S Henderson St", "Field13": "1", "Field14": "S Henderson St & 53rd Ave S", "Field15": 3 }, "geometry": null },
{ "type": "Feature", "properties": { "Field1": "31150", "Field2": "Y", "Field3": "SEA", "Field4": "1253576.7", "Field5": "244105.3", "Field6": "YES", "Field7": "ACT", "Field8": "NO", "Field9": "36th Ave W", "Field10": "98199", "Field11": "33", "Field12": "W Government Way", "Field13": "1", "Field14": "W Government Way & 36th Ave W", "Field15": 3 }, "geometry": null },
{ "type": "Feature", "properties": { "Field1": "34680", "Field2": "Y", "Field3": "SEA", "Field4": "1286929.8", "Field5": "201122", "Field6": "YES", "Field7": "ACT", "Field8": "NO", "Field9": "S Holly St", "Field10": "98118", "Field11": "50", "Field12": "Seward Park Ave S", "Field13": "0", "Field14": "Seward Park Ave S & S Holly St", "Field15": 2 }, "geometry": null },
{ "type": "Feature", "properties": { "Field1": "34690", "Field2": "Y", "Field3": "SEA", "Field4": "1287216.8999999999", "Field5": "202070.39999999999", "Field6": "YES", "Field7": "ACT", "Field8": "NO", "Field9": "Wilson Ave S", "Field10": "98118", "Field11": "50", "Field12": "Seward Park Ave S", "Field13": "0", "Field14": "Seward Park Ave S & Wilson Ave S", "Field15": 2 }, "geometry": null },
{ "type": "Feature", "properties": { "Field1": "34700", "Field2": "Y", "Field3": "SEA", "Field4": "1287601.1000000001", "Field5": "202569.4", "Field6": "YES", "Field7": "ACT", "Field8": "NO", "Field9": "57th Ave S", "Field10": "98118", "Field11": "50", "Field12": "Seward Park Ave S", "Field13": "0", "Field14": "Seward Park Ave S & 57th Ave S", "Field15": 2 }, "geometry": null },
{ "type": "Feature", "properties": { "Field1": "34730", "Field2": "Y", "Field3": "SEA", "Field4": "1288371.6000000001", "Field5": "203844", "Field6": "YES", "Field7": "ACT", "Field8": "NO", "Field9": "S Juneau St", "Field10": "98118", "Field11": "50", "Field12": "Seward Park Ave S", "Field13": "0", "Field14": "Seward Park Ave S & S Juneau St", "Field15": 2 }, "geometry": null },
{ "type": "Feature", "properties": { "Field1": "34740", "Field2": "Y", "Field3": "SEA", "Field4": "1287566.5", "Field5": "204341", "Field6": "YES", "Field7": "ACT", "Field8": "NO", "Field9": "S Orcas St", "Field10": "98118", "Field11": "50", "Field12": "Seward Park Ave S", "Field13": "0", "Field14": "Seward Park Ave S & S Orcas St", "Field15": 2 }, "geometry": null },
{ "type": "Feature", "properties": { "Field1": "31160", "Field2": "Y", "Field3": "SEA", "Field4": "1254891.8", "Field5": "245088.4", "Field6": "YES", "Field7": "ACT", "Field8": "NO", "Field9": "31st Ave W", "Field10": "98199", "Field11": "33", "Field12": "W Government Way", "Field13": "0", "Field14": "W Government Way & 31st Ave W", "Field15": 2 }, "geometry": null },
{ "type": "Feature", "properties": { "Field1": "32394", "Field2": "Y", "Field3": "SEA", "Field4": "1255040.8", "Field5": "203374.6", "Field6": "YES", "Field7": "ACT", "Field8": "NO", "Field9": "SW Graham St", "Field10": "98136", "Field12": "48th Ave SW", "Field13": "0", "Field14": "48th Ave SW & SW Graham St", "Field15": 2 }, "geometry": null },
{ "type": "Feature", "properties": { "Field1": "32395", "Field2": "Y", "Field3": "SEA", "Field4": "1254914.5", "Field5": "202957.6", "Field6": "YES", "Field7": "ACT", "Field8": "NO", "Field9": "SW Eddy St", "Field10": "98136", "Field12": "48th Ave SW", "Field13": "0", "Field14": "48th Ave SW & SW Eddy St", "Field15": 2 }, "geometry": null },
{ "type": "Feature", "properties": { "Field1": "32396", "Field2": "Y", "Field3": "SEA", "Field4": "1254896.3999999999", "Field5": "202037.5", "Field6": "YES", "Field7": "ACT", "Field8": "NO", "Field9": "SW Holly St", "Field10": "98136", "Field12": "48th Ave SW", "Field13": "0", "Field14": "48th Ave SW & SW Holly St", "Field15": 2 }, "geometry": null },
{ "type": "Feature", "properties": { "Field1": "32397", "Field2": "Y", "Field3": "SEA", "Field4": "1254662.8", "Field5": "201588.5", "Field6": "YES", "Field7": "ACT", "Field8": "NO", "Field9": "Holly Ct SW", "Field10": "98136", "Field12": "48th Ave SW", "Field13": "0", "Field14": "48th Ave SW & Holly Ct SW", "Field15": 2 }, "geometry": null },
{ "type": "Feature", "properties": { "Field1": "32398", "Field2": "Y", "Field3": "SEA", "Field4": "1254443.2", "Field5": "201254.3", "Field6": "YES", "Field7": "ACT", "Field8": "NO", "Field9": "Beach Dr SW", "Field10": "98136", "Field12": "48th Ave SW", "Field13": "0", "Field14": "48th Ave SW & Beach Dr SW", "Field15": 2 }, "geometry": null },
{ "type": "Feature", "properties": { "Field1": "32399", "Field2": "Y", "Field3": "SEA", "Field4": "1254373.6000000001", "Field5": "201991.3", "Field6": "YES", "Field7": "ACT", "Field8": "NO", "Field9": "Beach Dr SW", "Field10": "98136", "Field12": "Beach Dr SW", "Field13": "0", "Field14": "Beach Dr SW & Beach Dr SW", "Field15": 2 }, "geometry": null },
{ "type": "Feature", "properties": { "Field1": "32400", "Field2": "Y", "Field3": "SEA", "Field4": "1253918.8999999999", "Field5": "203026.2", "Field6": "YES", "Field7": "ACT", "Field8": "NO", "Field9": "Atlas Pl SW", "Field10": "98136", "Field12": "Beach Dr SW", "Field13": "0", "Field14": "Beach Dr SW & Atlas Pl SW", "Field15": 2 }, "geometry": null },
{ "type": "Feature", "properties": { "Field1": "32401", "Field2": "Y", "Field3": "SEA", "Field4": "1253881.8", "Field5": "203384.2", "Field6": "NO", "Field7": "ACT", "Field8": "NO", "Field9": "Atlas Pl SW", "Field10": "98136", "Field12": "Beach Dr SW", "Field13": "0", "Field14": "Beach Dr SW & Atlas Pl SW", "Field15": 0 }, "geometry": null },
{ "type": "Feature", "properties": { "Field1": "32402", "Field2": "Y", "Field3": "SEA", "Field4": "1254060.8999999999", "Field5": "203825.1", "Field6": "NO", "Field7": "ACT", "Field8": "NO", "Field9": "Atlas Pl SW", "Field10": "98136", "Field12": "Beach Dr SW", "Field13": "0", "Field14": "Beach Dr SW & Atlas Pl SW", "Field15": 0 }, "geometry": null },
{ "type": "Feature", "properties": { "Field1": "32403", "Field2": "Y", "Field3": "SEA", "Field4": "1254114.3999999999", "Field5": "204636.9", "Field6": "YES", "Field7": "ACT", "Field8": "NO", "Field9": "Atlas Pl SW", "Field10": "98136", "Field12": "Beach Dr SW", "Field13": "0", "Field14": "Beach Dr SW & Atlas Pl SW", "Field15": 2 }, "geometry": null },
{ "type": "Feature", "properties": { "Field1": "32404", "Field2": "Y", "Field3": "SEA", "Field4": "1254057.3", "Field5": "205289.9", "Field6": "YES", "Field7": "ACT", "Field8": "NO", "Field9": "SW Shore Pl", "Field10": "98136", "Field12": "Beach Dr SW", "Field13": "0", "Field14": "Beach Dr SW & SW Shore Pl", "Field15": 2 }, "geometry": null },
{ "type": "Feature", "properties": { "Field1": "32405", "Field2": "Y", "Field3": "SEA", "Field4": "1253747.3", "Field5": "206061.8", "Field6": "YES", "Field7": "ACT", "Field8": "NO", "Field9": "SW Shore Pl", "Field10": "98136", "Field12": "Beach Dr SW", "Field13": "0", "Field14": "Beach Dr SW & SW Shore Pl", "Field15": 2 }, "geometry": null },
{ "type": "Feature", "properties": { "Field1": "34750", "Field2": "Y", "Field3": "SEA", "Field4": "1287247.2", "Field5": "204983.2", "Field6": "YES", "Field7": "ACT", "Field8": "NO", "Field9": "56th Ave S", "Field10": "98118", "Field11": "50", "Field12": "Seward Park Ave S", "Field13": "0", "Field14": "Seward Park Ave S & 56th Ave S", "Field15": 2 }, "geometry": null },
{ "type": "Feature", "properties": { "Field1": "34760", "Field2": "Y", "Field3": "SEA", "Field4": "1286624.8", "Field5": "205683.5", "Field6": "YES", "Field7": "ACT", "Field8": "NO", "Field9": "54th Ave S", "Field10": "98118", "Field11": "50", "Field12": "S Dawson St", "Field13": "0", "Field14": "S Dawson St & 54th Ave S", "Field15": 2 }, "geometry": null },
{ "type": "Feature", "properties": { "Field1": "34770", "Field2": "Y", "Field3": "SEA", "Field4": "1285769.2", "Field5": "205701.9", "Field6": "YES", "Field7": "ACT", "Field8": "NO", "Field9": "51st Ave S", "Field10": "98118", "Field11": "50", "Field12": "S Dawson St", "Field13": "0", "Field14": "S Dawson St & 51st Ave S", "Field15": 2 }, "geometry": null },
{ "type": "Feature", "properties": { "Field1": "34780", "Field2": "Y", "Field3": "SEA", "Field4": "1285525.8999999999", "Field5": "206587.8", "Field6": "YES", "Field7": "ACT", "Field8": "NO", "Field9": "S Hudson St", "Field10": "98118", "Field11": "50", "Field12": "50th Ave S", "Field13": "0", "Field14": "50th Ave S & S Hudson St", "Field15": 2 }, "geometry": null },
{ "type": "Feature", "properties": { "Field1": "36300", "Field2": "Y", "Field3": "SEA", "Field4": "1263130.7", "Field5": "198750.1", "Field6": "YES", "Field7": "ACT", "Field8": "NO", "Field9": "21st Ave SW", "Field10": "98106", "Field11": "H", "Field12": "Delridge Way SW", "Field13": "1", "Field14": "Delridge Way SW & 21st Ave SW", "Field15": 3 }, "geometry": null },
{ "type": "Feature", "properties": { "Field1": "36320", "Field2": "Y", "Field3": "SEA", "Field4": "1262499.1000000001", "Field5": "199770.5", "Field6": "YES", "Field7": "ACT", "Field8": "NO", "Field9": "Delridge Way SW", "Field10": "98106", "Field11": "128", "Field12": "Sylvan Way SW", "Field13": "0", "Field14": "Sylvan Way SW & Delridge Way SW", "Field15": 2 }, "geometry": null },
{ "type": "Feature", "properties": { "Field1": "36330", "Field2": "Y", "Field3": "SEA", "Field4": "1261113.3", "Field5": "200923.4", "Field6": "NO", "Field7": "ACT", "Field8": "NO", "Field9": "SW Sylvan Heights Dr", "Field10": "98126", "Field11": "128", "Field12": "Sylvan Way SW", "Field13": "0", "Field14": "Sylvan Way SW & SW Sylvan Heights Dr", "Field15": 0 }, "geometry": null },
{ "type": "Feature", "properties": { "Field1": "34910", "Field2": "Y", "Field3": "SEA", "Field4": "1281506.5", "Field5": "209160.7", "Field6": "YES", "Field7": "ACT", "Field8": "NO", "Field9": "36th Ave S", "Field10": "98118", "Field11": "50", "Field12": "S Genesee St", "Field13": "1", "Field14": "S Genesee St & 36th Ave S", "Field15": 3 }, "geometry": null },
{ "type": "Feature", "properties": { "Field1": "34930", "Field2": "Y", "Field3": "SEA", "Field4": "1282664.3999999999", "Field5": "209154.3", "Field6": "LTD", "Field7": "ACT", "Field8": "NO", "Field9": "Cascadia Ave S", "Field10": "98118", "Field11": "50 987EN", "Field12": "S Genesee St", "Field13": "0", "Field14": "S Genesee St & Cascadia Ave S", "Field15": 0 }, "geometry": null },
{ "type": "Feature", "properties": { "Field1": "34940", "Field2": "Y", "Field3": "SEA", "Field4": "1283350.1000000001", "Field5": "209116.5", "Field6": "YES", "Field7": "ACT", "Field8": "NO", "Field9": "43rd Ave S", "Field10": "98118", "Field11": "50", "Field12": "S Genesee St", "Field13": "0", "Field14": "S Genesee St & 43rd Ave S", "Field15": 2 }, "geometry": null },
{ "type": "Feature", "properties": { "Field1": "34960", "Field2": "Y", "Field3": "SEA", "Field4": "1284403.1000000001", "Field5": "209100.1", "Field6": "YES", "Field7": "ACT", "Field8": "NO", "Field9": "46th Ave S", "Field10": "98118", "Field11": "50", "Field12": "S Genesee St", "Field13": "0", "Field14": "S Genesee St & 46th Ave S", "Field15": 2 }, "geometry": null },
{ "type": "Feature", "properties": { "Field1": "34980", "Field2": "Y", "Field3": "SEA", "Field4": "1285558.7", "Field5": "208975.6", "Field6": "YES", "Field7": "ACT", "Field8": "NO", "Field9": "S Genesee St", "Field10": "98118", "Field11": "50", "Field12": "50th Ave S", "Field13": "0", "Field14": "50th Ave S & S Genesee St", "Field15": 2 }, "geometry": null },
{ "type": "Feature", "properties": { "Field1": "35000", "Field2": "Y", "Field3": "SEA", "Field4": "1285541.6000000001", "Field5": "207725.8", "Field6": "YES", "Field7": "ACT", "Field8": "NO", "Field9": "S Alaska St", "Field10": "98118", "Field11": "50", "Field12": "50th Ave S", "Field13": "0", "Field14": "50th Ave S & S Alaska St", "Field15": 2 }, "geometry": null },
{ "type": "Feature", "properties": { "Field1": "36472", "Field2": "Y", "Field3": "SEA", "Field4": "1261254.2", "Field5": "200868.6", "Field6": "YES", "Field7": "ACT", "Field8": "NO", "Field9": "SW Sylvan Heights Dr", "Field10": "98126", "Field11": "128", "Field12": "Sylvan Way SW", "Field13": "0", "Field14": "Sylvan Way SW & SW Sylvan Heights Dr", "Field15": 2 }, "geometry": null },
{ "type": "Feature", "properties": { "Field1": "36360", "Field2": "Y", "Field3": "SEA", "Field4": "1259226.8999999999", "Field5": "202509.5", "Field6": "YES", "Field7": "ACT", "Field8": "NO", "Field9": "35th Ave SW", "Field10": "98126", "Field11": "128", "Field12": "SW Morgan St", "Field13": "1", "Field14": "SW Morgan St & 35th Ave SW", "Field15": 3 }, "geometry": null },
{ "type": "Feature", "properties": { "Field1": "37880", "Field2": "Y", "Field3": "SEA", "Field4": "1284969", "Field5": "249835.1", "Field6": "YES", "Field7": "ACT", "Field8": "NO", "Field9": "49th Ave NE", "Field10": "98115", "Field11": "62", "Field12": "NE 65th St", "Field13": "0", "Field14": "NE 65th St & 49th Ave NE", "Field15": 2 }, "geometry": null },
{ "type": "Feature", "properties": { "Field1": "37890", "Field2": "Y", "Field3": "SEA", "Field4": "1284485.7", "Field5": "249846.7", "Field6": "LTD", "Field7": "ACT", "Field8": "NO", "Field9": "47th Ave NE", "Field10": "98115", "Field11": "62", "Field12": "NE 65th St", "Field13": "0", "Field14": "NE 65th St & 47th Ave NE", "Field15": 0 }, "geometry": null },
{ "type": "Feature", "properties": { "Field1": "37900", "Field2": "Y", "Field3": "SEA", "Field4": "1283740.5", "Field5": "249862.2", "Field6": "YES", "Field7": "ACT", "Field8": "NO", "Field9": "44th Ave NE", "Field10": "98115", "Field11": "62", "Field12": "NE 65th St", "Field13": "0", "Field14": "NE 65th St & 44th Ave NE", "Field15": 2 }, "geometry": null },
{ "type": "Feature", "properties": { "Field1": "37910", "Field2": "Y", "Field3": "SEA", "Field4": "1283095", "Field5": "249873.9", "Field6": "YES", "Field7": "ACT", "Field8": "NO", "Field9": "42nd Ave NE", "Field10": "98115", "Field11": "62", "Field12": "NE 65th St", "Field13": "0", "Field14": "NE 65th St & 42nd Ave NE", "Field15": 2 }, "geometry": null },
{ "type": "Feature", "properties": { "Field1": "37920", "Field2": "Y", "Field3": "SEA", "Field4": "1282598", "Field5": "249882.6", "Field6": "YES", "Field7": "ACT", "Field8": "NO", "Field9": "39th Ave NE", "Field10": "98115", "Field11": "62", "Field12": "NE 65th St", "Field13": "1", "Field14": "NE 65th St & 39th Ave NE", "Field15": 3 }, "geometry": null },
{ "type": "Feature", "properties": { "Field1": "37930", "Field2": "Y", "Field3": "SEA", "Field4": "1282060", "Field5": "249892.5", "Field6": "YES", "Field7": "ACT", "Field8": "NO", "Field9": "37th Ave NE", "Field10": "98115", "Field11": "62", "Field12": "NE 65th St", "Field13": "0", "Field14": "NE 65th St & 37th Ave NE", "Field15": 2 }, "geometry": null },
{ "type": "Feature", "properties": { "Field1": "37940", "Field2": "Y", "Field3": "SEA", "Field4": "1281459.8", "Field5": "249904.2", "Field6": "YES", "Field7": "ACT", "Field8": "NO", "Field9": "35th Ave NE", "Field10": "98115", "Field11": "62", "Field12": "NE 65th St", "Field13": "1", "Field14": "NE 65th St & 35th Ave NE", "Field15": 3 }, "geometry": null },
{ "type": "Feature", "properties": { "Field1": "37950", "Field2": "Y", "Field3": "SEA", "Field4": "1280755", "Field5": "249918.5", "Field6": "YES", "Field7": "ACT", "Field8": "NO", "Field9": "32nd Ave NE", "Field10": "98115", "Field11": "62", "Field12": "NE 65th St", "Field13": "0", "Field14": "NE 65th St & 32nd Ave NE", "Field15": 2 }, "geometry": null },
{ "type": "Feature", "properties": { "Field1": "36480", "Field2": "Y", "Field3": "SEA", "Field4": "1262578.3999999999", "Field5": "199762.4", "Field6": "NO", "Field7": "ACT", "Field8": "NO", "Field9": "Delridge Way SW", "Field10": "98106", "Field11": "128", "Field12": "SW Orchard St", "Field13": "0", "Field14": "SW Orchard St & Delridge Way SW", "Field15": 0 }, "geometry": null },
{ "type": "Feature", "properties": { "Field1": "36490", "Field2": "Y", "Field3": "SEA", "Field4": "1264554.3999999999", "Field5": "199133.6", "Field6": "YES", "Field7": "ACT", "Field8": "NO", "Field9": "SW Webster St", "Field10": "98106", "Field11": "125 128", "Field12": "16th Ave SW", "Field13": "0", "Field14": "16th Ave SW & SW Webster St", "Field15": 2 }, "geometry": null },
{ "type": "Feature", "properties": { "Field1": "36500", "Field2": "Y", "Field3": "SEA", "Field4": "1264578.7", "Field5": "200109.8", "Field6": "YES", "Field7": "ACT", "Field8": "NO", "Field9": "SW Orchard St", "Field10": "98106", "Field11": "125 128", "Field12": "16th Ave SW", "Field13": "1", "Field14": "16th Ave SW & SW Orchard St", "Field15": 3 }, "geometry": null },
{ "type": "Feature", "properties": { "Field1": "36510", "Field2": "Y", "Field3": "SEA", "Field4": "1264631.5", "Field5": "201793.8", "Field6": "YES", "Field7": "ACT", "Field8": "NO", "Field9": "SW Holly St", "Field10": "98106", "Field11": "125 128", "Field12": "16th Ave SW", "Field13": "0", "Field14": "16th Ave SW & SW Holly St", "Field15": 2 }, "geometry": null },
{ "type": "Feature", "properties": { "Field1": "36520", "Field2": "Y", "Field3": "SEA", "Field4": "1264676.8999999999", "Field5": "202500.4", "Field6": "YES", "Field7": "ACT", "Field8": "NO", "Field9": "SW Morgan St", "Field10": "98106", "Field11": "125 128", "Field12": "16th Ave SW", "Field13": "1", "Field14": "16th Ave SW & SW Morgan St", "Field15": 3 }, "geometry": null },
{ "type": "Feature", "properties": { "Field1": "36522", "Field2": "Y", "Field3": "SEA", "Field4": "1264673.1000000001", "Field5": "203080.7", "Field6": "YES", "Field7": "ACT", "Field8": "NO", "Field9": "SW Graham St", "Field10": "98106", "Field11": "125 128", "Field12": "16th Ave SW", "Field13": "0", "Field14": "16th Ave SW & SW Graham St", "Field15": 2 }, "geometry": null },
{ "type": "Feature", "properties": { "Field1": "36525", "Field2": "Y", "Field3": "SEA", "Field4": "1264893.7", "Field5": "203400.3", "Field6": "YES", "Field7": "ACT", "Field8": "NO", "Field9": "SW Findlay St", "Field10": "98106", "Field11": "125 128", "Field12": "South Seattle College AcRd", "Field13": "2", "Field14": "South Seattle College AcRd & SW Findlay St", "Field15": 3 }, "geometry": null },
{ "type": "Feature", "properties": { "Field1": "36530", "Field2": "Y", "Field3": "SEA", "Field4": "1264729.8", "Field5": "205022.9", "Field6": "YES", "Field7": "ACT", "Field8": "NO", "Field9": "SW Findlay St", "Field10": "98106", "Field11": "125", "Field12": "16th Ave SW", "Field13": "0", "Field14": "16th Ave SW & SW Findlay St", "Field15": 2 }, "geometry": null },
{ "type": "Feature", "properties": { "Field1": "36540", "Field2": "Y", "Field3": "SEA", "Field4": "1264744.7", "Field5": "205750.3", "Field6": "YES", "Field7": "ACT", "Field8": "NO", "Field9": "SW Brandon St", "Field10": "98106", "Field11": "125", "Field12": "16th Ave SW", "Field13": "0", "Field14": "16th Ave SW & SW Brandon St", "Field15": 2 }, "geometry": null },
{ "type": "Feature", "properties": { "Field1": "36560", "Field2": "Y", "Field3": "SEA", "Field4": "1264212", "Field5": "206450.2", "Field6": "LTD", "Field7": "ACT", "Field8": "NO", "Field9": "18th Ave SW", "Field10": "98106", "Field11": "125", "Field12": "SW Dawson St", "Field13": "1", "Field14": "SW Dawson St & 18th Ave SW", "Field15": 1 }, "geometry": null },
{ "type": "Feature", "properties": { "Field1": "38050", "Field2": "Y", "Field3": "SEA", "Field4": "1280354.8999999999", "Field5": "270331.90000000002", "Field6": "YES", "Field7": "ACT", "Field8": "NO", "Field9": "NE 143rd St", "Field10": "98125", "Field11": "65", "Field12": "30th Ave NE", "Field13": "1", "Field14": "30th Ave NE & NE 143rd St", "Field15": 3 }, "geometry": null },
{ "type": "Feature", "properties": { "Field1": "37970", "Field2": "Y", "Field3": "SEA", "Field4": "1279690.8", "Field5": "249934.7", "Field6": "YES", "Field7": "ACT", "Field8": "NO", "Field9": "28th Ave NE", "Field10": "98115", "Field11": "62", "Field12": "NE 65th St", "Field13": "0", "Field14": "NE 65th St & 28th Ave NE", "Field15": 2 }, "geometry": null },
{ "type": "Feature", "properties": { "Field1": "37980", "Field2": "Y", "Field3": "SEA", "Field4": "1279245.2", "Field5": "249942.6", "Field6": "YES", "Field7": "ACT", "Field8": "NO", "Field9": "26th Ave NE", "Field10": "98115", "Field11": "62", "Field12": "NE 65th St", "Field13": "1", "Field14": "NE 65th St & 26th Ave NE", "Field15": 3 }, "geometry": null },
{ "type": "Feature", "properties": { "Field1": "37990", "Field2": "Y", "Field3": "SEA", "Field4": "1278843.3", "Field5": "249949.8", "Field6": "YES", "Field7": "ACT", "Field8": "NO", "Field9": "25th Ave NE", "Field10": "98115", "Field11": "62", "Field12": "NE 65th St", "Field13": "0", "Field14": "NE 65th St & 25th Ave NE", "Field15": 2 }, "geometry": null },
{ "type": "Feature", "properties": { "Field1": "39448", "Field2": "Y", "Field3": "SEA", "Field4": "1257220.6000000001", "Field5": "198595.1", "Field6": "YES", "Field7": "ACT", "Field8": "NO", "Field9": "SW Holden St", "Field10": "98136", "Field11": "22", "Field12": "41st Ave SW", "Field13": "0", "Field14": "41st Ave SW & SW Holden St", "Field15": 2 }, "geometry": null },
{ "type": "Feature", "properties": { "Field1": "39450", "Field2": "Y", "Field3": "SEA", "Field4": "1256593.8999999999", "Field5": "198798.5", "Field6": "YES", "Field7": "ACT", "Field8": "NO", "Field9": "California Ave SW", "Field10": "98136", "Field11": "22", "Field12": "SW Ida St", "Field13": "0", "Field14": "SW Ida St & California Ave SW", "Field15": 2 }, "geometry": null },
{ "type": "Feature", "properties": { "Field1": "39451", "Field2": "Y", "Field3": "SEA", "Field4": "1256574", "Field5": "199155", "Field6": "YES", "Field7": "ACT", "Field8": "NO", "Field9": "SW Austin St", "Field10": "98136", "Field11": "22", "Field12": "California Ave SW", "Field13": "0", "Field14": "California Ave SW & SW Austin St", "Field15": 2 }, "geometry": null },
{ "type": "Feature", "properties": { "Field1": "39452", "Field2": "Y", "Field3": "SEA", "Field4": "1256591.6000000001", "Field5": "199792.1", "Field6": "YES", "Field7": "ACT", "Field8": "NO", "Field9": "SW Fontanelle St", "Field10": "98136", "Field11": "22", "Field12": "California Ave SW", "Field13": "0", "Field14": "California Ave SW & SW Fontanelle St", "Field15": 2 }, "geometry": null },
{ "type": "Feature", "properties": { "Field1": "39453", "Field2": "Y", "Field3": "SEA", "Field4": "1256604.3999999999", "Field5": "200258.4", "Field6": "YES", "Field7": "ACT", "Field8": "NO", "Field9": "SW Othello St", "Field10": "98136", "Field11": "22", "Field12": "California Ave SW", "Field13": "0", "Field14": "California Ave SW & SW Othello St", "Field15": 2 }, "geometry": null },
{ "type": "Feature", "properties": { "Field1": "39454", "Field2": "Y", "Field3": "SEA", "Field4": "1256622.3", "Field5": "200907.5", "Field6": "YES", "Field7": "ACT", "Field8": "NO", "Field9": "SW Myrtle St", "Field10": "98136", "Field11": "22", "Field12": "California Ave SW", "Field13": "0", "Field14": "California Ave SW & SW Myrtle St", "Field15": 2 }, "geometry": null },
{ "type": "Feature", "properties": { "Field1": "39455", "Field2": "Y", "Field3": "SEA", "Field4": "1256636.8999999999", "Field5": "201438.3", "Field6": "YES", "Field7": "ACT", "Field8": "NO", "Field9": "SW Mills St", "Field10": "98136", "Field11": "22", "Field12": "California Ave SW", "Field13": "0", "Field14": "California Ave SW & SW Mills St", "Field15": 2 }, "geometry": null },
{ "type": "Feature", "properties": { "Field1": "39456", "Field2": "Y", "Field3": "SEA", "Field4": "1256657", "Field5": "202062.8", "Field6": "YES", "Field7": "ACT", "Field8": "NO", "Field9": "SW Holly St", "Field10": "98136", "Field11": "22", "Field12": "California Ave SW", "Field13": "0", "Field14": "California Ave SW & SW Holly St", "Field15": 2 }, "geometry": null },
{ "type": "Feature", "properties": { "Field1": "38060", "Field2": "Y", "Field3": "SEA", "Field4": "1280352.8", "Field5": "269779.3", "Field6": "LTD", "Field7": "ACT", "Field8": "NO", "Field9": "NE 140th St", "Field10": "98125", "Field11": "65", "Field12": "30th Ave NE", "Field13": "0", "Field14": "30th Ave NE & NE 140th St", "Field15": 0 }, "geometry": null },
{ "type": "Feature", "properties": { "Field1": "38080", "Field2": "Y", "Field3": "SEA", "Field4": "1280353.2", "Field5": "268455.3", "Field6": "YES", "Field7": "ACT", "Field8": "NO", "Field9": "NE 135th St", "Field10": "98125", "Field11": "65", "Field12": "30th Ave NE", "Field13": "0", "Field14": "30th Ave NE & NE 135th St", "Field15": 2 }, "geometry": null },
{ "type": "Feature", "properties": { "Field1": "38090", "Field2": "Y", "Field3": "SEA", "Field4": "1280345.2", "Field5": "267688.3", "Field6": "YES", "Field7": "ACT", "Field8": "NO", "Field9": "NE 133rd St", "Field10": "98125", "Field11": "65", "Field12": "30th Ave NE", "Field13": "0", "Field14": "30th Ave NE & NE 133rd St", "Field15": 2 }, "geometry": null },
{ "type": "Feature", "properties": { "Field1": "38100", "Field2": "Y", "Field3": "SEA", "Field4": "1280338.3", "Field5": "267008", "Field6": "YES", "Field7": "ACT", "Field8": "NO", "Field9": "NE 130th St", "Field10": "98125", "Field11": "65", "Field12": "30th Ave NE", "Field13": "0", "Field14": "30th Ave NE & NE 130th St", "Field15": 2 }, "geometry": null },
{ "type": "Feature", "properties": { "Field1": "38110", "Field2": "Y", "Field3": "SEA", "Field4": "1280331.2", "Field5": "266342", "Field6": "YES", "Field7": "ACT", "Field8": "NO", "Field9": "NE 127th St", "Field10": "98125", "Field11": "65", "Field12": "30th Ave NE", "Field13": "0", "Field14": "30th Ave NE & NE 127th St", "Field15": 2 }, "geometry": null },
{ "type": "Feature", "properties": { "Field1": "38145", "Field2": "Y", "Field3": "SEA", "Field4": "1279986.3", "Field5": "264352.90000000002", "Field6": "YES", "Field7": "ACT", "Field8": "NO", "Field9": "NE 120th St", "Field10": "98125", "Field11": "322 372E 61", "Field12": "Lake City Way NE", "Field13": "1", "Field14": "Lake City Way NE & NE 120th St", "Field15": 3 }, "geometry": null },
{ "type": "Feature", "properties": { "Field1": "39472", "Field2": "Y", "Field3": "SEA", "Field4": "1255157.1000000001", "Field5": "213991.4", "Field6": "YES", "Field7": "ACT", "Field8": "NO", "Field9": "SW Hanford St", "Field10": "98116", "Field11": "57", "Field12": "49th Ave SW", "Field13": "0", "Field14": "49th Ave SW & SW Hanford St", "Field15": 2 }, "geometry": null },
{ "type": "Feature", "properties": { "Field1": "39473", "Field2": "Y", "Field3": "SEA", "Field4": "1255184.7", "Field5": "214662.7", "Field6": "YES", "Field7": "ACT", "Field8": "NO", "Field9": "SW Stevens St", "Field10": "98116", "Field11": "57", "Field12": "49th Ave SW", "Field13": "0", "Field14": "49th Ave SW & SW Stevens St", "Field15": 2 }, "geometry": null },
{ "type": "Feature", "properties": { "Field1": "39458", "Field2": "Y", "Field3": "SEA", "Field4": "1255936.8", "Field5": "209870.9", "Field6": "YES", "Field7": "ACT", "Field8": "NO", "Field9": "SW Genesee St", "Field10": "98116", "Field11": "57", "Field12": "Glenn Way SW", "Field13": "0", "Field14": "Glenn Way SW & SW Genesee St", "Field15": 2 }, "geometry": null },
{ "type": "Feature", "properties": { "Field1": "39459", "Field2": "Y", "Field3": "SEA", "Field4": "1255508.3", "Field5": "209910.6", "Field6": "YES", "Field7": "ACT", "Field8": "NO", "Field9": "47th Ave SW", "Field10": "98116", "Field11": "57", "Field12": "SW Genesee St", "Field13": "0", "Field14": "SW Genesee St & 47th Ave SW", "Field15": 2 }, "geometry": null },
{ "type": "Feature", "properties": { "Field1": "40871", "Field2": "Y", "Field3": "SEA", "Field4": "1272431.5", "Field5": "201174.2", "Field6": "YES", "Field7": "ACT", "Field8": "NO", "Field9": "S Willow St", "Field10": "98108", "Field11": "124 60", "Field12": "Corson Ave S", "Field13": "1", "Field14": "Corson Ave S & S Willow St", "Field15": 3 }, "geometry": null },
{ "type": "Feature", "properties": { "Field1": "51790", "Field2": "Y", "Field3": "SEA", "Field4": "1266513", "Field5": "198328.1", "Field6": "YES", "Field7": "ACT", "Field8": "NO", "Field9": "SW Holden St", "Field10": "98106", "Field11": "131", "Field12": "Highland Park Way SW", "Field13": "0", "Field14": "Highland Park Way SW & SW Holden St", "Field15": 2 }, "geometry": null },
{ "type": "Feature", "properties": { "Field1": "51800", "Field2": "Y", "Field3": "SEA", "Field4": "1266534.1000000001", "Field5": "199416.6", "Field6": "YES", "Field7": "ACT", "Field8": "NO", "Field9": "SW Othello St", "Field10": "98106", "Field11": "131", "Field12": "Highland Park Way SW", "Field13": "0", "Field14": "Highland Park Way SW & SW Othello St", "Field15": 2 }, "geometry": null },
{ "type": "Feature", "properties": { "Field1": "51810", "Field2": "Y", "Field3": "SEA", "Field4": "1266685.6000000001", "Field5": "200110.2", "Field6": "YES", "Field7": "ACT", "Field8": "NO", "Field9": "SW Othello St", "Field10": "98106", "Field11": "131", "Field12": "Highland Park Way SW", "Field13": "0", "Field14": "Highland Park Way SW & SW Othello St", "Field15": 2 }, "geometry": null },
{ "type": "Feature", "properties": { "Field1": "51820", "Field2": "Y", "Field3": "SEA", "Field4": "1267113.8999999999", "Field5": "200595.1", "Field6": "YES", "Field7": "ACT", "Field8": "NO", "Field9": "West Marginal Way S", "Field10": "98106", "Field11": "131", "Field12": "Highland Park Way SW", "Field13": "0", "Field14": "Highland Park Way SW & West Marginal Way S", "Field15": 2 }, "geometry": null },
{ "type": "Feature", "properties": { "Field1": "51830", "Field2": "Y", "Field3": "SEA", "Field4": "1267538.5", "Field5": "200736.6", "Field6": "YES", "Field7": "ACT", "Field8": "NO", "Field9": "West Marginal Way S", "Field10": "98106", "Field11": "131", "Field12": "Highland Park Way SW", "Field13": "1", "Field14": "Highland Park Way SW & West Marginal Way S", "Field15": 3 }, "geometry": null },
{ "type": "Feature", "properties": { "Field1": "51834", "Field2": "Y", "Field3": "SEA", "Field4": "1268837.8", "Field5": "200571.3", "Field6": "LTD", "Field7": "ACT", "Field8": "NO", "Field9": "2nd Ave SW", "Field10": "98106", "Field11": "131", "Field12": "Highland Park Way SW", "Field13": "0", "Field14": "Highland Park Way SW & 2nd Ave SW", "Field15": 0 }, "geometry": null },
{ "type": "Feature", "properties": { "Field1": "39475", "Field2": "Y", "Field3": "SEA", "Field4": "1255194.3999999999", "Field5": "214473.5", "Field6": "YES", "Field7": "ACT", "Field8": "NO", "Field9": "SW Stevens St", "Field10": "98116", "Field11": "57", "Field12": "49th Ave SW", "Field13": "0", "Field14": "49th Ave SW & SW Stevens St", "Field15": 2 }, "geometry": null },
{ "type": "Feature", "properties": { "Field1": "39476", "Field2": "Y", "Field3": "SEA", "Field4": "1255066.3999999999", "Field5": "213854", "Field6": "YES", "Field7": "ACT", "Field8": "NO", "Field9": "SW Hanford St", "Field10": "98116", "Field11": "57", "Field12": "49th Ave SW", "Field13": "0", "Field14": "49th Ave SW & SW Hanford St", "Field15": 2 }, "geometry": null },
{ "type": "Feature", "properties": { "Field1": "39477", "Field2": "Y", "Field3": "SEA", "Field4": "1255027.3", "Field5": "213166.4", "Field6": "YES", "Field7": "ACT", "Field8": "NO", "Field9": "SW Hinds St", "Field10": "98116", "Field11": "57", "Field12": "49th Ave SW", "Field13": "0", "Field14": "49th Ave SW & SW Hinds St", "Field15": 2 }, "geometry": null },
{ "type": "Feature", "properties": { "Field1": "39479", "Field2": "Y", "Field3": "SEA", "Field4": "1255009", "Field5": "212507.9", "Field6": "YES", "Field7": "ACT", "Field8": "NO", "Field9": "SW Spokane St", "Field10": "98116", "Field11": "57", "Field12": "49th Ave SW", "Field13": "0", "Field14": "49th Ave SW & SW Spokane St", "Field15": 2 }, "geometry": null },
{ "type": "Feature", "properties": { "Field1": "39480", "Field2": "Y", "Field3": "SEA", "Field4": "1254855", "Field5": "211939.1", "Field6": "YES", "Field7": "ACT", "Field8": "NO", "Field9": "49th Ave SW", "Field10": "98116", "Field11": "57", "Field12": "SW Charlestown St", "Field13": "0", "Field14": "SW Charlestown St & 49th Ave SW", "Field15": 2 }, "geometry": null },
{ "type": "Feature", "properties": { "Field1": "39490", "Field2": "Y", "Field3": "SEA", "Field4": "1254247.8", "Field5": "211961", "Field6": "YES", "Field7": "ACT", "Field8": "NO", "Field9": "51st Ave SW", "Field10": "98116", "Field11": "57", "Field12": "SW Charlestown St", "Field13": "0", "Field14": "SW Charlestown St & 51st Ave SW", "Field15": 2 }, "geometry": null },
{ "type": "Feature", "properties": { "Field1": "39500", "Field2": "Y", "Field3": "SEA", "Field4": "1253593.8999999999", "Field5": "211988.1", "Field6": "YES", "Field7": "ACT", "Field8": "NO", "Field9": "53rd Ave SW", "Field10": "98116", "Field11": "57", "Field12": "SW Charlestown St", "Field13": "0", "Field14": "SW Charlestown St & 53rd Ave SW", "Field15": 2 }, "geometry": null },
{ "type": "Feature", "properties": { "Field1": "39510", "Field2": "Y", "Field3": "SEA", "Field4": "1253001.2", "Field5": "211877.2", "Field6": "YES", "Field7": "ACT", "Field8": "NO", "Field9": "SW Charlestown St", "Field10": "98116", "Field11": "57", "Field12": "55th Ave SW", "Field13": "0", "Field14": "55th Ave SW & SW Charlestown St", "Field15": 2 }, "geometry": null },
{ "type": "Feature", "properties": { "Field1": "39520", "Field2": "Y", "Field3": "SEA", "Field4": "1252994.6000000001", "Field5": "211284.2", "Field6": "YES", "Field7": "ACT", "Field8": "NO", "Field9": "SW Andover St", "Field10": "98116", "Field11": "57", "Field12": "55th Ave SW", "Field13": "0", "Field14": "55th Ave SW & SW Andover St", "Field15": 2 }, "geometry": null },
{ "type": "Feature", "properties": { "Field1": "40892", "Field2": "Y", "Field3": "SEA", "Field4": "1272625.3999999999", "Field5": "208440.9", "Field6": "LTD", "Field7": "ACT", "Field8": "NO", "Field9": "S Alaska St", "Field10": "98108", "Field11": "124", "Field12": "Airport Way S", "Field13": "0", "Field14": "Airport Way S & S Alaska St", "Field15": 0 }, "geometry": null },
{ "type": "Feature", "properties": { "Field1": "40894", "Field2": "Y", "Field3": "SEA", "Field4": "1272699.3999999999", "Field5": "209297.9", "Field6": "YES", "Field7": "ACT", "Field8": "NO", "Field9": "S Industrial Way", "Field10": "98108", "Field11": "124", "Field12": "Airport Way S", "Field13": "0", "Field14": "Airport Way S & S Industrial Way", "Field15": 2 }, "geometry": null },
{ "type": "Feature", "properties": { "Field1": "40896", "Field2": "Y", "Field3": "SEA", "Field4": "1272759.5", "Field5": "210242", "Field6": "LTD", "Field7": "ACT", "Field8": "NO", "Field9": "S Adams St", "Field10": "98108", "Field11": "124", "Field12": "Airport Way S", "Field13": "0", "Field14": "Airport Way S & S Adams St", "Field15": 0 }, "geometry": null },
{ "type": "Feature", "properties": { "Field1": "40898", "Field2": "Y", "Field3": "SEA", "Field4": "1272770.8999999999", "Field5": "210861.8", "Field6": "YES", "Field7": "ACT", "Field8": "NO", "Field9": "S Andover St", "Field10": "98108", "Field11": "124", "Field12": "Airport Way S", "Field13": "0", "Field14": "Airport Way S & S Andover St", "Field15": 2 }, "geometry": null },
{ "type": "Feature", "properties": { "Field1": "40900", "Field2": "Y", "Field3": "SEA", "Field4": "1272774", "Field5": "211504", "Field6": "YES", "Field7": "ACT", "Field8": "NO", "Field9": "S Charlestown St", "Field10": "98134", "Field11": "124", "Field12": "Airport Way S", "Field13": "0", "Field14": "Airport Way S & S Charlestown St", "Field15": 2 }, "geometry": null },
{ "type": "Feature", "properties": { "Field1": "51870", "Field2": "Y", "Field3": "SEA", "Field4": "1270562.7", "Field5": "202389.3", "Field6": "YES", "Field7": "ACT", "Field8": "NO", "Field9": "East Marginal Way S", "Field10": "98108", "Field11": "131 132", "Field12": "S Michigan St", "Field13": "0", "Field14": "S Michigan St & East Marginal Way S", "Field15": 2 }, "geometry": null },
{ "type": "Feature", "properties": { "Field1": "40999", "Field2": "Y", "Field3": "SEA", "Field4": "1272775.3", "Field5": "211860.4", "Field6": "YES", "Field7": "ACT", "Field8": "NO", "Field9": "S Spokane St", "Field10": "98134", "Field11": "124", "Field12": "Airport Way S", "Field13": "0", "Field14": "Airport Way S & S Spokane St", "Field15": 2 }, "geometry": null },
{ "type": "Feature", "properties": { "Field1": "41000", "Field2": "Y", "Field3": "SEA", "Field4": "1272771.7", "Field5": "211003.8", "Field6": "YES", "Field7": "ACT", "Field8": "NO", "Field9": "S Bradford St", "Field10": "98108", "Field11": "124", "Field12": "Airport Way S", "Field13": "0", "Field14": "Airport Way S & S Bradford St", "Field15": 2 }, "geometry": null },
{ "type": "Feature", "properties": { "Field1": "41010", "Field2": "Y", "Field3": "SEA", "Field4": "1272759.2", "Field5": "210234", "Field6": "LTD", "Field7": "ACT", "Field8": "NO", "Field9": "S Dakota St", "Field10": "98108", "Field11": "124", "Field12": "Airport Way S", "Field13": "0", "Field14": "Airport Way S & S Dakota St", "Field15": 0 }, "geometry": null },
{ "type": "Feature", "properties": { "Field1": "41020", "Field2": "Y", "Field3": "SEA", "Field4": "1272695.3999999999", "Field5": "209252.1", "Field6": "LTD", "Field7": "ACT", "Field8": "NO", "Field9": "S Industrial Way", "Field10": "98108", "Field11": "124", "Field12": "Airport Way S", "Field13": "0", "Field14": "Airport Way S & S Industrial Way", "Field15": 0 }, "geometry": null },
{ "type": "Feature", "properties": { "Field1": "41030", "Field2": "Y", "Field3": "SEA", "Field4": "1272622.5", "Field5": "208406", "Field6": "NO", "Field7": "ACT", "Field8": "NO", "Field9": "S Snoqualmie St", "Field10": "98108", "Field11": "124", "Field12": "Airport Way S", "Field13": "0", "Field14": "Airport Way S & S Snoqualmie St", "Field15": 0 }, "geometry": null },
{ "type": "Feature", "properties": { "Field1": "41040", "Field2": "Y", "Field3": "SEA", "Field4": "1272564.3", "Field5": "207685.5", "Field6": "NO", "Field7": "ACT", "Field8": "NO", "Field9": "S Edmunds St", "Field10": "98108", "Field11": "124", "Field12": "Airport Way S", "Field13": "0", "Field14": "Airport Way S & S Edmunds St", "Field15": 0 }, "geometry": null },
{ "type": "Feature", "properties": { "Field1": "28100", "Field2": "Y", "Field3": "SEA", "Field4": "1262931.3999999999", "Field5": "254240", "Field6": "YES", "Field7": "ACT", "Field8": "NO", "Field9": "NW 80th St", "Field10": "98117", "Field11": "28E", "Field12": "8th Ave NW", "Field13": "1", "Field14": "8th Ave NW & NW 80th St", "Field15": 3 }, "geometry": null },
{ "type": "Feature", "properties": { "Field1": "28120", "Field2": "Y", "Field3": "SEA", "Field4": "1262893", "Field5": "253076.6", "Field6": "YES", "Field7": "ACT", "Field8": "NO", "Field9": "NW 75th St", "Field10": "98117", "Field11": "28E", "Field12": "8th Ave NW", "Field13": "1", "Field14": "8th Ave NW & NW 75th St", "Field15": 3 }, "geometry": null },
{ "type": "Feature", "properties": { "Field1": "28130", "Field2": "Y", "Field3": "SEA", "Field4": "1262874", "Field5": "252242.9", "Field6": "YES", "Field7": "ACT", "Field8": "NO", "Field9": "NW 73rd St", "Field10": "98117", "Field11": "28E", "Field12": "8th Ave NW", "Field13": "1", "Field14": "8th Ave NW & NW 73rd St", "Field15": 3 }, "geometry": null },
{ "type": "Feature", "properties": { "Field1": "28140", "Field2": "Y", "Field3": "SEA", "Field4": "1262859.7", "Field5": "251557.3", "Field6": "YES", "Field7": "ACT", "Field8": "NO", "Field9": "NW 70th St", "Field10": "98117", "Field11": "28E", "Field12": "8th Ave NW", "Field13": "0", "Field14": "8th Ave NW & NW 70th St", "Field15": 2 }, "geometry": null },
{ "type": "Feature", "properties": { "Field1": "28160", "Field2": "Y", "Field3": "SEA", "Field4": "1262851.7", "Field5": "250268.9", "Field6": "YES", "Field7": "ACT", "Field8": "NO", "Field9": "NW 65th St", "Field10": "98107", "Field11": "28E", "Field12": "8th Ave NW", "Field13": "1", "Field14": "8th Ave NW & NW 65th St", "Field15": 3 }, "geometry": null },
{ "type": "Feature", "properties": { "Field1": "28180", "Field2": "Y", "Field3": "SEA", "Field4": "1262801.2", "Field5": "249188.9", "Field6": "YES", "Field7": "ACT", "Field8": "NO", "Field9": "NW 61st St", "Field10": "98107", "Field11": "28E", "Field12": "8th Ave NW", "Field13": "1", "Field14": "8th Ave NW & NW 61st St", "Field15": 3 }, "geometry": null },
{ "type": "Feature", "properties": { "Field1": "29280", "Field2": "Y", "Field3": "SEA", "Field4": "1278188.7", "Field5": "232171.6", "Field6": "YES", "Field7": "ACT", "Field8": "NO", "Field9": "E Aloha St", "Field10": "98112", "Field11": "43 48 988EN", "Field12": "23rd Ave E", "Field13": "1", "Field14": "23rd Ave E & E Aloha St", "Field15": 3 }, "geometry": null },
{ "type": "Feature", "properties": { "Field1": "29300", "Field2": "Y", "Field3": "SEA", "Field4": "1278383.8999999999", "Field5": "233064.5", "Field6": "YES", "Field7": "ACT", "Field8": "NO", "Field9": "E Prospect St", "Field10": "98112", "Field11": "43 48", "Field12": "24th Ave E", "Field13": "0", "Field14": "24th Ave E & E Prospect St", "Field15": 2 }, "geometry": null },
{ "type": "Feature", "properties": { "Field1": "29301", "Field2": "Y", "Field3": "SEA", "Field4": "1274403.7", "Field5": "229662", "Field6": "YES", "Field7": "ACT", "Field8": "NO", "Field9": "12th Ave E", "Field10": "98102", "Field11": "11 43 8", "Field12": "E John St", "Field13": "1", "Field14": "E John St & 12th Ave E", "Field15": 3 }, "geometry": null },
{ "type": "Feature", "properties": { "Field1": "29320", "Field2": "Y", "Field3": "SEA", "Field4": "1278421", "Field5": "234269.3", "Field6": "YES", "Field7": "ACT", "Field8": "NO", "Field9": "E Galer St", "Field10": "98112", "Field11": "43 48 988EN", "Field12": "24th Ave E", "Field13": "0", "Field14": "24th Ave E & E Galer St", "Field15": 2 }, "geometry": null },
{ "type": "Feature", "properties": { "Field1": "29340", "Field2": "Y", "Field3": "SEA", "Field4": "1278445.8999999999", "Field5": "235100.7", "Field6": "YES", "Field7": "ACT", "Field8": "NO", "Field9": "Boyer Ave E", "Field10": "98112", "Field11": "43 48", "Field12": "24th Ave E", "Field13": "1", "Field14": "24th Ave E & Boyer Ave E", "Field15": 3 }, "geometry": null },
{ "type": "Feature", "properties": { "Field1": "29350", "Field2": "Y", "Field3": "SEA", "Field4": "1278465.3", "Field5": "236208.2", "Field6": "YES", "Field7": "ACT", "Field8": "NO", "Field9": "E Newton St", "Field10": "98112", "Field11": "43 48", "Field12": "24th Ave E", "Field13": "0", "Field14": "24th Ave E & E Newton St", "Field15": 2 }, "geometry": null },
{ "type": "Feature", "properties": { "Field1": "31060", "Field2": "Y", "Field3": "SEA", "Field4": "1281057.3999999999", "Field5": "195224.8", "Field6": "YES", "Field7": "ACT", "Field8": "NO", "Field9": "S Cloverdale St", "Field10": "98118", "Field11": "107", "Field12": "Beacon Ave S", "Field13": "0", "Field14": "Beacon Ave S & S Cloverdale St", "Field15": 2 }, "geometry": null },
{ "type": "Feature", "properties": { "Field1": "31070", "Field2": "Y", "Field3": "SEA", "Field4": "1281505.5", "Field5": "194365.7", "Field6": "YES", "Field7": "ACT", "Field8": "NO", "Field9": "37th Ave S", "Field10": "98118", "Field11": "107", "Field12": "Beacon Ave S", "Field13": "0", "Field14": "Beacon Ave S & 37th Ave S", "Field15": 2 }, "geometry": null },
{ "type": "Feature", "properties": { "Field1": "31090", "Field2": "Y", "Field3": "SEA", "Field4": "1282076.3", "Field5": "193447.4", "Field6": "YES", "Field7": "ACT", "Field8": "NO", "Field9": "S Barton St", "Field10": "98118", "Field11": "107", "Field12": "39th Ave S", "Field13": "0", "Field14": "39th Ave S & S Barton St", "Field15": 2 }, "geometry": null },
{ "type": "Feature", "properties": { "Field1": "55991", "Field2": "Y", "Field3": "SEA", "Field4": "1279105.5", "Field5": "210587.8", "Field6": "YES", "Field7": "ACT", "Field8": "NO", "Field9": "S Andover St", "Field10": "98108", "Field11": "106", "Field12": "Martin L King Jr Way S", "Field13": "0", "Field14": "Martin L King Jr Way S & S Andover St", "Field15": 2 }, "geometry": null },
{ "type": "Feature", "properties": { "Field1": "56000", "Field2": "Y", "Field3": "SEA", "Field4": "1279143", "Field5": "209900.7", "Field6": "YES", "Field7": "ACT", "Field8": "NO", "Field9": "S Dakota St", "Field10": "98108", "Field11": "106", "Field12": "Martin L King Jr Way S", "Field13": "0", "Field14": "Martin L King Jr Way S & S Dakota St", "Field15": 2 }, "geometry": null },
{ "type": "Feature", "properties": { "Field1": "56021", "Field2": "Y", "Field3": "SEA", "Field4": "1279671.3999999999", "Field5": "208587.7", "Field6": "YES", "Field7": "ACT", "Field8": "NO", "Field9": "S Columbian Way", "Field10": "98108", "Field11": "106", "Field12": "Martin L King Jr Way S", "Field13": "1", "Field14": "Martin L King Jr Way S & S Columbian Way", "Field15": 3 }, "geometry": null },
{ "type": "Feature", "properties": { "Field1": "56031", "Field2": "Y", "Field3": "SEA", "Field4": "1279965.3", "Field5": "207846.6", "Field6": "YES", "Field7": "ACT", "Field8": "NO", "Field9": "S Alaska St", "Field10": "98108", "Field11": "106", "Field12": "Martin L King Jr Way S", "Field13": "1", "Field14": "Martin L King Jr Way S & S Alaska St", "Field15": 3 }, "geometry": null },
{ "type": "Feature", "properties": { "Field1": "56039", "Field2": "Y", "Field3": "SEA", "Field4": "1280205.8", "Field5": "207339.9", "Field6": "YES", "Field7": "ACT", "Field8": "NO", "Field9": "S Edmunds St", "Field10": "98108", "Field11": "599", "Field12": "ST Light Rail", "Field13": "0", "Field14": "ST Light Rail & S Edmunds St", "Field15": 2 }, "geometry": null },
{ "type": "Feature", "properties": { "Field1": "56041", "Field2": "Y", "Field3": "SEA", "Field4": "1280264.3999999999", "Field5": "207120.9", "Field6": "YES", "Field7": "ACT", "Field8": "NO", "Field9": "S Edmunds St", "Field10": "98108", "Field11": "106", "Field12": "Martin L King Jr Way S", "Field13": "0", "Field14": "Martin L King Jr Way S & S Edmunds St", "Field15": 2 }, "geometry": null },
{ "type": "Feature", "properties": { "Field1": "31111", "Field2": "Y", "Field3": "SEA", "Field4": "1282057.3", "Field5": "192486.9", "Field6": "YES", "Field7": "ACT", "Field8": "NO", "Field9": "S Cambridge St", "Field10": "98118", "Field11": "107", "Field12": "39th Ave S", "Field13": "0", "Field14": "39th Ave S & S Cambridge St", "Field15": 2 }, "geometry": null },
{ "type": "Feature", "properties": { "Field1": "31130", "Field2": "Y", "Field3": "SEA", "Field4": "1282394.8999999999", "Field5": "192069.3", "Field6": "UNK", "Field7": "ACT", "Field8": "NO", "Field9": "40th Ave S", "Field10": "98118", "Field11": "107", "Field12": "Carkeek Dr S", "Field13": "0", "Field14": "Carkeek Dr S & 40th Ave S", "Field15": 0 }, "geometry": null },
{ "type": "Feature", "properties": { "Field1": "32385", "Field2": "Y", "Field3": "SEA", "Field4": "1256254.3999999999", "Field5": "208571.8", "Field6": "YES", "Field7": "ACT", "Field8": "NO", "Field9": "45th Ave SW", "Field10": "98116", "Field12": "SW Alaska St", "Field13": "0", "Field14": "SW Alaska St & 45th Ave SW", "Field15": 2 }, "geometry": null },
{ "type": "Feature", "properties": { "Field1": "32386", "Field2": "Y", "Field3": "SEA", "Field4": "1255254.3999999999", "Field5": "208598.8", "Field6": "YES", "Field7": "ACT", "Field8": "NO", "Field9": "48th Ave SW", "Field10": "98116", "Field12": "SW Alaska St", "Field13": "0", "Field14": "SW Alaska St & 48th Ave SW", "Field15": 2 }, "geometry": null },
{ "type": "Feature", "properties": { "Field1": "32387", "Field2": "Y", "Field3": "SEA", "Field4": "1254873.3999999999", "Field5": "207860.6", "Field6": "YES", "Field7": "ACT", "Field8": "NO", "Field9": "SW Edmunds St", "Field10": "98116", "Field12": "49th Ave SW", "Field13": "0", "Field14": "49th Ave SW & SW Edmunds St", "Field15": 2 }, "geometry": null },
{ "type": "Feature", "properties": { "Field1": "32388", "Field2": "Y", "Field3": "SEA", "Field4": "1254856", "Field5": "207332.2", "Field6": "YES", "Field7": "ACT", "Field8": "NO", "Field9": "SW Hudson St", "Field10": "98116", "Field12": "49th Ave SW", "Field13": "0", "Field14": "49th Ave SW & SW Hudson St", "Field15": 2 }, "geometry": null },
{ "type": "Feature", "properties": { "Field1": "32389", "Field2": "Y", "Field3": "SEA", "Field4": "1254832.6000000001", "Field5": "206622.8", "Field6": "YES", "Field7": "ACT", "Field8": "NO", "Field9": "SW Dawson St", "Field10": "98136", "Field12": "49th Ave SW", "Field13": "0", "Field14": "49th Ave SW & SW Dawson St", "Field15": 2 }, "geometry": null },
{ "type": "Feature", "properties": { "Field1": "32390", "Field2": "Y", "Field3": "SEA", "Field4": "1255063", "Field5": "205975.5", "Field6": "YES", "Field7": "ACT", "Field8": "NO", "Field9": "48th Ave SW", "Field10": "98136", "Field12": "SW Brandon St", "Field13": "0", "Field14": "SW Brandon St & 48th Ave SW", "Field15": 2 }, "geometry": null },
{ "type": "Feature", "properties": { "Field1": "32391", "Field2": "Y", "Field3": "SEA", "Field4": "1255117.5", "Field5": "205218.5", "Field6": "YES", "Field7": "ACT", "Field8": "NO", "Field9": "SW Findlay St", "Field10": "98136", "Field12": "48th Ave SW", "Field13": "0", "Field14": "48th Ave SW & SW Findlay St", "Field15": 2 }, "geometry": null },
{ "type": "Feature", "properties": { "Field1": "32392", "Field2": "Y", "Field3": "SEA", "Field4": "1255092", "Field5": "204651.5", "Field6": "YES", "Field7": "ACT", "Field8": "NO", "Field9": "SW Juneau St", "Field10": "98136", "Field12": "48th Ave SW", "Field13": "0", "Field14": "48th Ave SW & SW Juneau St", "Field15": 2 }, "geometry": null },
{ "type": "Feature", "properties": { "Field1": "32393", "Field2": "Y", "Field3": "SEA", "Field4": "1255067.2", "Field5": "204033.3", "Field6": "YES", "Field7": "ACT", "Field8": "NO", "Field9": "SW Raymond St", "Field10": "98136", "Field12": "48th Ave SW", "Field13": "0", "Field14": "48th Ave SW & SW Raymond St", "Field15": 2 }, "geometry": null },
{ "type": "Feature", "properties": { "Field1": "34800", "Field2": "Y", "Field3": "SEA", "Field4": "1285543.7", "Field5": "207875.4", "Field6": "YES", "Field7": "ACT", "Field8": "NO", "Field9": "S Alaska St", "Field10": "98118", "Field11": "50", "Field12": "50th Ave S", "Field13": "0", "Field14": "50th Ave S & S Alaska St", "Field15": 2 }, "geometry": null },
{ "type": "Feature", "properties": { "Field1": "34820", "Field2": "Y", "Field3": "SEA", "Field4": "1285384.6000000001", "Field5": "209085.6", "Field6": "LTD", "Field7": "ACT", "Field8": "NO", "Field9": "50th Ave S", "Field10": "98118", "Field11": "50", "Field12": "S Genesee St", "Field13": "0", "Field14": "S Genesee St & 50th Ave S", "Field15": 0 }, "geometry": null },
{ "type": "Feature", "properties": { "Field1": "34840", "Field2": "Y", "Field3": "SEA", "Field4": "1284553.1000000001", "Field5": "209098.2", "Field6": "YES", "Field7": "ACT", "Field8": "NO", "Field9": "47th Ave S", "Field10": "98118", "Field11": "50", "Field12": "S Genesee St", "Field13": "0", "Field14": "S Genesee St & 47th Ave S", "Field15": 2 }, "geometry": null },
{ "type": "Feature", "properties": { "Field1": "34860", "Field2": "Y", "Field3": "SEA", "Field4": "1283316.7", "Field5": "209116.9", "Field6": "YES", "Field7": "ACT", "Field8": "NO", "Field9": "43rd Ave S", "Field10": "98118", "Field11": "50", "Field12": "S Genesee St", "Field13": "0", "Field14": "S Genesee St & 43rd Ave S", "Field15": 2 }, "geometry": null },
{ "type": "Feature", "properties": { "Field1": "34880", "Field2": "Y", "Field3": "SEA", "Field4": "1282248.3", "Field5": "209156.9", "Field6": "YES", "Field7": "ACT", "Field8": "NO", "Field9": "39th Ave S", "Field10": "98118", "Field11": "50 987EN", "Field12": "S Genesee St", "Field13": "0", "Field14": "S Genesee St & 39th Ave S", "Field15": 2 }, "geometry": null },
{ "type": "Feature", "properties": { "Field1": "36370", "Field2": "Y", "Field3": "SEA", "Field4": "1258228.5", "Field5": "202561.4", "Field6": "YES", "Field7": "ACT", "Field8": "NO", "Field9": "38th Ave SW", "Field10": "98126", "Field11": "128", "Field12": "SW Morgan St", "Field13": "0", "Field14": "SW Morgan St & 38th Ave SW", "Field15": 2 }, "geometry": null },
{ "type": "Feature", "properties": { "Field1": "36380", "Field2": "Y", "Field3": "SEA", "Field4": "1257581.8999999999", "Field5": "202591.7", "Field6": "YES", "Field7": "ACT", "Field8": "NO", "Field9": "40th Ave SW", "Field10": "98136", "Field11": "128", "Field12": "SW Morgan St", "Field13": "0", "Field14": "SW Morgan St & 40th Ave SW", "Field15": 2 }, "geometry": null },
{ "type": "Feature", "properties": { "Field1": "36400", "Field2": "Y", "Field3": "SEA", "Field4": "1257085.6000000001", "Field5": "202612.3", "Field6": "YES", "Field7": "ACT", "Field8": "NO", "Field9": "42nd Ave SW", "Field10": "98136", "Field11": "128", "Field12": "SW Morgan St", "Field13": "1", "Field14": "SW Morgan St & 42nd Ave SW", "Field15": 3 }, "geometry": null },
{ "type": "Feature", "properties": { "Field1": "36410", "Field2": "Y", "Field3": "SEA", "Field4": "1257761.6000000001", "Field5": "202584.6", "Field6": "YES", "Field7": "ACT", "Field8": "NO", "Field9": "40th Ave SW", "Field10": "98136", "Field11": "128", "Field12": "SW Morgan St", "Field13": "0", "Field14": "SW Morgan St & 40th Ave SW", "Field15": 2 }, "geometry": null },
{ "type": "Feature", "properties": { "Field1": "36420", "Field2": "Y", "Field3": "SEA", "Field4": "1258405.5", "Field5": "202550.9", "Field6": "YES", "Field7": "ACT", "Field8": "NO", "Field9": "38th Ave SW", "Field10": "98126", "Field11": "128", "Field12": "SW Morgan St", "Field13": "0", "Field14": "SW Morgan St & 38th Ave SW", "Field15": 2 }, "geometry": null },
{ "type": "Feature", "properties": { "Field1": "36440", "Field2": "Y", "Field3": "SEA", "Field4": "1259397.7", "Field5": "202502.9", "Field6": "YES", "Field7": "ACT", "Field8": "NO", "Field9": "35th Ave SW", "Field10": "98126", "Field11": "128", "Field12": "SW Morgan St", "Field13": "1", "Field14": "SW Morgan St & 35th Ave SW", "Field15": 3 }, "geometry": null },
{ "type": "Feature", "properties": { "Field1": "51728", "Field2": "Y", "Field3": "SEA", "Field4": "1266810.8999999999", "Field5": "193558", "Field6": "YES", "Field7": "ACT", "Field8": "NO", "Field9": "SW Barton St", "Field10": "98106", "Field11": "131", "Field12": "8th Ave SW", "Field13": "0", "Field14": "8th Ave SW & SW Barton St", "Field15": 2 }, "geometry": null },
{ "type": "Feature", "properties": { "Field1": "51740", "Field2": "Y", "Field3": "SEA", "Field4": "1266521.8999999999", "Field5": "195170.9", "Field6": "YES", "Field7": "ACT", "Field8": "NO", "Field9": "SW Trenton St", "Field10": "98106", "Field11": "131", "Field12": "9th Ave SW", "Field13": "1", "Field14": "9th Ave SW & SW Trenton St", "Field15": 3 }, "geometry": null },
{ "type": "Feature", "properties": { "Field1": "51760", "Field2": "Y", "Field3": "SEA", "Field4": "1266542.8", "Field5": "196470.9", "Field6": "YES", "Field7": "ACT", "Field8": "NO", "Field9": "SW Thistle St", "Field10": "98106", "Field11": "131", "Field12": "9th Ave SW", "Field13": "0", "Field14": "9th Ave SW & SW Thistle St", "Field15": 2 }, "geometry": null },
{ "type": "Feature", "properties": { "Field1": "51770", "Field2": "Y", "Field3": "SEA", "Field4": "1266553.1000000001", "Field5": "197136.6", "Field6": "YES", "Field7": "ACT", "Field8": "NO", "Field9": "SW Elmgrove St", "Field10": "98106", "Field11": "131", "Field12": "9th Ave SW", "Field13": "1", "Field14": "9th Ave SW & SW Elmgrove St", "Field15": 3 }, "geometry": null },
{ "type": "Feature", "properties": { "Field1": "51780", "Field2": "Y", "Field3": "SEA", "Field4": "1266560", "Field5": "197800.5", "Field6": "YES", "Field7": "ACT", "Field8": "NO", "Field9": "SW Kenyon St", "Field10": "98106", "Field11": "131", "Field12": "Highland Park Way SW", "Field13": "1", "Field14": "Highland Park Way SW & SW Kenyon St", "Field15": 3 }, "geometry": null },
{ "type": "Feature", "properties": { "Field1": "36450", "Field2": "Y", "Field3": "SEA", "Field4": "1260209.8999999999", "Field5": "202480", "Field6": "YES", "Field7": "ACT", "Field8": "NO", "Field9": "Lanham Pl SW", "Field10": "98126", "Field11": "128", "Field12": "SW Morgan St", "Field13": "0", "Field14": "SW Morgan St & Lanham Pl SW", "Field15": 2 }, "geometry": null },
{ "type": "Feature", "properties": { "Field1": "36470", "Field2": "Y", "Field3": "SEA", "Field4": "1260769", "Field5": "201730.4", "Field6": "YES", "Field7": "ACT", "Field8": "NO", "Field9": "SW Holly St", "Field10": "98126", "Field11": "128", "Field12": "Sylvan Way SW", "Field13": "0", "Field14": "Sylvan Way SW & SW Holly St", "Field15": 2 }, "geometry": null },
{ "type": "Feature", "properties": { "Field1": "38000", "Field2": "Y", "Field3": "SEA", "Field4": "1278111.2", "Field5": "249964.6", "Field6": "YES", "Field7": "ACT", "Field8": "NO", "Field9": "Ravenna Ave NE", "Field10": "98115", "Field11": "62", "Field12": "NE 65th St", "Field13": "1", "Field14": "NE 65th St & Ravenna Ave NE", "Field15": 3 }, "geometry": null },
{ "type": "Feature", "properties": { "Field1": "38020", "Field2": "Y", "Field3": "SEA", "Field4": "1276894.6000000001", "Field5": "249996.79999999999", "Field6": "YES", "Field7": "ACT", "Field8": "NO", "Field9": "18th Ave NE", "Field10": "98115", "Field11": "62", "Field12": "NE 65th St", "Field13": "0", "Field14": "NE 65th St & 18th Ave NE", "Field15": 2 }, "geometry": null },
{ "type": "Feature", "properties": { "Field1": "38022", "Field2": "Y", "Field3": "SEA", "Field4": "1275870.1000000001", "Field5": "248147", "Field6": "YES", "Field7": "ACT", "Field8": "NO", "Field9": "NE Ravenna Blvd", "Field10": "98105", "Field11": "45", "Field12": "University Way NE", "Field13": "1", "Field14": "University Way NE & NE Ravenna Blvd", "Field15": 3 }, "geometry": null },
{ "type": "Feature", "properties": { "Field1": "38024", "Field2": "Y", "Field3": "SEA", "Field4": "1275855.8999999999", "Field5": "247284.6", "Field6": "YES", "Field7": "ACT", "Field8": "NO", "Field9": "NE 55th St", "Field10": "98105", "Field11": "45", "Field12": "University Way NE", "Field13": "1", "Field14": "University Way NE & NE 55th St", "Field15": 3 }, "geometry": null },
{ "type": "Feature", "properties": { "Field1": "51877", "Field2": "Y", "Field3": "SEA", "Field4": "1268746.3999999999", "Field5": "200596", "Field6": "YES", "Field7": "ACT", "Field8": "NO", "Field9": "2nd Ave SW", "Field10": "98106", "Field11": "131", "Field12": "Highland Park Way SW", "Field13": "0", "Field14": "Highland Park Way SW & 2nd Ave SW", "Field15": 2 }, "geometry": null },
{ "type": "Feature", "properties": { "Field1": "51882", "Field2": "Y", "Field3": "SEA", "Field4": "1267588.3", "Field5": "200741.5", "Field6": "YES", "Field7": "ACT", "Field8": "NO", "Field9": "West Marginal Way SW", "Field10": "98106", "Field11": "131", "Field12": "Highland Park Way SW", "Field13": "0", "Field14": "Highland Park Way SW & West Marginal Way SW", "Field15": 2 }, "geometry": null },
{ "type": "Feature", "properties": { "Field1": "51890", "Field2": "Y", "Field3": "SEA", "Field4": "1266671.8", "Field5": "200047", "Field6": "YES", "Field7": "ACT", "Field8": "NO", "Field9": "SW Othello St", "Field10": "98106", "Field11": "131", "Field12": "Highland Park Way SW", "Field13": "0", "Field14": "Highland Park Way SW & SW Othello St", "Field15": 2 }, "geometry": null },
{ "type": "Feature", "properties": { "Field1": "51900", "Field2": "Y", "Field3": "SEA", "Field4": "1266514.7", "Field5": "199293.4", "Field6": "YES", "Field7": "ACT", "Field8": "NO", "Field9": "SW Othello St", "Field10": "98106", "Field11": "131", "Field12": "Highland Park Way SW", "Field13": "0", "Field14": "Highland Park Way SW & SW Othello St", "Field15": 2 }, "geometry": null },
{ "type": "Feature", "properties": { "Field1": "51910", "Field2": "Y", "Field3": "SEA", "Field4": "1266519.7", "Field5": "198270.5", "Field6": "YES", "Field7": "ACT", "Field8": "NO", "Field9": "SW Portland St", "Field10": "98106", "Field11": "131", "Field12": "Highland Park Way SW", "Field13": "0", "Field14": "Highland Park Way SW & SW Portland St", "Field15": 2 }, "geometry": null },
{ "type": "Feature", "properties": { "Field1": "51920", "Field2": "Y", "Field3": "SEA", "Field4": "1266560.6000000001", "Field5": "197634.6", "Field6": "YES", "Field7": "ACT", "Field8": "NO", "Field9": "SW Kenyon St", "Field10": "98106", "Field11": "131", "Field12": "9th Ave SW", "Field13": "0", "Field14": "9th Ave SW & SW Kenyon St", "Field15": 2 }, "geometry": null },
{ "type": "Feature", "properties": { "Field1": "51930", "Field2": "Y", "Field3": "SEA", "Field4": "1266550.5", "Field5": "196965.1", "Field6": "YES", "Field7": "ACT", "Field8": "NO", "Field9": "SW Elmgrove St", "Field10": "98106", "Field11": "131", "Field12": "9th Ave SW", "Field13": "0", "Field14": "9th Ave SW & SW Elmgrove St", "Field15": 2 }, "geometry": null },
{ "type": "Feature", "properties": { "Field1": "51940", "Field2": "Y", "Field3": "SEA", "Field4": "1266540.1000000001", "Field5": "196295.3", "Field6": "YES", "Field7": "ACT", "Field8": "NO", "Field9": "SW Thistle St", "Field10": "98106", "Field11": "131", "Field12": "9th Ave SW", "Field13": "0", "Field14": "9th Ave SW & SW Thistle St", "Field15": 2 }, "geometry": null },
{ "type": "Feature", "properties": { "Field1": "39460", "Field2": "Y", "Field3": "SEA", "Field4": "1254910.3", "Field5": "209930.6", "Field6": "YES", "Field7": "ACT", "Field8": "NO", "Field9": "49th Ave SW", "Field10": "98116", "Field11": "57", "Field12": "SW Genesee St", "Field13": "0", "Field14": "SW Genesee St & 49th Ave SW", "Field15": 2 }, "geometry": null },
{ "type": "Feature", "properties": { "Field1": "39461", "Field2": "Y", "Field3": "SEA", "Field4": "1254497.5", "Field5": "209943.9", "Field6": "YES", "Field7": "ACT", "Field8": "NO", "Field9": "51st Ave SW", "Field10": "98116", "Field11": "57", "Field12": "SW Genesee St", "Field13": "0", "Field14": "SW Genesee St & 51st Ave SW", "Field15": 2 }, "geometry": null },
{ "type": "Feature", "properties": { "Field1": "39462", "Field2": "Y", "Field3": "SEA", "Field4": "1253524.1000000001", "Field5": "209996", "Field6": "YES", "Field7": "ACT", "Field8": "NO", "Field9": "53rd Ave SW", "Field10": "98116", "Field11": "57", "Field12": "SW Genesee St", "Field13": "0", "Field14": "SW Genesee St & 53rd Ave SW", "Field15": 2 }, "geometry": null },
{ "type": "Feature", "properties": { "Field1": "39463", "Field2": "Y", "Field3": "SEA", "Field4": "1252999.5", "Field5": "210015.9", "Field6": "YES", "Field7": "ACT", "Field8": "NO", "Field9": "55th Ave SW", "Field10": "98116", "Field11": "57", "Field12": "SW Genesee St", "Field13": "0", "Field14": "SW Genesee St & 55th Ave SW", "Field15": 2 }, "geometry": null },
{ "type": "Feature", "properties": { "Field1": "39464", "Field2": "Y", "Field3": "SEA", "Field4": "1252980.5", "Field5": "210754.4", "Field6": "YES", "Field7": "ACT", "Field8": "NO", "Field9": "SW Dakota St", "Field10": "98116", "Field11": "57", "Field12": "55th Ave SW", "Field13": "0", "Field14": "55th Ave SW & SW Dakota St", "Field15": 2 }, "geometry": null },
{ "type": "Feature", "properties": { "Field1": "39465", "Field2": "Y", "Field3": "SEA", "Field4": "1252987.8999999999", "Field5": "211401.8", "Field6": "YES", "Field7": "ACT", "Field8": "NO", "Field9": "SW Andover St", "Field10": "98116", "Field11": "57", "Field12": "55th Ave SW", "Field13": "0", "Field14": "55th Ave SW & SW Andover St", "Field15": 2 }, "geometry": null },
{ "type": "Feature", "properties": { "Field1": "39466", "Field2": "Y", "Field3": "SEA", "Field4": "1253004", "Field5": "211964.9", "Field6": "YES", "Field7": "ACT", "Field8": "NO", "Field9": "SW Charlestown St", "Field10": "98116", "Field11": "57", "Field12": "55th Ave SW", "Field13": "0", "Field14": "55th Ave SW & SW Charlestown St", "Field15": 2 }, "geometry": null },
{ "type": "Feature", "properties": { "Field1": "39467", "Field2": "Y", "Field3": "SEA", "Field4": "1253764.6000000001", "Field5": "211981.2", "Field6": "YES", "Field7": "ACT", "Field8": "NO", "Field9": "53rd Ave SW", "Field10": "98116", "Field11": "57", "Field12": "SW Charlestown St", "Field13": "0", "Field14": "SW Charlestown St & 53rd Ave SW", "Field15": 2 }, "geometry": null },
{ "type": "Feature", "properties": { "Field1": "39468", "Field2": "Y", "Field3": "SEA", "Field4": "1254415.1000000001", "Field5": "211954.2", "Field6": "YES", "Field7": "ACT", "Field8": "NO", "Field9": "51st Ave SW", "Field10": "98116", "Field11": "57", "Field12": "SW Charlestown St", "Field13": "0", "Field14": "SW Charlestown St & 51st Ave SW", "Field15": 2 }, "geometry": null },
{ "type": "Feature", "properties": { "Field1": "39469", "Field2": "Y", "Field3": "SEA", "Field4": "1254995.8", "Field5": "212039.2", "Field6": "YES", "Field7": "ACT", "Field8": "NO", "Field9": "SW Charlestown St", "Field10": "98116", "Field11": "57", "Field12": "49th Ave SW", "Field13": "0", "Field14": "49th Ave SW & SW Charlestown St", "Field15": 2 }, "geometry": null },
{ "type": "Feature", "properties": { "Field1": "39470", "Field2": "Y", "Field3": "SEA", "Field4": "1255013.3999999999", "Field5": "212663.6", "Field6": "YES", "Field7": "ACT", "Field8": "NO", "Field9": "SW Spokane St", "Field10": "98116", "Field11": "57", "Field12": "49th Ave SW", "Field13": "0", "Field14": "49th Ave SW & SW Spokane St", "Field15": 2 }, "geometry": null },
{ "type": "Feature", "properties": { "Field1": "39471", "Field2": "Y", "Field3": "SEA", "Field4": "1255031.3999999999", "Field5": "213316.4", "Field6": "YES", "Field7": "ACT", "Field8": "NO", "Field9": "SW Hinds St", "Field10": "98116", "Field11": "57", "Field12": "49th Ave SW", "Field13": "0", "Field14": "49th Ave SW & SW Hinds St", "Field15": 2 }, "geometry": null },
{ "type": "Feature", "properties": { "Field1": "29273", "Field2": "Y", "Field3": "SEA", "Field4": "1275512", "Field5": "229652.7", "Field6": "YES", "Field7": "ACT", "Field8": "NO", "Field9": "15th Ave E", "Field10": "98112", "Field11": "11 43 8", "Field12": "E John St", "Field13": "1", "Field14": "E John St & 15th Ave E", "Field15": 3 }, "geometry": null },
{ "type": "Feature", "properties": { "Field1": "29274", "Field2": "Y", "Field3": "SEA", "Field4": "1276014.5", "Field5": "229837.2", "Field6": "YES", "Field7": "ACT", "Field8": "NO", "Field9": "16th Ave E", "Field10": "98112", "Field11": "11 43 8", "Field12": "E Thomas St", "Field13": "1", "Field14": "E Thomas St & 16th Ave E", "Field15": 3 }, "geometry": null },
{ "type": "Feature", "properties": { "Field1": "29275", "Field2": "Y", "Field3": "SEA", "Field4": "1276878.8", "Field5": "229817.1", "Field6": "YES", "Field7": "ACT", "Field8": "NO", "Field9": "19th Ave E", "Field10": "98112", "Field11": "11 43 8", "Field12": "E Thomas St", "Field13": "1", "Field14": "E Thomas St & 19th Ave E", "Field15": 3 }, "geometry": null },
{ "type": "Feature", "properties": { "Field1": "29276", "Field2": "Y", "Field3": "SEA", "Field4": "1277946.8", "Field5": "229695.6", "Field6": "YES", "Field7": "ACT", "Field8": "NO", "Field9": "22nd Ave E", "Field10": "98112", "Field11": "11 43 8", "Field12": "E John St", "Field13": "1", "Field14": "E John St & 22nd Ave E", "Field15": 3 }, "geometry": null },
{ "type": "Feature", "properties": { "Field1": "29277", "Field2": "Y", "Field3": "SEA", "Field4": "1274678.2", "Field5": "229659.7", "Field6": "YES", "Field7": "ACT", "Field8": "NO", "Field9": "12th Ave E", "Field10": "98102", "Field11": "11 43 8", "Field12": "E John St", "Field13": "1", "Field14": "E John St & 12th Ave E", "Field15": 3 }, "geometry": null },
{ "type": "Feature", "properties": { "Field1": "29278", "Field2": "Y", "Field3": "SEA", "Field4": "1278147.3", "Field5": "230847.5", "Field6": "YES", "Field7": "ACT", "Field8": "NO", "Field9": "E Republican St", "Field10": "98112", "Field11": "43 48 988EN", "Field12": "23rd Ave E", "Field13": "0", "Field14": "23rd Ave E & E Republican St", "Field15": 2 }, "geometry": null },
{ "type": "Feature", "properties": { "Field1": "30960", "Field2": "Y", "Field3": "SEA", "Field4": "1278616.1000000001", "Field5": "200479.5", "Field6": "YES", "Field7": "ACT", "Field8": "NO", "Field9": "27th Ave S", "Field10": "98108", "Field11": "36", "Field12": "Beacon Ave S", "Field13": "0", "Field14": "Beacon Ave S & 27th Ave S", "Field15": 2 }, "geometry": null },
{ "type": "Feature", "properties": { "Field1": "30970", "Field2": "Y", "Field3": "SEA", "Field4": "1279100", "Field5": "199955.4", "Field6": "YES", "Field7": "ACT", "Field8": "NO", "Field9": "S Myrtle St", "Field10": "98108", "Field11": "107", "Field12": "Beacon Ave S", "Field13": "0", "Field14": "Beacon Ave S & S Myrtle St", "Field15": 2 }, "geometry": null },
{ "type": "Feature", "properties": { "Field1": "30981", "Field2": "Y", "Field3": "SEA", "Field4": "1279894", "Field5": "199144.5", "Field6": "YES", "Field7": "ACT", "Field8": "NO", "Field9": "S Othello St", "Field10": "98108", "Field11": "107", "Field12": "Beacon Ave S", "Field13": "0", "Field14": "Beacon Ave S & S Othello St", "Field15": 2 }, "geometry": null },
{ "type": "Feature", "properties": { "Field1": "29247", "Field2": "Y", "Field3": "SEA", "Field4": "1277722.3999999999", "Field5": "240275.5", "Field6": "YES", "Field7": "ACT", "Field8": "NO", "Field9": "Montlake Blvd NE", "Field10": "98195", "Field11": "255 271 43 48 542E 556E", "Field12": "NE Pacific St", "Field13": "5", "Field14": "NE Pacific St & Montlake Blvd NE", "Field15": 3 }, "geometry": null },
{ "type": "Feature", "properties": { "Field1": "29248", "Field2": "Y", "Field3": "SEA", "Field4": "1278476.7", "Field5": "236063.5", "Field6": "YES", "Field7": "ACT", "Field8": "NO", "Field9": "E Newton St", "Field10": "98112", "Field11": "43 48", "Field12": "24th Ave E", "Field13": "0", "Field14": "24th Ave E & E Newton St", "Field15": 2 }, "geometry": null },
{ "type": "Feature", "properties": { "Field1": "29249", "Field2": "Y", "Field3": "SEA", "Field4": "1278445.3", "Field5": "235080.7", "Field6": "YES", "Field7": "ACT", "Field8": "NO", "Field9": "Boyer Ave E", "Field10": "98112", "Field11": "43 48", "Field12": "24th Ave E", "Field13": "1", "Field14": "24th Ave E & Boyer Ave E", "Field15": 3 }, "geometry": null },
{ "type": "Feature", "properties": { "Field1": "29251", "Field2": "Y", "Field3": "SEA", "Field4": "1278414.3999999999", "Field5": "234048.7", "Field6": "YES", "Field7": "ACT", "Field8": "NO", "Field9": "E Galer St", "Field10": "98112", "Field11": "43 48 988EN", "Field12": "24th Ave E", "Field13": "1", "Field14": "24th Ave E & E Galer St", "Field15": 3 }, "geometry": null },
{ "type": "Feature", "properties": { "Field1": "30748", "Field2": "Y", "Field3": "SEA", "Field4": "1271241.3", "Field5": "213216.1", "Field6": "YES", "Field7": "ACT", "Field8": "NO", "Field9": "S Horton St", "Field10": "98134", "Field11": "131 132", "Field12": "4th Ave S", "Field13": "0", "Field14": "4th Ave S & S Horton St", "Field15": 2 }, "geometry": null },
{ "type": "Feature", "properties": { "Field1": "30770", "Field2": "Y", "Field3": "SEA", "Field4": "1274830.7", "Field5": "211938.2", "Field6": "YES", "Field7": "ACT", "Field8": "NO", "Field9": "S Spokane St", "Field10": "98144", "Field11": "50", "Field12": "S Columbian Way", "Field13": "0", "Field14": "S Columbian Way & S Spokane St", "Field15": 2 }, "geometry": null },
{ "type": "Feature", "properties": { "Field1": "46101", "Field2": "Y", "Field3": "SEA", "Field4": "1280328", "Field5": "199950.4", "Field6": "YES", "Field7": "ACT", "Field8": "NO", "Field9": "32nd Ave S", "Field10": "98118", "Field11": "36", "Field12": "S Myrtle Pl", "Field13": "1", "Field14": "S Myrtle Pl & 32nd Ave S", "Field15": 3 }, "geometry": null },
{ "type": "Feature", "properties": { "Field1": "46110", "Field2": "Y", "Field3": "SEA", "Field4": "1281550.5", "Field5": "199307.6", "Field6": "YES", "Field7": "ACT", "Field8": "NO", "Field9": "S Holly Park Dr", "Field10": "98118", "Field11": "36", "Field12": "S Myrtle Pl", "Field13": "0", "Field14": "S Myrtle Pl & S Holly Park Dr", "Field15": 2 }, "geometry": null },
{ "type": "Feature", "properties": { "Field1": "46130", "Field2": "Y", "Field3": "SEA", "Field4": "1282976", "Field5": "199265.7", "Field6": "YES", "Field7": "ACT", "Field8": "NO", "Field9": "42nd Ave S", "Field10": "98118", "Field11": "50", "Field12": "S Othello St", "Field13": "0", "Field14": "S Othello St & 42nd Ave S", "Field15": 2 }, "geometry": null },
{ "type": "Feature", "properties": { "Field1": "46150", "Field2": "Y", "Field3": "SEA", "Field4": "1284376.7", "Field5": "199189.2", "Field6": "UNK", "Field7": "ACT", "Field8": "NO", "Field9": "46th Ave S", "Field10": "98118", "Field11": "50", "Field12": "S Othello St", "Field13": "0", "Field14": "S Othello St & 46th Ave S", "Field15": 0 }, "geometry": null },
{ "type": "Feature", "properties": { "Field1": "46165", "Field2": "Y", "Field3": "SEA", "Field4": "1285591.7", "Field5": "199189", "Field6": "YES", "Field7": "ACT", "Field8": "NO", "Field9": "Rainier Ave S", "Field10": "98118", "Field11": "50", "Field12": "S Othello St", "Field13": "0", "Field14": "S Othello St & Rainier Ave S", "Field15": 2 }, "geometry": null },
{ "type": "Feature", "properties": { "Field1": "30790", "Field2": "Y", "Field3": "SEA", "Field4": "1275035.8", "Field5": "210337.1", "Field6": "YES", "Field7": "ACT", "Field8": "NO", "Field9": "S Dakota St", "Field10": "98108", "Field11": "107 50 60", "Field12": "15th Ave S", "Field13": "0", "Field14": "15th Ave S & S Dakota St", "Field15": 2 }, "geometry": null },
{ "type": "Feature", "properties": { "Field1": "30800", "Field2": "Y", "Field3": "SEA", "Field4": "1275015.3999999999", "Field5": "209633.6", "Field6": "YES", "Field7": "ACT", "Field8": "NO", "Field9": "S Nevada St", "Field10": "98108", "Field11": "107 50 60", "Field12": "15th Ave S", "Field13": "0", "Field14": "15th Ave S & S Nevada St", "Field15": 2 }, "geometry": null },
{ "type": "Feature", "properties": { "Field1": "30820", "Field2": "Y", "Field3": "SEA", "Field4": "1275665.2", "Field5": "208435.9", "Field6": "YES", "Field7": "ACT", "Field8": "NO", "Field9": "S Snoqualmie St", "Field10": "98108", "Field11": "50", "Field12": "S Columbian Way", "Field13": "1", "Field14": "S Columbian Way & S Snoqualmie St", "Field15": 3 }, "geometry": null },
{ "type": "Feature", "properties": { "Field1": "33220", "Field2": "Y", "Field3": "SEA", "Field4": "1258356.2", "Field5": "208508.1", "Field6": "YES", "Field7": "ACT", "Field8": "NO", "Field9": "Fauntleroy Way SW", "Field10": "98126", "Field11": "50 C", "Field12": "SW Alaska St", "Field13": "1", "Field14": "SW Alaska St & Fauntleroy Way SW", "Field15": 3 }, "geometry": null },
{ "type": "Feature", "properties": { "Field1": "33221", "Field2": "Y", "Field3": "SEA", "Field4": "1259288.6000000001", "Field5": "208484", "Field6": "YES", "Field7": "ACT", "Field8": "NO", "Field9": "36th Ave SW", "Field10": "98126", "Field11": "50 773", "Field12": "SW Alaska St", "Field13": "1", "Field14": "SW Alaska St & 36th Ave SW", "Field15": 3 }, "geometry": null },
{ "type": "Feature", "properties": { "Field1": "36090", "Field2": "Y", "Field3": "SEA", "Field4": "1263446.3999999999", "Field5": "207697.5", "Field6": "YES", "Field7": "ACT", "Field8": "NO", "Field9": "22nd Ave SW", "Field10": "98106", "Field11": "125", "Field12": "21st Ave SW", "Field13": "0", "Field14": "21st Ave SW & 22nd Ave SW", "Field15": 2 }, "geometry": null },
{ "type": "Feature", "properties": { "Field1": "36100", "Field2": "Y", "Field3": "SEA", "Field4": "1263446.8", "Field5": "207079.9", "Field6": "YES", "Field7": "ACT", "Field8": "NO", "Field9": "SW Dawson St", "Field10": "98106", "Field11": "125", "Field12": "21st Ave SW", "Field13": "0", "Field14": "21st Ave SW & SW Dawson St", "Field15": 2 }, "geometry": null },
{ "type": "Feature", "properties": { "Field1": "36110", "Field2": "Y", "Field3": "SEA", "Field4": "1264177.5", "Field5": "206451", "Field6": "YES", "Field7": "ACT", "Field8": "NO", "Field9": "18th Ave SW", "Field10": "98106", "Field11": "125", "Field12": "SW Dawson St", "Field13": "0", "Field14": "SW Dawson St & 18th Ave SW", "Field15": 2 }, "geometry": null },
{ "type": "Feature", "properties": { "Field1": "36120", "Field2": "Y", "Field3": "SEA", "Field4": "1264750.2", "Field5": "206036.7", "Field6": "YES", "Field7": "ACT", "Field8": "NO", "Field9": "SW Brandon St", "Field10": "98106", "Field11": "125", "Field12": "16th Ave SW", "Field13": "0", "Field14": "16th Ave SW & SW Brandon St", "Field15": 2 }, "geometry": null },
{ "type": "Feature", "properties": { "Field1": "36140", "Field2": "Y", "Field3": "SEA", "Field4": "1264729.8999999999", "Field5": "205029.9", "Field6": "YES", "Field7": "ACT", "Field8": "NO", "Field9": "SW Findlay St", "Field10": "98106", "Field11": "125", "Field12": "16th Ave SW", "Field13": "0", "Field14": "16th Ave SW & SW Findlay St", "Field15": 2 }, "geometry": null },
{ "type": "Feature", "properties": { "Field1": "36145", "Field2": "Y", "Field3": "SEA", "Field4": "1264692.5", "Field5": "203866.2", "Field6": "YES", "Field7": "ACT", "Field8": "NO", "Field9": "SW Findlay St", "Field10": "98106", "Field11": "125", "Field12": "16th Ave SW", "Field13": "0", "Field14": "16th Ave SW & SW Findlay St", "Field15": 2 }, "geometry": null },
{ "type": "Feature", "properties": { "Field1": "36155", "Field2": "Y", "Field3": "SEA", "Field4": "1264719", "Field5": "204012.7", "Field6": "YES", "Field7": "ACT", "Field8": "NO", "Field9": "SW Findlay St", "Field10": "98106", "Field11": "125", "Field12": "16th Ave SW", "Field13": "1", "Field14": "16th Ave SW & SW Findlay St", "Field15": 3 }, "geometry": null },
{ "type": "Feature", "properties": { "Field1": "37748", "Field2": "Y", "Field3": "SEA", "Field4": "1282717.3999999999", "Field5": "252528.4", "Field6": "YES", "Field7": "ACT", "Field8": "NO", "Field9": "40th Ave NE", "Field10": "98115", "Field11": "79", "Field12": "NE 75th St", "Field13": "0", "Field14": "NE 75th St & 40th Ave NE", "Field15": 2 }, "geometry": null },
{ "type": "Feature", "properties": { "Field1": "37749", "Field2": "Y", "Field3": "SEA", "Field4": "1282776.3999999999", "Field5": "252527.2", "Field6": "YES", "Field7": "ACT", "Field8": "NO", "Field9": "40th Ave NE", "Field10": "98115", "Field11": "79", "Field12": "NE 75th St", "Field13": "0", "Field14": "NE 75th St & 40th Ave NE", "Field15": 2 }, "geometry": null },
{ "type": "Feature", "properties": { "Field1": "37750", "Field2": "Y", "Field3": "SEA", "Field4": "1283312", "Field5": "252516.2", "Field6": "YES", "Field7": "ACT", "Field8": "NO", "Field9": "42nd Ave NE", "Field10": "98115", "Field11": "79", "Field12": "NE 75th St", "Field13": "0", "Field14": "NE 75th St & 42nd Ave NE", "Field15": 2 }, "geometry": null },
{ "type": "Feature", "properties": { "Field1": "37760", "Field2": "Y", "Field3": "SEA", "Field4": "1283854", "Field5": "252505", "Field6": "YES", "Field7": "ACT", "Field8": "NO", "Field9": "44th Ave NE", "Field10": "98115", "Field11": "79", "Field12": "NE 75th St", "Field13": "0", "Field14": "NE 75th St & 44th Ave NE", "Field15": 2 }, "geometry": null },
{ "type": "Feature", "properties": { "Field1": "37770", "Field2": "Y", "Field3": "SEA", "Field4": "1284471.7", "Field5": "252492.5", "Field6": "YES", "Field7": "ACT", "Field8": "NO", "Field9": "46th Ave NE", "Field10": "98115", "Field11": "79", "Field12": "NE 75th St", "Field13": "0", "Field14": "NE 75th St & 46th Ave NE", "Field15": 2 }, "geometry": null },
{ "type": "Feature", "properties": { "Field1": "37780", "Field2": "Y", "Field3": "SEA", "Field4": "1285012.5", "Field5": "252481.6", "Field6": "YES", "Field7": "ACT", "Field8": "NO", "Field9": "48th Ave NE", "Field10": "98115", "Field11": "79", "Field12": "NE 75th St", "Field13": "0", "Field14": "NE 75th St & 48th Ave NE", "Field15": 2 }, "geometry": null },
{ "type": "Feature", "properties": { "Field1": "37790", "Field2": "Y", "Field3": "SEA", "Field4": "1285569.7", "Field5": "252470.3", "Field6": "YES", "Field7": "ACT", "Field8": "NO", "Field9": "50th Ave NE", "Field10": "98115", "Field11": "79", "Field12": "NE 75th St", "Field13": "0", "Field14": "NE 75th St & 50th Ave NE", "Field15": 2 }, "geometry": null },
{ "type": "Feature", "properties": { "Field1": "37800", "Field2": "Y", "Field3": "SEA", "Field4": "1286225.5", "Field5": "252456.6", "Field6": "YES", "Field7": "ACT", "Field8": "NO", "Field9": "52nd Ave NE", "Field10": "98115", "Field11": "79", "Field12": "NE 75th St", "Field13": "0", "Field14": "NE 75th St & 52nd Ave NE", "Field15": 2 }, "geometry": null },
{ "type": "Feature", "properties": { "Field1": "39350", "Field2": "Y", "Field3": "SEA", "Field4": "1277642.5", "Field5": "271176.7", "Field6": "LTD", "Field7": "ACT", "Field8": "NO", "Field9": "20th Ave NE", "Field10": "98155", "Field11": "65", "Field12": "NE 145th St", "Field13": "0", "Field14": "NE 145th St & 20th Ave NE", "Field15": 0 }, "geometry": null },
{ "type": "Feature", "properties": { "Field1": "39420", "Field2": "Y", "Field3": "SEA", "Field4": "1263056.1000000001", "Field5": "196447.3", "Field6": "YES", "Field7": "ACT", "Field8": "NO", "Field9": "Delridge Way SW", "Field10": "98106", "Field11": "22", "Field12": "SW Thistle St", "Field13": "0", "Field14": "SW Thistle St & Delridge Way SW", "Field15": 2 }, "geometry": null },
{ "type": "Feature", "properties": { "Field1": "39428", "Field2": "Y", "Field3": "SEA", "Field4": "1262166.3999999999", "Field5": "196464.3", "Field6": "YES", "Field7": "ACT", "Field8": "NO", "Field9": "25th Ave SW", "Field10": "98106", "Field11": "22", "Field12": "SW Thistle St", "Field13": "0", "Field14": "SW Thistle St & 25th Ave SW", "Field15": 2 }, "geometry": null },
{ "type": "Feature", "properties": { "Field1": "39429", "Field2": "Y", "Field3": "SEA", "Field4": "1261078.8", "Field5": "196486.1", "Field6": "LTD", "Field7": "ACT", "Field8": "NO", "Field9": "28th Ave SW", "Field10": "98126", "Field11": "22", "Field12": "SW Thistle St", "Field13": "0", "Field14": "SW Thistle St & 28th Ave SW", "Field15": 0 }, "geometry": null },
{ "type": "Feature", "properties": { "Field1": "55875", "Field2": "Y", "Field3": "SEA", "Field4": "1275137.7", "Field5": "220849.5", "Field6": "YES", "Field7": "ACT", "Field8": "NO", "Field9": "Corwin Pl S", "Field10": "98144", "Field11": "987E", "Field12": "S Dearborn St", "Field13": "0", "Field14": "S Dearborn St & Corwin Pl S", "Field15": 2 }, "geometry": null },
{ "type": "Feature", "properties": { "Field1": "42010", "Field2": "Y", "Field3": "SEA", "Field4": "1272970.7", "Field5": "223697.6", "Field6": "YES", "Field7": "ACT", "Field8": "NO", "Field9": "Alder St", "Field10": "98104", "Field11": "60", "Field12": "9th Ave", "Field13": "0", "Field14": "9th Ave & Alder St", "Field15": 2 }, "geometry": null },
{ "type": "Feature", "properties": { "Field1": "42048", "Field2": "Y", "Field3": "SEA", "Field4": "1275127.8", "Field5": "213866.9", "Field6": "YES", "Field7": "ACT", "Field8": "NO", "Field9": "S Stevens St", "Field10": "98144", "Field11": "107 60", "Field12": "15th Ave S", "Field13": "0", "Field14": "15th Ave S & S Stevens St", "Field15": 2 }, "geometry": null },
{ "type": "Feature", "properties": { "Field1": "42050", "Field2": "Y", "Field3": "SEA", "Field4": "1275112", "Field5": "213219.3", "Field6": "LTD", "Field7": "ACT", "Field8": "NO", "Field9": "S Hanford St", "Field10": "98144", "Field11": "107 60", "Field12": "15th Ave S", "Field13": "0", "Field14": "15th Ave S & S Hanford St", "Field15": 0 }, "geometry": null },
{ "type": "Feature", "properties": { "Field1": "42070", "Field2": "Y", "Field3": "SEA", "Field4": "1275080.7", "Field5": "211956.3", "Field6": "YES", "Field7": "ACT", "Field8": "NO", "Field9": "S Spokane St", "Field10": "98144", "Field11": "107 60", "Field12": "15th Ave S", "Field13": "0", "Field14": "15th Ave S & S Spokane St", "Field15": 2 }, "geometry": null },
{ "type": "Feature", "properties": { "Field1": "42080", "Field2": "Y", "Field3": "SEA", "Field4": "1274995.7", "Field5": "208915.7", "Field6": "YES", "Field7": "ACT", "Field8": "NO", "Field9": "S Oregon St", "Field10": "98108", "Field11": "107 60", "Field12": "15th Ave S", "Field13": "1", "Field14": "15th Ave S & S Oregon St", "Field15": 3 }, "geometry": null },
{ "type": "Feature", "properties": { "Field1": "42091", "Field2": "Y", "Field3": "SEA", "Field4": "1275003.3", "Field5": "208039.8", "Field6": "YES", "Field7": "ACT", "Field8": "NO", "Field9": "S Angeline St", "Field10": "98108", "Field11": "107 60", "Field12": "15th Ave S", "Field13": "0", "Field14": "15th Ave S & S Angeline St", "Field15": 2 }, "geometry": null },
{ "type": "Feature", "properties": { "Field1": "29253", "Field2": "Y", "Field3": "SEA", "Field4": "1278379", "Field5": "232909.8", "Field6": "YES", "Field7": "ACT", "Field8": "NO", "Field9": "E Prospect St", "Field10": "98112", "Field11": "43 48", "Field12": "24th Ave E", "Field13": "0", "Field14": "24th Ave E & E Prospect St", "Field15": 2 }, "geometry": null },
{ "type": "Feature", "properties": { "Field1": "29254", "Field2": "Y", "Field3": "SEA", "Field4": "1278185.2", "Field5": "232014.2", "Field6": "YES", "Field7": "ACT", "Field8": "NO", "Field9": "E Aloha St", "Field10": "98112", "Field11": "43 48 988EN", "Field12": "23rd Ave E", "Field13": "1", "Field14": "23rd Ave E & E Aloha St", "Field15": 3 }, "geometry": null },
{ "type": "Feature", "properties": { "Field1": "29256", "Field2": "Y", "Field3": "SEA", "Field4": "1278142.6000000001", "Field5": "230685.7", "Field6": "YES", "Field7": "ACT", "Field8": "NO", "Field9": "E Republican St", "Field10": "98112", "Field11": "43 48 988EN", "Field12": "23rd Ave E", "Field13": "1", "Field14": "23rd Ave E & E Republican St", "Field15": 3 }, "geometry": null },
{ "type": "Feature", "properties": { "Field1": "55940", "Field2": "Y", "Field3": "SEA", "Field4": "1275032.8", "Field5": "220851.4", "Field6": "YES", "Field7": "ACT", "Field8": "NO", "Field9": "Corwin Pl S", "Field10": "98144", "Field11": "987E", "Field12": "S Dearborn St", "Field13": "0", "Field14": "S Dearborn St & Corwin Pl S", "Field15": 2 }, "geometry": null },
{ "type": "Feature", "properties": { "Field1": "46221", "Field2": "Y", "Field3": "SEA", "Field4": "1292332.2", "Field5": "185309.4", "Field6": "LTD", "Field7": "ACT", "Field8": "NO", "Field9": "S 116th St", "Field10": "98178", "Field11": "107", "Field12": "Cornell Ave S", "Field13": "0", "Field14": "Cornell Ave S & S 116th St", "Field15": 0 }, "geometry": null },
{ "type": "Feature", "properties": { "Field1": "29257", "Field2": "Y", "Field3": "SEA", "Field4": "1278123.3999999999", "Field5": "230042", "Field6": "YES", "Field7": "ACT", "Field8": "NO", "Field9": "E Thomas St", "Field10": "98112", "Field11": "43 48", "Field12": "23rd Ave E", "Field13": "1", "Field14": "23rd Ave E & E Thomas St", "Field15": 3 }, "geometry": null },
{ "type": "Feature", "properties": { "Field1": "29258", "Field2": "Y", "Field3": "SEA", "Field4": "1277744.7", "Field5": "229701", "Field6": "YES", "Field7": "ACT", "Field8": "NO", "Field9": "22nd Ave E", "Field10": "98112", "Field11": "11 43 8", "Field12": "E John St", "Field13": "2", "Field14": "E John St & 22nd Ave E", "Field15": 3 }, "geometry": null },
{ "type": "Feature", "properties": { "Field1": "29259", "Field2": "Y", "Field3": "SEA", "Field4": "1276958.8999999999", "Field5": "229815.2", "Field6": "YES", "Field7": "ACT", "Field8": "NO", "Field9": "19th Ave E", "Field10": "98112", "Field11": "11 43 8", "Field12": "E Thomas St", "Field13": "1", "Field14": "E Thomas St & 19th Ave E", "Field15": 3 }, "geometry": null },
{ "type": "Feature", "properties": { "Field1": "29260", "Field2": "Y", "Field3": "SEA", "Field4": "1275794.5", "Field5": "229842.6", "Field6": "YES", "Field7": "ACT", "Field8": "NO", "Field9": "16th Ave E", "Field10": "98112", "Field11": "11 43 8", "Field12": "E Thomas St", "Field13": "1", "Field14": "E Thomas St & 16th Ave E", "Field15": 3 }, "geometry": null },
{ "type": "Feature", "properties": { "Field1": "29261", "Field2": "Y", "Field3": "SEA", "Field4": "1275472", "Field5": "229653.1", "Field6": "YES", "Field7": "ACT", "Field8": "NO", "Field9": "15th Ave E", "Field10": "98112", "Field11": "11 43 8", "Field12": "E John St", "Field13": "0", "Field14": "E John St & 15th Ave E", "Field15": 2 }, "geometry": null },
{ "type": "Feature", "properties": { "Field1": "29262", "Field2": "Y", "Field3": "SEA", "Field4": "1273769.3999999999", "Field5": "229667.20000000001", "Field6": "YES", "Field7": "ACT", "Field8": "NO", "Field9": "Broadway E", "Field10": "98102", "Field11": "11 43 8", "Field12": "E John St", "Field13": "2", "Field14": "E John St & Broadway E", "Field15": 3 }, "geometry": null },
{ "type": "Feature", "properties": { "Field1": "30855", "Field2": "Y", "Field3": "SEA", "Field4": "1277427", "Field5": "206150.5", "Field6": "YES", "Field7": "ACT", "Field8": "NO", "Field9": "S Dawson St", "Field10": "98108", "Field11": "36", "Field12": "Beacon Ave S", "Field13": "0", "Field14": "Beacon Ave S & S Dawson St", "Field15": 2 }, "geometry": null },
{ "type": "Feature", "properties": { "Field1": "30870", "Field2": "Y", "Field3": "SEA", "Field4": "1277576.3", "Field5": "205369", "Field6": "YES", "Field7": "ACT", "Field8": "NO", "Field9": "S Brandon St", "Field10": "98108", "Field11": "36", "Field12": "Beacon Ave S", "Field13": "0", "Field14": "Beacon Ave S & S Brandon St", "Field15": 2 }, "geometry": null },
{ "type": "Feature", "properties": { "Field1": "46233", "Field2": "Y", "Field3": "SEA", "Field4": "1292518.7", "Field5": "186101.6", "Field6": "LTD", "Field7": "ACT", "Field8": "NO", "Field9": "Cornell Ave S", "Field10": "98178", "Field11": "107", "Field12": "S 114th St", "Field13": "0", "Field14": "S 114th St & Cornell Ave S", "Field15": 0 }, "geometry": null },
{ "type": "Feature", "properties": { "Field1": "30890", "Field2": "Y", "Field3": "SEA", "Field4": "1277755.5", "Field5": "204382.2", "Field6": "YES", "Field7": "ACT", "Field8": "NO", "Field9": "S Orcas St", "Field10": "98108", "Field11": "36", "Field12": "Beacon Ave S", "Field13": "0", "Field14": "Beacon Ave S & S Orcas St", "Field15": 2 }, "geometry": null },
{ "type": "Feature", "properties": { "Field1": "30910", "Field2": "Y", "Field3": "SEA", "Field4": "1277898.8999999999", "Field5": "203638.6", "Field6": "YES", "Field7": "ACT", "Field8": "NO", "Field9": "S Raymond St", "Field10": "98108", "Field11": "36", "Field12": "Beacon Ave S", "Field13": "0", "Field14": "Beacon Ave S & S Raymond St", "Field15": 2 }, "geometry": null },
{ "type": "Feature", "properties": { "Field1": "30930", "Field2": "Y", "Field3": "SEA", "Field4": "1278047.3", "Field5": "202804.4", "Field6": "YES", "Field7": "ACT", "Field8": "NO", "Field9": "S Graham St", "Field10": "98108", "Field11": "36", "Field12": "Beacon Ave S", "Field13": "0", "Field14": "Beacon Ave S & S Graham St", "Field15": 2 }, "geometry": null },
{ "type": "Feature", "properties": { "Field1": "30950", "Field2": "Y", "Field3": "SEA", "Field4": "1278304.8999999999", "Field5": "201434", "Field6": "YES", "Field7": "ACT", "Field8": "NO", "Field9": "S Holly St", "Field10": "98108", "Field11": "36", "Field12": "Beacon Ave S", "Field13": "0", "Field14": "Beacon Ave S & S Holly St", "Field15": 2 }, "geometry": null },
{ "type": "Feature", "properties": { "Field1": "34640", "Field2": "Y", "Field3": "SEA", "Field4": "1286235.3999999999", "Field5": "199243", "Field6": "NO", "Field7": "ACT", "Field8": "NO", "Field9": "S Othello St", "Field10": "98118", "Field11": "50 987EN", "Field12": "Seward Park Ave S", "Field13": "0", "Field14": "Seward Park Ave S & S Othello St", "Field15": 0 }, "geometry": null },
{ "type": "Feature", "properties": { "Field1": "34650", "Field2": "Y", "Field3": "SEA", "Field4": "1286258.1000000001", "Field5": "199850.5", "Field6": "YES", "Field7": "ACT", "Field8": "NO", "Field9": "S Myrtle St", "Field10": "98118", "Field11": "50", "Field12": "Seward Park Ave S", "Field13": "0", "Field14": "Seward Park Ave S & S Myrtle St", "Field15": 2 }, "geometry": null },
{ "type": "Feature", "properties": { "Field1": "36170", "Field2": "Y", "Field3": "SEA", "Field4": "1264629.1000000001", "Field5": "201719.1", "Field6": "YES", "Field7": "ACT", "Field8": "NO", "Field9": "SW Holly St", "Field10": "98106", "Field11": "125 128", "Field12": "16th Ave SW", "Field13": "0", "Field14": "16th Ave SW & SW Holly St", "Field15": 2 }, "geometry": null },
{ "type": "Feature", "properties": { "Field1": "36180", "Field2": "Y", "Field3": "SEA", "Field4": "1264582.3999999999", "Field5": "200265.7", "Field6": "YES", "Field7": "ACT", "Field8": "NO", "Field9": "SW Myrtle St", "Field10": "98106", "Field11": "125 128", "Field12": "16th Ave SW", "Field13": "0", "Field14": "16th Ave SW & SW Myrtle St", "Field15": 2 }, "geometry": null },
{ "type": "Feature", "properties": { "Field1": "36190", "Field2": "Y", "Field3": "SEA", "Field4": "1264550.2", "Field5": "198963.20000000001", "Field6": "YES", "Field7": "ACT", "Field8": "NO", "Field9": "SW Webster St", "Field10": "98106", "Field11": "125 128", "Field12": "16th Ave SW", "Field13": "0", "Field14": "16th Ave SW & SW Webster St", "Field15": 2 }, "geometry": null },
{ "type": "Feature", "properties": { "Field1": "37810", "Field2": "Y", "Field3": "SEA", "Field4": "1286756.3999999999", "Field5": "252445.6", "Field6": "YES", "Field7": "ACT", "Field8": "NO", "Field9": "55th Ave NE", "Field10": "98115", "Field11": "79", "Field12": "NE 75th St", "Field13": "0", "Field14": "NE 75th St & 55th Ave NE", "Field15": 2 }, "geometry": null },
{ "type": "Feature", "properties": { "Field1": "37820", "Field2": "Y", "Field3": "SEA", "Field4": "1286790.8999999999", "Field5": "251771.3", "Field6": "YES", "Field7": "ACT", "Field8": "NO", "Field9": "NE 73rd St", "Field10": "98115", "Field11": "79", "Field12": "55th Ave NE", "Field13": "0", "Field14": "55th Ave NE & NE 73rd St", "Field15": 2 }, "geometry": null },
{ "type": "Feature", "properties": { "Field1": "37830", "Field2": "Y", "Field3": "SEA", "Field4": "1286785.3", "Field5": "251043.4", "Field6": "YES", "Field7": "ACT", "Field8": "NO", "Field9": "NE 70th St", "Field10": "98115", "Field11": "79", "Field12": "55th Ave NE", "Field13": "0", "Field14": "55th Ave NE & NE 70th St", "Field15": 2 }, "geometry": null },
{ "type": "Feature", "properties": { "Field1": "37840", "Field2": "Y", "Field3": "SEA", "Field4": "1286786.1000000001", "Field5": "250385", "Field6": "YES", "Field7": "ACT", "Field8": "NO", "Field9": "NE 68th St", "Field10": "98115", "Field11": "79", "Field12": "55th Ave NE", "Field13": "0", "Field14": "55th Ave NE & NE 68th St", "Field15": 2 }, "geometry": null },
{ "type": "Feature", "properties": { "Field1": "37841", "Field2": "Y", "Field3": "SEA", "Field4": "1286186.7", "Field5": "249804.79999999999", "Field6": "YES", "Field7": "ACT", "Field8": "NO", "Field9": "52nd Ave NE", "Field10": "98115", "Field11": "62", "Field12": "NE 65th St", "Field13": "0", "Field14": "NE 65th St & 52nd Ave NE", "Field15": 2 }, "geometry": null },
{ "type": "Feature", "properties": { "Field1": "37846", "Field2": "Y", "Field3": "SEA", "Field4": "1287160.8999999999", "Field5": "249783", "Field6": "YES", "Field7": "ACT", "Field8": "NO", "Field9": "58th Ave NE", "Field10": "98115", "Field11": "62 79", "Field12": "NE 65th St", "Field13": "0", "Field14": "NE 65th St & 58th Ave NE", "Field15": 2 }, "geometry": null },
{ "type": "Feature", "properties": { "Field1": "37849", "Field2": "Y", "Field3": "SEA", "Field4": "1288011.8999999999", "Field5": "249762.5", "Field6": "YES", "Field7": "ACT", "Field8": "NO", "Field9": "Sand Point Way NE", "Field10": "98115", "Field11": "62 79", "Field12": "NE 65th St", "Field13": "1", "Field14": "NE 65th St & Sand Point Way NE", "Field15": 3 }, "geometry": null },
{ "type": "Feature", "properties": { "Field1": "37850", "Field2": "Y", "Field3": "SEA", "Field4": "1286666", "Field5": "249793.9", "Field6": "YES", "Field7": "ACT", "Field8": "NO", "Field9": "55th Ave NE", "Field10": "98115", "Field11": "62 79", "Field12": "NE 65th St", "Field13": "0", "Field14": "NE 65th St & 55th Ave NE", "Field15": 2 }, "geometry": null },
{ "type": "Feature", "properties": { "Field1": "37860", "Field2": "Y", "Field3": "SEA", "Field4": "1286052.1000000001", "Field5": "249808.2", "Field6": "YES", "Field7": "ACT", "Field8": "NO", "Field9": "52nd Ave NE", "Field10": "98115", "Field11": "62 79", "Field12": "NE 65th St", "Field13": "0", "Field14": "NE 65th St & 52nd Ave NE", "Field15": 2 }, "geometry": null },
{ "type": "Feature", "properties": { "Field1": "37870", "Field2": "Y", "Field3": "SEA", "Field4": "1285241.3999999999", "Field5": "249500.3", "Field6": "YES", "Field7": "ACT", "Field8": "NO", "Field9": "Princeton Ave NE", "Field10": "98115", "Field11": "62 79", "Field12": "NE Princeton Way", "Field13": "0", "Field14": "NE Princeton Way & Princeton Ave NE", "Field15": 2 }, "geometry": null },
{ "type": "Feature", "properties": { "Field1": "39438", "Field2": "Y", "Field3": "SEA", "Field4": "1260196.1000000001", "Field5": "196504.4", "Field6": "YES", "Field7": "ACT", "Field8": "NO", "Field9": "31st Ave SW", "Field10": "98126", "Field11": "22", "Field12": "SW Thistle St", "Field13": "0", "Field14": "SW Thistle St & 31st Ave SW", "Field15": 2 }, "geometry": null },
{ "type": "Feature", "properties": { "Field1": "39439", "Field2": "Y", "Field3": "SEA", "Field4": "1259531.6000000001", "Field5": "196518.1", "Field6": "YES", "Field7": "ACT", "Field8": "NO", "Field9": "34th Ave SW", "Field10": "98126", "Field11": "22", "Field12": "SW Thistle St", "Field13": "0", "Field14": "SW Thistle St & 34th Ave SW", "Field15": 2 }, "geometry": null },
{ "type": "Feature", "properties": { "Field1": "39440", "Field2": "Y", "Field3": "SEA", "Field4": "1259070.7", "Field5": "196530.6", "Field6": "YES", "Field7": "ACT", "Field8": "NO", "Field9": "35th Ave SW", "Field10": "98126", "Field11": "22", "Field12": "SW Thistle St", "Field13": "0", "Field14": "SW Thistle St & 35th Ave SW", "Field15": 2 }, "geometry": null },
{ "type": "Feature", "properties": { "Field1": "39441", "Field2": "Y", "Field3": "SEA", "Field4": "1258422.5", "Field5": "196566.39999999999", "Field6": "YES", "Field7": "ACT", "Field8": "NO", "Field9": "37th Ave SW", "Field10": "98126", "Field11": "22", "Field12": "SW Thistle St", "Field13": "0", "Field14": "SW Thistle St & 37th Ave SW", "Field15": 2 }, "geometry": null },
{ "type": "Feature", "properties": { "Field1": "39442", "Field2": "Y", "Field3": "SEA", "Field4": "1257751.8999999999", "Field5": "196602.9", "Field6": "YES", "Field7": "ACT", "Field8": "NO", "Field9": "39th Ave SW", "Field10": "98136", "Field11": "22", "Field12": "SW Thistle St", "Field13": "0", "Field14": "SW Thistle St & 39th Ave SW", "Field15": 2 }, "geometry": null },
{ "type": "Feature", "properties": { "Field1": "39443", "Field2": "Y", "Field3": "SEA", "Field4": "1257199.8999999999", "Field5": "196633.5", "Field6": "YES", "Field7": "ACT", "Field8": "NO", "Field9": "41st Ave SW", "Field10": "98136", "Field11": "22", "Field12": "SW Thistle St", "Field13": "0", "Field14": "SW Thistle St & 41st Ave SW", "Field15": 2 }, "geometry": null },
{ "type": "Feature", "properties": { "Field1": "39445", "Field2": "Y", "Field3": "SEA", "Field4": "1257179.3", "Field5": "196996", "Field6": "YES", "Field7": "ACT", "Field8": "NO", "Field9": "SW Rose St", "Field10": "98136", "Field11": "22", "Field12": "41st Ave SW", "Field13": "0", "Field14": "41st Ave SW & SW Rose St", "Field15": 2 }, "geometry": null },
{ "type": "Feature", "properties": { "Field1": "27690", "Field2": "Y", "Field3": "SEA", "Field4": "1282209.8999999999", "Field5": "222828", "Field6": "YES", "Field7": "ACT", "Field8": "NO", "Field9": "E Yesler Way", "Field10": "98144", "Field11": "27", "Field12": "Lakeside Ave S", "Field13": "0", "Field14": "Lakeside Ave S & E Yesler Way", "Field15": 2 }, "geometry": null },
{ "type": "Feature", "properties": { "Field1": "27700", "Field2": "Y", "Field3": "SEA", "Field4": "1281938.3999999999", "Field5": "222059.9", "Field6": "LTD", "Field7": "ACT", "Field8": "NO", "Field9": "S Leschi Pl", "Field10": "98144", "Field11": "27", "Field12": "Lakeside Ave S", "Field13": "0", "Field14": "Lakeside Ave S & S Leschi Pl", "Field15": 0 }, "geometry": null },
{ "type": "Feature", "properties": { "Field1": "27720", "Field2": "Y", "Field3": "SEA", "Field4": "1281674.5", "Field5": "221055.1", "Field6": "YES", "Field7": "ACT", "Field8": "NO", "Field9": "S Lane St", "Field10": "98144", "Field11": "27", "Field12": "Lakeside Ave S", "Field13": "0", "Field14": "Lakeside Ave S & S Lane St", "Field15": 2 }, "geometry": null },
{ "type": "Feature", "properties": { "Field1": "39446", "Field2": "Y", "Field3": "SEA", "Field4": "1257192.8999999999", "Field5": "197536.3", "Field6": "YES", "Field7": "ACT", "Field8": "NO", "Field9": "SW Elmgrove St", "Field10": "98136", "Field11": "22", "Field12": "41st Ave SW", "Field13": "0", "Field14": "41st Ave SW & SW Elmgrove St", "Field15": 2 }, "geometry": null },
{ "type": "Feature", "properties": { "Field1": "39447", "Field2": "Y", "Field3": "SEA", "Field4": "1257206.8", "Field5": "198079", "Field6": "YES", "Field7": "ACT", "Field8": "NO", "Field9": "SW Kenyon St", "Field10": "98136", "Field11": "22", "Field12": "41st Ave SW", "Field13": "0", "Field14": "41st Ave SW & SW Kenyon St", "Field15": 2 }, "geometry": null },
{ "type": "Feature", "properties": { "Field1": "27730", "Field2": "Y", "Field3": "SEA", "Field4": "1281556.3999999999", "Field5": "220268.9", "Field6": "YES", "Field7": "ACT", "Field8": "NO", "Field9": "S Charles St", "Field10": "98144", "Field11": "27", "Field12": "Lakeside Ave S", "Field13": "0", "Field14": "Lakeside Ave S & S Charles St", "Field15": 2 }, "geometry": null },
{ "type": "Feature", "properties": { "Field1": "27745", "Field2": "Y", "Field3": "SEA", "Field4": "1281899.6000000001", "Field5": "218441.3", "Field6": "YES", "Field7": "ACT", "Field8": "NO", "Field9": "S Day St", "Field10": "98144", "Field11": "27", "Field12": "Lakeside Ave S", "Field13": "0", "Field14": "Lakeside Ave S & S Day St", "Field15": 2 }, "geometry": null },
{ "type": "Feature", "properties": { "Field1": "29242", "Field2": "Y", "Field3": "SEA", "Field4": "1277241.6000000001", "Field5": "240785.9", "Field6": "YES", "Field7": "ACT", "Field8": "NO", "Field9": "NE Pacific St", "Field10": "98195", "Field11": "44N 65", "Field12": "NE Pacific Pl", "Field13": "1", "Field14": "NE Pacific Pl & NE Pacific St", "Field15": 3 }, "geometry": null },
{ "type": "Feature", "properties": { "Field1": "29244", "Field2": "Y", "Field3": "SEA", "Field4": "1278360.7", "Field5": "237106.9", "Field6": "YES", "Field7": "ACT", "Field8": "NO", "Field9": "E McGraw St", "Field10": "98112", "Field11": "43 48 988EN", "Field12": "24th Ave E", "Field13": "1", "Field14": "24th Ave E & E McGraw St", "Field15": 3 }, "geometry": null },
{ "type": "Feature", "properties": { "Field1": "42105", "Field2": "Y", "Field3": "SEA", "Field4": "1274976.5", "Field5": "206938.9", "Field6": "YES", "Field7": "ACT", "Field8": "NO", "Field9": "S Shelton St", "Field10": "98108", "Field11": "107 60", "Field12": "15th Ave S", "Field13": "0", "Field14": "15th Ave S & S Shelton St", "Field15": 2 }, "geometry": null },
{ "type": "Feature", "properties": { "Field1": "42120", "Field2": "Y", "Field3": "SEA", "Field4": "1274956.3999999999", "Field5": "206113.4", "Field6": "YES", "Field7": "ACT", "Field8": "NO", "Field9": "S Dawson St", "Field10": "98108", "Field11": "107 60", "Field12": "15th Ave S", "Field13": "0", "Field14": "15th Ave S & S Dawson St", "Field15": 2 }, "geometry": null },
{ "type": "Feature", "properties": { "Field1": "42130", "Field2": "Y", "Field3": "SEA", "Field4": "1274936.3", "Field5": "205294", "Field6": "YES", "Field7": "ACT", "Field8": "NO", "Field9": "S Lucile St", "Field10": "98108", "Field11": "107 60", "Field12": "15th Ave S", "Field13": "1", "Field14": "15th Ave S & S Lucile St", "Field15": 3 }, "geometry": null },
{ "type": "Feature", "properties": { "Field1": "42140", "Field2": "Y", "Field3": "SEA", "Field4": "1274921.8999999999", "Field5": "204727", "Field6": "YES", "Field7": "ACT", "Field8": "NO", "Field9": "S Orcas St", "Field10": "98108", "Field11": "107 60", "Field12": "15th Ave S", "Field13": "0", "Field14": "15th Ave S & S Orcas St", "Field15": 2 }, "geometry": null },
{ "type": "Feature", "properties": { "Field1": "28030", "Field2": "Y", "Field3": "SEA", "Field4": "1263023.3999999999", "Field5": "259084.79999999999", "Field6": "LTD", "Field7": "ACT", "Field8": "NO", "Field9": "NW 97th St", "Field10": "98117", "Field11": "28E", "Field12": "8th Ave NW", "Field13": "1", "Field14": "8th Ave NW & NW 97th St", "Field15": 1 }, "geometry": null },
{ "type": "Feature", "properties": { "Field1": "28040", "Field2": "Y", "Field3": "SEA", "Field4": "1263015.1000000001", "Field5": "258567.9", "Field6": "YES", "Field7": "ACT", "Field8": "NO", "Field9": "NW 95th St", "Field10": "98117", "Field11": "28E", "Field12": "8th Ave NW", "Field13": "1", "Field14": "8th Ave NW & NW 95th St", "Field15": 3 }, "geometry": null },
{ "type": "Feature", "properties": { "Field1": "28060", "Field2": "Y", "Field3": "SEA", "Field4": "1262988.6000000001", "Field5": "256913.2", "Field6": "LTD", "Field7": "ACT", "Field8": "NO", "Field9": "NW 90th St", "Field10": "98117", "Field11": "28E", "Field12": "8th Ave NW", "Field13": "1", "Field14": "8th Ave NW & NW 90th St", "Field15": 1 }, "geometry": null },
{ "type": "Feature", "properties": { "Field1": "29266", "Field2": "Y", "Field3": "SEA", "Field4": "1272549.8", "Field5": "229397", "Field6": "YES", "Field7": "ACT", "Field8": "NO", "Field9": "Summit Ave E", "Field10": "98102", "Field11": "11 8", "Field12": "E Olive Way", "Field13": "0", "Field14": "E Olive Way & Summit Ave E", "Field15": 2 }, "geometry": null },
{ "type": "Feature", "properties": { "Field1": "29268", "Field2": "Y", "Field3": "SEA", "Field4": "1272569.3", "Field5": "229419.7", "Field6": "YES", "Field7": "ACT", "Field8": "NO", "Field9": "Summit Ave E", "Field10": "98102", "Field11": "11 8", "Field12": "E Olive Way", "Field13": "2", "Field14": "E Olive Way & Summit Ave E", "Field15": 3 }, "geometry": null },
{ "type": "Feature", "properties": { "Field1": "29270", "Field2": "Y", "Field3": "SEA", "Field4": "1273680.5", "Field5": "229668", "Field6": "YES", "Field7": "ACT", "Field8": "NO", "Field9": "Broadway E", "Field10": "98102", "Field11": "11 43 8", "Field12": "E John St", "Field13": "1", "Field14": "E John St & Broadway E", "Field15": 3 }, "geometry": null },
{ "type": "Feature", "properties": { "Field1": "28530", "Field2": "Y", "Field3": "SEA", "Field4": "1262879.2", "Field5": "251706.5", "Field6": "YES", "Field7": "ACT", "Field8": "NO", "Field9": "NW 70th St", "Field10": "98117", "Field11": "28E", "Field12": "8th Ave NW", "Field13": "0", "Field14": "8th Ave NW & NW 70th St", "Field15": 2 }, "geometry": null },
{ "type": "Feature", "properties": { "Field1": "28540", "Field2": "Y", "Field3": "SEA", "Field4": "1262910.3", "Field5": "252516", "Field6": "YES", "Field7": "ACT", "Field8": "NO", "Field9": "NW 73rd St", "Field10": "98117", "Field11": "28E", "Field12": "8th Ave NW", "Field13": "0", "Field14": "8th Ave NW & NW 73rd St", "Field15": 2 }, "geometry": null },
{ "type": "Feature", "properties": { "Field1": "28550", "Field2": "Y", "Field3": "SEA", "Field4": "1262922.8999999999", "Field5": "253062.3", "Field6": "YES", "Field7": "ACT", "Field8": "NO", "Field9": "NW 75th St", "Field10": "98117", "Field11": "28E", "Field12": "8th Ave NW", "Field13": "0", "Field14": "8th Ave NW & NW 75th St", "Field15": 2 }, "geometry": null },
{ "type": "Feature", "properties": { "Field1": "28575", "Field2": "Y", "Field3": "SEA", "Field4": "1262938.5", "Field5": "254428.7", "Field6": "YES", "Field7": "ACT", "Field8": "NO", "Field9": "NW 80th St", "Field10": "98117", "Field11": "28E", "Field12": "8th Ave NW", "Field13": "0", "Field14": "8th Ave NW & NW 80th St", "Field15": 2 }, "geometry": null },
{ "type": "Feature", "properties": { "Field1": "45453", "Field2": "Y", "Field3": "SEA", "Field4": "1292499.7", "Field5": "186102.6", "Field6": "YES", "Field7": "ACT", "Field8": "NO", "Field9": "Cornell Ave S", "Field10": "98178", "Field11": "107", "Field12": "S 114th St", "Field13": "0", "Field14": "S 114th St & Cornell Ave S", "Field15": 2 }, "geometry": null },
{ "type": "Feature", "properties": { "Field1": "28600", "Field2": "Y", "Field3": "SEA", "Field4": "1262975.3999999999", "Field5": "255532.6", "Field6": "YES", "Field7": "ACT", "Field8": "NO", "Field9": "NW 84th St", "Field10": "98117", "Field11": "28E", "Field12": "8th Ave NW", "Field13": "0", "Field14": "8th Ave NW & NW 84th St", "Field15": 2 }, "geometry": null },
{ "type": "Feature", "properties": { "Field1": "29680", "Field2": "Y", "Field3": "SEA", "Field4": "1261540", "Field5": "247693.1", "Field6": "YES", "Field7": "ACT", "Field8": "NO", "Field9": "11th Ave NW", "Field10": "98107", "Field11": "44", "Field12": "NW Market St", "Field13": "0", "Field14": "NW Market St & 11th Ave NW", "Field15": 2 }, "geometry": null },
{ "type": "Feature", "properties": { "Field1": "29700", "Field2": "Y", "Field3": "SEA", "Field4": "1260066.3999999999", "Field5": "247724.7", "Field6": "YES", "Field7": "ACT", "Field8": "NO", "Field9": "15th Ave NW", "Field10": "98107", "Field11": "44", "Field12": "NW Market St", "Field13": "0", "Field14": "NW Market St & 15th Ave NW", "Field15": 2 }, "geometry": null },
{ "type": "Feature", "properties": { "Field1": "29720", "Field2": "Y", "Field3": "SEA", "Field4": "1258764.1000000001", "Field5": "247753.8", "Field6": "YES", "Field7": "ACT", "Field8": "NO", "Field9": "20th Ave NW", "Field10": "98107", "Field11": "44", "Field12": "NW Market St", "Field13": "0", "Field14": "NW Market St & 20th Ave NW", "Field15": 2 }, "geometry": null },
{ "type": "Feature", "properties": { "Field1": "29865", "Field2": "Y", "Field3": "SEA", "Field4": "1274754.2", "Field5": "244746.3", "Field6": "YES", "Field7": "ACT", "Field8": "NO", "Field9": "Roosevelt Way NE", "Field10": "98105", "Field11": "44", "Field12": "NE 45th St", "Field13": "1", "Field14": "NE 45th St & Roosevelt Way NE", "Field15": 3 }, "geometry": null },
{ "type": "Feature", "properties": { "Field1": "55430", "Field2": "Y", "Field3": "SEA", "Field4": "1285302.3999999999", "Field5": "187466.9", "Field6": "YES", "Field7": "ACT", "Field8": "NO", "Field9": "S Hazel St", "Field10": "98178", "Field11": "107", "Field12": "51st Ave S", "Field13": "0", "Field14": "51st Ave S & S Hazel St", "Field15": 2 }, "geometry": null },
{ "type": "Feature", "properties": { "Field1": "55450", "Field2": "Y", "Field3": "SEA", "Field4": "1285358.6000000001", "Field5": "189279.3", "Field6": "YES", "Field7": "ACT", "Field8": "NO", "Field9": "S Ryan St", "Field10": "98178", "Field11": "107", "Field12": "51st Ave S", "Field13": "0", "Field14": "51st Ave S & S Ryan St", "Field15": 2 }, "geometry": null },
{ "type": "Feature", "properties": { "Field1": "55460", "Field2": "Y", "Field3": "SEA", "Field4": "1285380.8", "Field5": "190245.6", "Field6": "YES", "Field7": "ACT", "Field8": "NO", "Field9": "S Gazelle St", "Field10": "98118", "Field11": "107", "Field12": "51st Ave S", "Field13": "0", "Field14": "51st Ave S & S Gazelle St", "Field15": 2 }, "geometry": null },
{ "type": "Feature", "properties": { "Field1": "55470", "Field2": "Y", "Field3": "SEA", "Field4": "1285395.1000000001", "Field5": "190875", "Field6": "YES", "Field7": "ACT", "Field8": "NO", "Field9": "S Bond St", "Field10": "98118", "Field11": "107", "Field12": "51st Ave S", "Field13": "0", "Field14": "51st Ave S & S Bond St", "Field15": 2 }, "geometry": null },
{ "type": "Feature", "properties": { "Field1": "55472", "Field2": "Y", "Field3": "SEA", "Field4": "1285422.6000000001", "Field5": "192055.5", "Field6": "YES", "Field7": "ACT", "Field8": "NO", "Field9": "Renton Ave S", "Field10": "98118", "Field11": "106 107", "Field12": "51st Ave S", "Field13": "1", "Field14": "51st Ave S & Renton Ave S", "Field15": 3 }, "geometry": null },
{ "type": "Feature", "properties": { "Field1": "55474", "Field2": "Y", "Field3": "SEA", "Field4": "1285438", "Field5": "192613.3", "Field6": "YES", "Field7": "ACT", "Field8": "NO", "Field9": "S Fletcher St", "Field10": "98118", "Field11": "106 107", "Field12": "51st Ave S", "Field13": "0", "Field14": "51st Ave S & S Fletcher St", "Field15": 2 }, "geometry": null },
{ "type": "Feature", "properties": { "Field1": "29889", "Field2": "Y", "Field3": "SEA", "Field4": "1276804.1000000001", "Field5": "244693.2", "Field6": "YES", "Field7": "ACT", "Field8": "NO", "Field9": "Memorial Way", "Field10": "98105", "Field11": "31 32", "Field12": "NE 45th St", "Field13": "0", "Field14": "NE 45th St & Memorial Way", "Field15": 2 }, "geometry": null },
{ "type": "Feature", "properties": { "Field1": "29891", "Field2": "Y", "Field3": "SEA", "Field4": "1277317.6000000001", "Field5": "244682.8", "Field6": "YES", "Field7": "ACT", "Field8": "NO", "Field9": "19th Ave NE", "Field10": "98105", "Field11": "31 32", "Field12": "NE 45th St", "Field13": "0", "Field14": "NE 45th St & 19th Ave NE", "Field15": 2 }, "geometry": null },
{ "type": "Feature", "properties": { "Field1": "31510", "Field2": "Y", "Field3": "SEA", "Field4": "1256076.1000000001", "Field5": "244932", "Field6": "YES", "Field7": "ACT", "Field8": "NO", "Field9": "28th Ave W", "Field10": "98199", "Field11": "33", "Field12": "Gilman Ave W", "Field13": "0", "Field14": "Gilman Ave W & 28th Ave W", "Field15": 2 }, "geometry": null },
{ "type": "Feature", "properties": { "Field1": "31530", "Field2": "Y", "Field3": "SEA", "Field4": "1254851.8999999999", "Field5": "245043.9", "Field6": "YES", "Field7": "ACT", "Field8": "NO", "Field9": "31st Ave W", "Field10": "98199", "Field11": "33", "Field12": "W Government Way", "Field13": "0", "Field14": "W Government Way & 31st Ave W", "Field15": 2 }, "geometry": null },
{ "type": "Feature", "properties": { "Field1": "31547", "Field2": "Y", "Field3": "SEA", "Field4": "1253018", "Field5": "245522.7", "Field6": "YES", "Field7": "ACT", "Field8": "NO", "Field9": "W Government Way", "Field10": "98199", "Field11": "33", "Field12": "Texas Way", "Field13": "0", "Field14": "Texas Way & W Government Way", "Field15": 2 }, "geometry": null },
{ "type": "Feature", "properties": { "Field1": "31550", "Field2": "Y", "Field3": "SEA", "Field4": "1253547.1000000001", "Field5": "244100.5", "Field6": "YES", "Field7": "ACT", "Field8": "NO", "Field9": "36th Ave W", "Field10": "98199", "Field11": "33", "Field12": "W Government Way", "Field13": "0", "Field14": "W Government Way & 36th Ave W", "Field15": 2 }, "geometry": null },
{ "type": "Feature", "properties": { "Field1": "31552", "Field2": "Y", "Field3": "SEA", "Field4": "1253018.6000000001", "Field5": "245548.7", "Field6": "YES", "Field7": "ACT", "Field8": "NO", "Field9": "W Government Way", "Field10": "98199", "Field11": "33", "Field12": "Texas Way", "Field13": "0", "Field14": "Texas Way & W Government Way", "Field15": 2 }, "geometry": null },
{ "type": "Feature", "properties": { "Field1": "56360", "Field2": "Y", "Field3": "SEA", "Field4": "1289517.3999999999", "Field5": "187455.3", "Field6": "YES", "Field7": "ACT", "Field8": "NO", "Field9": "S Hazel St", "Field10": "98178", "Field11": "106", "Field12": "Renton Ave S", "Field13": "0", "Field14": "Renton Ave S & S Hazel St", "Field15": 2 }, "geometry": null },
{ "type": "Feature", "properties": { "Field1": "56370", "Field2": "Y", "Field3": "SEA", "Field4": "1289906.3", "Field5": "186903", "Field6": "YES", "Field7": "ACT", "Field8": "NO", "Field9": "S Fountain St", "Field10": "98178", "Field11": "106", "Field12": "Renton Ave S", "Field13": "0", "Field14": "Renton Ave S & S Fountain St", "Field15": 2 }, "geometry": null },
{ "type": "Feature", "properties": { "Field1": "48245", "Field2": "Y", "Field3": "SEA", "Field4": "1270819", "Field5": "202083.7", "Field6": "YES", "Field7": "ACT", "Field8": "NO", "Field9": "4th Ave S", "Field10": "98108", "Field12": "East Marginal Way S", "Field13": "0", "Field14": "East Marginal Way S & 4th Ave S", "Field15": 2 }, "geometry": null },
{ "type": "Feature", "properties": { "Field1": "31560", "Field2": "Y", "Field3": "SEA", "Field4": "1266693.7", "Field5": "192370.5", "Field6": "YES", "Field7": "ACT", "Field8": "NO", "Field9": "8th Ave SW", "Field10": "98106", "Field11": "113 128 60", "Field12": "SW Roxbury St", "Field13": "0", "Field14": "SW Roxbury St & 8th Ave SW", "Field15": 2 }, "geometry": null },
{ "type": "Feature", "properties": { "Field1": "31580", "Field2": "Y", "Field3": "SEA", "Field4": "1265538", "Field5": "192403.3", "Field6": "YES", "Field7": "ACT", "Field8": "NO", "Field9": "12th Ave SW", "Field10": "98106", "Field11": "113 128 60", "Field12": "SW Roxbury St", "Field13": "0", "Field14": "SW Roxbury St & 12th Ave SW", "Field15": 2 }, "geometry": null },
{ "type": "Feature", "properties": { "Field1": "32442", "Field2": "Y", "Field3": "SEA", "Field4": "1260938.8999999999", "Field5": "212438.3", "Field6": "YES", "Field7": "ACT", "Field8": "NO", "Field9": "30th Ave SW", "Field10": "98126", "Field11": "773", "Field12": "Harbor Ave SW", "Field13": "0", "Field14": "Harbor Ave SW & 30th Ave SW", "Field15": 2 }, "geometry": null },
{ "type": "Feature", "properties": { "Field1": "32443", "Field2": "Y", "Field3": "SEA", "Field4": "1260713.8", "Field5": "214438", "Field6": "YES", "Field7": "ACT", "Field8": "NO", "Field9": "SW Harbor Ln", "Field10": "98126", "Field11": "773", "Field12": "Harbor Ave SW", "Field13": "0", "Field14": "Harbor Ave SW & SW Harbor Ln", "Field15": 2 }, "geometry": null },
{ "type": "Feature", "properties": { "Field1": "35317", "Field2": "Y", "Field3": "SEA", "Field4": "1272284", "Field5": "259937.7", "Field6": "YES", "Field7": "ACT", "Field8": "NO", "Field9": "NE 103rd St", "Field10": "98125", "Field11": "345 348 365 40 61 67 75", "Field12": "1st Ave NE", "Field13": "0", "Field14": "1st Ave NE & NE 103rd St", "Field15": 2 }, "geometry": null },
{ "type": "Feature", "properties": { "Field1": "35318", "Field2": "Y", "Field3": "SEA", "Field4": "1272425.8999999999", "Field5": "259754.2", "Field6": "YES", "Field7": "ACT", "Field8": "NO", "Field9": "NE 103rd St", "Field10": "98125", "Field11": "322 345 348 365 40 61", "Field12": "Northgate Station AcRd", "Field13": "0", "Field14": "Northgate Station AcRd & NE 103rd St", "Field15": 2 }, "geometry": null },
{ "type": "Feature", "properties": { "Field1": "35319", "Field2": "Y", "Field3": "SEA", "Field4": "1272423.1000000001", "Field5": "259472.8", "Field6": "YES", "Field7": "ACT", "Field8": "NO", "Field9": "NE 100th St", "Field10": "98125", "Field11": "303 322", "Field12": "Northgate Station AcRd", "Field13": "0", "Field14": "Northgate Station AcRd & NE 100th St", "Field15": 2 }, "geometry": null },
{ "type": "Feature", "properties": { "Field1": "36860", "Field2": "Y", "Field3": "SEA", "Field4": "1276062.2", "Field5": "244883.5", "Field6": "YES", "Field7": "ACT", "Field8": "NO", "Field9": "NE 45th St", "Field10": "98105", "Field11": "48", "Field12": "15th Ave NE", "Field13": "1", "Field14": "15th Ave NE & NE 45th St", "Field15": 3 }, "geometry": null },
{ "type": "Feature", "properties": { "Field1": "36890", "Field2": "Y", "Field3": "SEA", "Field4": "1276117", "Field5": "246657.3", "Field6": "LTD", "Field7": "ACT", "Field8": "NO", "Field9": "NE 52nd St", "Field10": "98105", "Field11": "45N", "Field12": "15th Ave NE", "Field13": "0", "Field14": "15th Ave NE & NE 52nd St", "Field15": 0 }, "geometry": null },
{ "type": "Feature", "properties": { "Field1": "36910", "Field2": "Y", "Field3": "SEA", "Field4": "1276148.6000000001", "Field5": "248061.3", "Field6": "LTD", "Field7": "ACT", "Field8": "NO", "Field9": "NE Ravenna Blvd", "Field10": "98105", "Field11": "45N", "Field12": "15th Ave NE", "Field13": "0", "Field14": "15th Ave NE & NE Ravenna Blvd", "Field15": 0 }, "geometry": null },
{ "type": "Feature", "properties": { "Field1": "36931", "Field2": "Y", "Field3": "SEA", "Field4": "1275779.5", "Field5": "250016.9", "Field6": "YES", "Field7": "ACT", "Field8": "NO", "Field9": "14th Ave NE", "Field10": "98115", "Field11": "45 62 79", "Field12": "NE 65th St", "Field13": "1", "Field14": "NE 65th St & 14th Ave NE", "Field15": 3 }, "geometry": null },
{ "type": "Feature", "properties": { "Field1": "36940", "Field2": "Y", "Field3": "SEA", "Field4": "1275179.1000000001", "Field5": "250035.9", "Field6": "YES", "Field7": "ACT", "Field8": "NO", "Field9": "12th Ave NE", "Field10": "98115", "Field11": "45 62 79N", "Field12": "NE 65th St", "Field13": "0", "Field14": "NE 65th St & 12th Ave NE", "Field15": 2 }, "geometry": null },
{ "type": "Feature", "properties": { "Field1": "38530", "Field2": "Y", "Field3": "SEA", "Field4": "1278710.5", "Field5": "255620.7", "Field6": "YES", "Field7": "ACT", "Field8": "NO", "Field9": "NE 86th St", "Field10": "98115", "Field11": "372E", "Field12": "Ravenna Ave NE", "Field13": "0", "Field14": "Ravenna Ave NE & NE 86th St", "Field15": 2 }, "geometry": null },
{ "type": "Feature", "properties": { "Field1": "38550", "Field2": "Y", "Field3": "SEA", "Field4": "1277935.6000000001", "Field5": "257249.7", "Field6": "YES", "Field7": "ACT", "Field8": "NO", "Field9": "NE 92nd St", "Field10": "98115", "Field11": "372E", "Field12": "Ravenna Ave NE", "Field13": "0", "Field14": "Ravenna Ave NE & NE 92nd St", "Field15": 2 }, "geometry": null },
{ "type": "Feature", "properties": { "Field1": "38567", "Field2": "Y", "Field3": "SEA", "Field4": "1277385.6000000001", "Field5": "255465.2", "Field6": "YES", "Field7": "ACT", "Field8": "NO", "Field9": "NE 85th St", "Field10": "98115", "Field11": "522E", "Field12": "Lake City Way NE", "Field13": "1", "Field14": "Lake City Way NE & NE 85th St", "Field15": 3 }, "geometry": null },
{ "type": "Feature", "properties": { "Field1": "38570", "Field2": "Y", "Field3": "SEA", "Field4": "1278540.5", "Field5": "259013.5", "Field6": "YES", "Field7": "ACT", "Field8": "NO", "Field9": "NE 98th St", "Field10": "98115", "Field11": "372E", "Field12": "Lake City Way NE", "Field13": "0", "Field14": "Lake City Way NE & NE 98th St", "Field15": 2 }, "geometry": null },
{ "type": "Feature", "properties": { "Field1": "38590", "Field2": "Y", "Field3": "SEA", "Field4": "1278919.8999999999", "Field5": "260618.8", "Field6": "YES", "Field7": "ACT", "Field8": "NO", "Field9": "24th Ave NE", "Field10": "98125", "Field11": "372E", "Field12": "Lake City Way NE", "Field13": "0", "Field14": "Lake City Way NE & 24th Ave NE", "Field15": 2 }, "geometry": null },
{ "type": "Feature", "properties": { "Field1": "55380", "Field2": "Y", "Field3": "SEA", "Field4": "1287740.8", "Field5": "184278.9", "Field6": "YES", "Field7": "ACT", "Field8": "NO", "Field9": "59th Ave S", "Field10": "98178", "Field11": "107", "Field12": "Beacon Ave S", "Field13": "1", "Field14": "Beacon Ave S & 59th Ave S", "Field15": 3 }, "geometry": null },
{ "type": "Feature", "properties": { "Field1": "55395", "Field2": "Y", "Field3": "SEA", "Field4": "1286858", "Field5": "185051.5", "Field6": "YES", "Field7": "ACT", "Field8": "NO", "Field9": "56th Ave S", "Field10": "98178", "Field11": "107", "Field12": "Beacon Ave S", "Field13": "0", "Field14": "Beacon Ave S & 56th Ave S", "Field15": 2 }, "geometry": null },
{ "type": "Feature", "properties": { "Field1": "55400", "Field2": "Y", "Field3": "SEA", "Field4": "1286317.8", "Field5": "185524.1", "Field6": "YES", "Field7": "ACT", "Field8": "NO", "Field9": "S Augusta St", "Field10": "98178", "Field11": "107", "Field12": "Beacon Ave S", "Field13": "0", "Field14": "Beacon Ave S & S Augusta St", "Field15": 2 }, "geometry": null },
{ "type": "Feature", "properties": { "Field1": "55410", "Field2": "Y", "Field3": "SEA", "Field4": "1285552.5", "Field5": "186196.6", "Field6": "YES", "Field7": "ACT", "Field8": "NO", "Field9": "S Avon St", "Field10": "98178", "Field11": "107", "Field12": "Beacon Ave S", "Field13": "0", "Field14": "Beacon Ave S & S Avon St", "Field15": 2 }, "geometry": null },
{ "type": "Feature", "properties": { "Field1": "55420", "Field2": "Y", "Field3": "SEA", "Field4": "1285368.2", "Field5": "186611.5", "Field6": "YES", "Field7": "ACT", "Field8": "NO", "Field9": "S Leo St", "Field10": "98178", "Field11": "107", "Field12": "Beacon Ave S", "Field13": "1", "Field14": "Beacon Ave S & S Leo St", "Field15": 3 }, "geometry": null },
{ "type": "Feature", "properties": { "Field1": "39990", "Field2": "Y", "Field3": "SEA", "Field4": "1262095.6000000001", "Field5": "193892.8", "Field6": "YES", "Field7": "ACT", "Field8": "NO", "Field9": "SW Barton St", "Field10": "98106", "Field11": "125 60", "Field12": "25th Ave SW", "Field13": "1", "Field14": "25th Ave SW & SW Barton St", "Field15": 3 }, "geometry": null },
{ "type": "Feature", "properties": { "Field1": "40010", "Field2": "Y", "Field3": "SEA", "Field4": "1260689", "Field5": "201989.8", "Field6": "YES", "Field7": "ACT", "Field8": "NO", "Field9": "High Point Dr SW", "Field10": "98126", "Field11": "128", "Field12": "Sylvan Way SW", "Field13": "0", "Field14": "Sylvan Way SW & High Point Dr SW", "Field15": 2 }, "geometry": null },
{ "type": "Feature", "properties": { "Field1": "40012", "Field2": "Y", "Field3": "SEA", "Field4": "1260110", "Field5": "202483", "Field6": "YES", "Field7": "ACT", "Field8": "NO", "Field9": "Lanham Pl SW", "Field10": "98126", "Field11": "128", "Field12": "SW Morgan St", "Field13": "0", "Field14": "SW Morgan St & Lanham Pl SW", "Field15": 2 }, "geometry": null },
{ "type": "Feature", "properties": { "Field1": "40016", "Field2": "Y", "Field3": "SEA", "Field4": "1263117.3", "Field5": "208433.3", "Field6": "NO", "Field7": "ACT", "Field8": "NO", "Field9": "22nd Ave SW", "Field10": "98106", "Field11": "125", "Field12": "23rd Ave SW", "Field13": "0", "Field14": "23rd Ave SW & 22nd Ave SW", "Field15": 0 }, "geometry": null },
{ "type": "Feature", "properties": { "Field1": "40018", "Field2": "Y", "Field3": "SEA", "Field4": "1263187.3", "Field5": "208289.7", "Field6": "NO", "Field7": "ACT", "Field8": "NO", "Field9": "23rd Ave SW", "Field10": "98106", "Field11": "125", "Field12": "22nd Ave SW", "Field13": "0", "Field14": "22nd Ave SW & 23rd Ave SW", "Field15": 0 }, "geometry": null },
{ "type": "Feature", "properties": { "Field1": "40020", "Field2": "Y", "Field3": "SEA", "Field4": "1262772.8", "Field5": "209082", "Field6": "YES", "Field7": "ACT", "Field8": "NO", "Field9": "Delridge Way SW", "Field10": "98106", "Field11": "125", "Field12": "SW Oregon St", "Field13": "0", "Field14": "SW Oregon St & Delridge Way SW", "Field15": 2 }, "geometry": null },
{ "type": "Feature", "properties": { "Field1": "56275", "Field2": "Y", "Field3": "SEA", "Field4": "1285608.3", "Field5": "191762", "Field6": "YES", "Field7": "ACT", "Field8": "NO", "Field9": "S Roxbury St", "Field10": "98118", "Field11": "106", "Field12": "Renton Ave S", "Field13": "0", "Field14": "Renton Ave S & S Roxbury St", "Field15": 2 }, "geometry": null },
{ "type": "Feature", "properties": { "Field1": "56280", "Field2": "Y", "Field3": "SEA", "Field4": "1286035", "Field5": "191332.1", "Field6": "YES", "Field7": "ACT", "Field8": "NO", "Field9": "52nd Ave S", "Field10": "98118", "Field11": "106", "Field12": "Renton Ave S", "Field13": "0", "Field14": "Renton Ave S & 52nd Ave S", "Field15": 2 }, "geometry": null },
{ "type": "Feature", "properties": { "Field1": "56290", "Field2": "Y", "Field3": "SEA", "Field4": "1286526.8999999999", "Field5": "190836.1", "Field6": "YES", "Field7": "ACT", "Field8": "NO", "Field9": "54th Ave S", "Field10": "98118", "Field11": "106", "Field12": "Renton Ave S", "Field13": "0", "Field14": "Renton Ave S & 54th Ave S", "Field15": 2 }, "geometry": null },
{ "type": "Feature", "properties": { "Field1": "56300", "Field2": "Y", "Field3": "SEA", "Field4": "1286789.8", "Field5": "190570.9", "Field6": "YES", "Field7": "ACT", "Field8": "NO", "Field9": "55th Ave S", "Field10": "98118", "Field11": "106", "Field12": "Renton Ave S", "Field13": "0", "Field14": "Renton Ave S & 55th Ave S", "Field15": 2 }, "geometry": null },
{ "type": "Feature", "properties": { "Field1": "56310", "Field2": "Y", "Field3": "SEA", "Field4": "1287281.7", "Field5": "190074.4", "Field6": "YES", "Field7": "ACT", "Field8": "NO", "Field9": "57th Ave S", "Field10": "98118", "Field11": "106", "Field12": "Renton Ave S", "Field13": "0", "Field14": "Renton Ave S & 57th Ave S", "Field15": 2 }, "geometry": null },
{ "type": "Feature", "properties": { "Field1": "56320", "Field2": "Y", "Field3": "SEA", "Field4": "1287756", "Field5": "189595.7", "Field6": "YES", "Field7": "ACT", "Field8": "NO", "Field9": "Victor St", "Field10": "98178", "Field11": "106", "Field12": "Renton Ave S", "Field13": "0", "Field14": "Renton Ave S & Victor St", "Field15": 2 }, "geometry": null },
{ "type": "Feature", "properties": { "Field1": "56330", "Field2": "Y", "Field3": "SEA", "Field4": "1288221.3999999999", "Field5": "189125.6", "Field6": "YES", "Field7": "ACT", "Field8": "NO", "Field9": "S Ryan St", "Field10": "98178", "Field11": "106", "Field12": "Renton Ave S", "Field13": "0", "Field14": "Renton Ave S & S Ryan St", "Field15": 2 }, "geometry": null },
{ "type": "Feature", "properties": { "Field1": "56340", "Field2": "Y", "Field3": "SEA", "Field4": "1288708.5", "Field5": "188608.3", "Field6": "YES", "Field7": "ACT", "Field8": "NO", "Field9": "S Prentice St", "Field10": "98178", "Field11": "106", "Field12": "Renton Ave S", "Field13": "0", "Field14": "Renton Ave S & S Prentice St", "Field15": 2 }, "geometry": null },
{ "type": "Feature", "properties": { "Field1": "56350", "Field2": "Y", "Field3": "SEA", "Field4": "1289252.6000000001", "Field5": "187832.5", "Field6": "YES", "Field7": "ACT", "Field8": "NO", "Field9": "S Bangor St", "Field10": "98178", "Field11": "106", "Field12": "Renton Ave S", "Field13": "0", "Field14": "Renton Ave S & S Bangor St", "Field15": 2 }, "geometry": null },
{ "type": "Feature", "properties": { "Field1": "43030", "Field2": "Y", "Field3": "SEA", "Field4": "1269479.5", "Field5": "267437", "Field6": "YES", "Field7": "ACT", "Field8": "NO", "Field9": "Ashworth Ave N", "Field10": "98133", "Field11": "345", "Field12": "N 130th St", "Field13": "0", "Field14": "N 130th St & Ashworth Ave N", "Field15": 2 }, "geometry": null },
{ "type": "Feature", "properties": { "Field1": "43050", "Field2": "Y", "Field3": "SEA", "Field4": "1268486.6000000001", "Field5": "267466.7", "Field6": "YES", "Field7": "ACT", "Field8": "NO", "Field9": "Aurora Ave N", "Field10": "98133", "Field11": "345", "Field12": "N 130th St", "Field13": "1", "Field14": "N 130th St & Aurora Ave N", "Field15": 3 }, "geometry": null },
{ "type": "Feature", "properties": { "Field1": "43060", "Field2": "Y", "Field3": "SEA", "Field4": "1267528.2", "Field5": "267481.40000000002", "Field6": "YES", "Field7": "ACT", "Field8": "NO", "Field9": "Linden Ave N", "Field10": "98133", "Field11": "345", "Field12": "N 130th St", "Field13": "1", "Field14": "N 130th St & Linden Ave N", "Field15": 3 }, "geometry": null },
{ "type": "Feature", "properties": { "Field1": "43070", "Field2": "Y", "Field3": "SEA", "Field4": "1266700.3999999999", "Field5": "267496.5", "Field6": "YES", "Field7": "ACT", "Field8": "NO", "Field9": "Evanston Ave N", "Field10": "98133", "Field11": "345", "Field12": "N 130th St", "Field13": "0", "Field14": "N 130th St & Evanston Ave N", "Field15": 2 }, "geometry": null },
{ "type": "Feature", "properties": { "Field1": "43080", "Field2": "Y", "Field3": "SEA", "Field4": "1265916.3999999999", "Field5": "267518.90000000002", "Field6": "YES", "Field7": "ACT", "Field8": "NO", "Field9": "Greenwood Ave N", "Field10": "98133", "Field11": "345", "Field12": "N 130th St", "Field13": "0", "Field14": "N 130th St & Greenwood Ave N", "Field15": 2 }, "geometry": null },
{ "type": "Feature", "properties": { "Field1": "45460", "Field2": "Y", "Field3": "SEA", "Field4": "1292354.6000000001", "Field5": "185367.2", "Field6": "YES", "Field7": "ACT", "Field8": "NO", "Field9": "S 115th St", "Field10": "98178", "Field11": "107", "Field12": "Cornell Ave S", "Field13": "0", "Field14": "Cornell Ave S & S 115th St", "Field15": 2 }, "geometry": null },
{ "type": "Feature", "properties": { "Field1": "81364", "Field2": "Y", "Field3": "SEA", "Field4": "1273749.3", "Field5": "262020.3", "Field6": "YES", "Field7": "ACT", "Field8": "NO", "Field9": "5th Ave NE", "Field10": "98125", "Field11": "322 348 61 67", "Field12": "NE Northgate Way", "Field13": "0", "Field14": "NE Northgate Way & 5th Ave NE", "Field15": 2 }, "geometry": null },
{ "type": "Feature", "properties": { "Field1": "81367", "Field2": "Y", "Field3": "SEA", "Field4": "1275054.1000000001", "Field5": "261983.2", "Field6": "YES", "Field7": "ACT", "Field8": "NO", "Field9": "Roosevelt Way NE", "Field10": "98125", "Field11": "322 61", "Field12": "NE Northgate Way", "Field13": "1", "Field14": "NE Northgate Way & Roosevelt Way NE", "Field15": 3 }, "geometry": null },
{ "type": "Feature", "properties": { "Field1": "81368", "Field2": "Y", "Field3": "SEA", "Field4": "1274950.8999999999", "Field5": "262186.40000000002", "Field6": "YES", "Field7": "ACT", "Field8": "NO", "Field9": "NE 111th St", "Field10": "98125", "Field11": "348", "Field12": "Roosevelt Way NE", "Field13": "1", "Field14": "Roosevelt Way NE & NE 111th St", "Field15": 3 }, "geometry": null },
{ "type": "Feature", "properties": { "Field1": "43020", "Field2": "Y", "Field3": "SEA", "Field4": "1270953.3999999999", "Field5": "267407.5", "Field6": "YES", "Field7": "ACT", "Field8": "NO", "Field9": "Meridian Ave N", "Field10": "98133", "Field11": "345", "Field12": "N 130th St", "Field13": "0", "Field14": "N 130th St & Meridian Ave N", "Field15": 2 }, "geometry": null },
{ "type": "Feature", "properties": { "Field1": "28350", "Field2": "Y", "Field3": "SEA", "Field4": "1265931.7", "Field5": "241480.6", "Field6": "YES", "Field7": "ACT", "Field8": "NO", "Field9": "Dayton Ave N", "Field10": "98103", "Field11": "40", "Field12": "N 36th St", "Field13": "0", "Field14": "N 36th St & Dayton Ave N", "Field15": 2 }, "geometry": null },
{ "type": "Feature", "properties": { "Field1": "28370", "Field2": "Y", "Field3": "SEA", "Field4": "1264611.3999999999", "Field5": "241950.7", "Field6": "YES", "Field7": "ACT", "Field8": "NO", "Field9": "1st Ave NW", "Field10": "98107", "Field11": "40", "Field12": "NW 36th St", "Field13": "0", "Field14": "NW 36th St & 1st Ave NW", "Field15": 2 }, "geometry": null },
{ "type": "Feature", "properties": { "Field1": "28374", "Field2": "Y", "Field3": "SEA", "Field4": "1266270.1000000001", "Field5": "242305.1", "Field6": "YES", "Field7": "ACT", "Field8": "NO", "Field9": "Evanston Ave N", "Field10": "98103", "Field11": "28E", "Field12": "N 39th St", "Field13": "0", "Field14": "N 39th St & Evanston Ave N", "Field15": 2 }, "geometry": null },
{ "type": "Feature", "properties": { "Field1": "28376", "Field2": "Y", "Field3": "SEA", "Field4": "1265433.3", "Field5": "242324.3", "Field6": "YES", "Field7": "ACT", "Field8": "NO", "Field9": "Phinney Ave N", "Field10": "98103", "Field11": "28E", "Field12": "N 39th St", "Field13": "0", "Field14": "N 39th St & Phinney Ave N", "Field15": 2 }, "geometry": null },
{ "type": "Feature", "properties": { "Field1": "28390", "Field2": "Y", "Field3": "SEA", "Field4": "1263854.8999999999", "Field5": "242839.9", "Field6": "YES", "Field7": "ACT", "Field8": "NO", "Field9": "3rd Ave NW", "Field10": "98107", "Field11": "40", "Field12": "Leary Way NW", "Field13": "0", "Field14": "Leary Way NW & 3rd Ave NW", "Field15": 2 }, "geometry": null },
{ "type": "Feature", "properties": { "Field1": "28410", "Field2": "Y", "Field3": "SEA", "Field4": "1263122", "Field5": "244007.5", "Field6": "YES", "Field7": "ACT", "Field8": "NO", "Field9": "6th Ave NW", "Field10": "98107", "Field11": "28E 40", "Field12": "Leary Way NW", "Field13": "1", "Field14": "Leary Way NW & 6th Ave NW", "Field15": 3 }, "geometry": null },
{ "type": "Feature", "properties": { "Field1": "55340", "Field2": "Y", "Field3": "SEA", "Field4": "1287675.5", "Field5": "186137.7", "Field6": "NO", "Field7": "ACT", "Field8": "NO", "Field9": "59th Ave S", "Field10": "98178", "Field11": "107", "Field12": "S Avon St", "Field13": "0", "Field14": "S Avon St & 59th Ave S", "Field15": 0 }, "geometry": null },
{ "type": "Feature", "properties": { "Field1": "56173", "Field2": "Y", "Field3": "SEA", "Field4": "1283115.6000000001", "Field5": "193859.20000000001", "Field6": "YES", "Field7": "ACT", "Field8": "NO", "Field9": "S Henderson St", "Field10": "98118", "Field11": "599", "Field12": "ST Light Rail", "Field13": "0", "Field14": "ST Light Rail & S Henderson St", "Field15": 2 }, "geometry": null },
{ "type": "Feature", "properties": { "Field1": "56081", "Field2": "Y", "Field3": "SEA", "Field4": "1281188.1000000001", "Field5": "204378.3", "Field6": "YES", "Field7": "ACT", "Field8": "NO", "Field9": "S Orcas St", "Field10": "98118", "Field11": "106", "Field12": "Martin L King Jr Way S", "Field13": "1", "Field14": "Martin L King Jr Way S & S Orcas St", "Field15": 3 }, "geometry": null },
{ "type": "Feature", "properties": { "Field1": "56099", "Field2": "Y", "Field3": "SEA", "Field4": "1281525.6000000001", "Field5": "203307.1", "Field6": "YES", "Field7": "ACT", "Field8": "NO", "Field9": "S Raymond St", "Field10": "98118", "Field11": "106", "Field12": "Martin L King Jr Way S", "Field13": "0", "Field14": "Martin L King Jr Way S & S Raymond St", "Field15": 2 }, "geometry": null },
{ "type": "Feature", "properties": { "Field1": "56111", "Field2": "Y", "Field3": "SEA", "Field4": "1281773.6000000001", "Field5": "202473.1", "Field6": "YES", "Field7": "ACT", "Field8": "NO", "Field9": "S Graham St", "Field10": "98118", "Field11": "106", "Field12": "Martin L King Jr Way S", "Field13": "2", "Field14": "Martin L King Jr Way S & S Graham St", "Field15": 3 }, "geometry": null },
{ "type": "Feature", "properties": { "Field1": "29530", "Field2": "Y", "Field3": "SEA", "Field4": "1269248.2", "Field5": "244885.8", "Field6": "YES", "Field7": "ACT", "Field8": "NO", "Field9": "Woodlawn Ave N", "Field10": "98103", "Field11": "44 62", "Field12": "N 45th St", "Field13": "1", "Field14": "N 45th St & Woodlawn Ave N", "Field15": 3 }, "geometry": null },
{ "type": "Feature", "properties": { "Field1": "29540", "Field2": "Y", "Field3": "SEA", "Field4": "1268528.8", "Field5": "244901.2", "Field6": "YES", "Field7": "ACT", "Field8": "NO", "Field9": "Stone Way N", "Field10": "98103", "Field11": "44", "Field12": "N 45th St", "Field13": "0", "Field14": "N 45th St & Stone Way N", "Field15": 2 }, "geometry": null },
{ "type": "Feature", "properties": { "Field1": "29557", "Field2": "Y", "Field3": "SEA", "Field4": "1267833.5", "Field5": "245180.4", "Field6": "YES", "Field7": "ACT", "Field8": "NO", "Field9": "Green Lake Way N", "Field10": "98103", "Field11": "44", "Field12": "N 46th St", "Field13": "1", "Field14": "N 46th St & Green Lake Way N", "Field15": 3 }, "geometry": null },
{ "type": "Feature", "properties": { "Field1": "31300", "Field2": "Y", "Field3": "SEA", "Field4": "1257600.8", "Field5": "237543.5", "Field6": "NO", "Field7": "ACT", "Field8": "NO", "Field9": "Thorndyke Ave W", "Field10": "98199", "Field11": "31 33", "Field12": "Thorndyke Ave W", "Field13": "0", "Field14": "Thorndyke Ave W & Thorndyke Ave W", "Field15": 0 }, "geometry": null },
{ "type": "Feature", "properties": { "Field1": "31310", "Field2": "Y", "Field3": "SEA", "Field4": "1257419", "Field5": "237245.7", "Field6": "YES", "Field7": "ACT", "Field8": "NO", "Field9": "Thorndyke Pl W", "Field10": "98199", "Field11": "31 33", "Field12": "Thorndyke Ave W", "Field13": "1", "Field14": "Thorndyke Ave W & Thorndyke Pl W", "Field15": 3 }, "geometry": null },
{ "type": "Feature", "properties": { "Field1": "31320", "Field2": "Y", "Field3": "SEA", "Field4": "1257123.7", "Field5": "236690", "Field6": "YES", "Field7": "ACT", "Field8": "NO", "Field9": "W Boston St", "Field10": "98199", "Field11": "31 33", "Field12": "Thorndyke Ave W", "Field13": "0", "Field14": "Thorndyke Ave W & W Boston St", "Field15": 2 }, "geometry": null },
{ "type": "Feature", "properties": { "Field1": "31330", "Field2": "Y", "Field3": "SEA", "Field4": "1256828.8999999999", "Field5": "236135.6", "Field6": "YES", "Field7": "ACT", "Field8": "NO", "Field9": "W Newton St", "Field10": "98199", "Field11": "31 33", "Field12": "Thorndyke Ave W", "Field13": "0", "Field14": "Thorndyke Ave W & W Newton St", "Field15": 2 }, "geometry": null },
{ "type": "Feature", "properties": { "Field1": "31340", "Field2": "Y", "Field3": "SEA", "Field4": "1256346.3999999999", "Field5": "235551.7", "Field6": "YES", "Field7": "ACT", "Field8": "NO", "Field9": "27th Ave W", "Field10": "98199", "Field11": "33", "Field12": "W Blaine St", "Field13": "0", "Field14": "W Blaine St & 27th Ave W", "Field15": 2 }, "geometry": null },
{ "type": "Feature", "properties": { "Field1": "31350", "Field2": "Y", "Field3": "SEA", "Field4": "1256563.3999999999", "Field5": "235647.2", "Field6": "YES", "Field7": "ACT", "Field8": "NO", "Field9": "W Blaine St", "Field10": "98199", "Field11": "31 33", "Field12": "Thorndyke Ave W", "Field13": "0", "Field14": "Thorndyke Ave W & W Blaine St", "Field15": 2 }, "geometry": null },
{ "type": "Feature", "properties": { "Field1": "31360", "Field2": "Y", "Field3": "SEA", "Field4": "1256973.1000000001", "Field5": "236311.9", "Field6": "YES", "Field7": "ACT", "Field8": "NO", "Field9": "W Newton St", "Field10": "98199", "Field11": "31 33", "Field12": "Thorndyke Ave W", "Field13": "0", "Field14": "Thorndyke Ave W & W Newton St", "Field15": 2 }, "geometry": null },
{ "type": "Feature", "properties": { "Field1": "31370", "Field2": "Y", "Field3": "SEA", "Field4": "1257195.7", "Field5": "236729.1", "Field6": "YES", "Field7": "ACT", "Field8": "NO", "Field9": "W Boston St", "Field10": "98199", "Field11": "31 33", "Field12": "Thorndyke Ave W", "Field13": "0", "Field14": "Thorndyke Ave W & W Boston St", "Field15": 2 }, "geometry": null },
{ "type": "Feature", "properties": { "Field1": "31380", "Field2": "Y", "Field3": "SEA", "Field4": "1257378.2", "Field5": "237076.3", "Field6": "YES", "Field7": "ACT", "Field8": "NO", "Field9": "W Lynn St", "Field10": "98199", "Field11": "31 33", "Field12": "Thorndyke Ave W", "Field13": "0", "Field14": "Thorndyke Ave W & W Lynn St", "Field15": 2 }, "geometry": null },
{ "type": "Feature", "properties": { "Field1": "31390", "Field2": "Y", "Field3": "SEA", "Field4": "1257642.3999999999", "Field5": "237621", "Field6": "YES", "Field7": "ACT", "Field8": "NO", "Field9": "23rd Ave W", "Field10": "98119", "Field11": "31 33", "Field12": "Thorndyke Ave W", "Field13": "0", "Field14": "Thorndyke Ave W & 23rd Ave W", "Field15": 2 }, "geometry": null },
{ "type": "Feature", "properties": { "Field1": "32418", "Field2": "Y", "Field3": "SEA", "Field4": "1250462.7", "Field5": "212809.60000000001", "Field6": "YES", "Field7": "ACT", "Field8": "NO", "Field9": "SW Spokane St", "Field10": "98116", "Field12": "Beach Dr SW", "Field13": "0", "Field14": "Beach Dr SW & SW Spokane St", "Field15": 2 }, "geometry": null },
{ "type": "Feature", "properties": { "Field1": "32419", "Field2": "Y", "Field3": "SEA", "Field4": "1250426", "Field5": "213526.3", "Field6": "YES", "Field7": "ACT", "Field8": "NO", "Field9": "SW Hinds St", "Field10": "98116", "Field12": "63rd Ave SW", "Field13": "0", "Field14": "63rd Ave SW & SW Hinds St", "Field15": 2 }, "geometry": null },
{ "type": "Feature", "properties": { "Field1": "32420", "Field2": "Y", "Field3": "SEA", "Field4": "1251865.8999999999", "Field5": "215606", "Field6": "YES", "Field7": "ACT", "Field8": "NO", "Field9": "59th Ave SW", "Field10": "98116", "Field11": "775", "Field12": "Alki Ave SW", "Field13": "0", "Field14": "Alki Ave SW & 59th Ave SW", "Field15": 2 }, "geometry": null },
{ "type": "Feature", "properties": { "Field1": "32421", "Field2": "Y", "Field3": "SEA", "Field4": "1252550.6000000001", "Field5": "216025.2", "Field6": "YES", "Field7": "ACT", "Field8": "NO", "Field9": "57th Ave SW", "Field10": "98116", "Field11": "775", "Field12": "Alki Ave SW", "Field13": "0", "Field14": "Alki Ave SW & 57th Ave SW", "Field15": 2 }, "geometry": null },
{ "type": "Feature", "properties": { "Field1": "32423", "Field2": "Y", "Field3": "SEA", "Field4": "1253598.3", "Field5": "216862.5", "Field6": "YES", "Field7": "ACT", "Field8": "NO", "Field9": "53rd Ave SW", "Field10": "98116", "Field11": "775", "Field12": "Alki Ave SW", "Field13": "0", "Field14": "Alki Ave SW & 53rd Ave SW", "Field15": 2 }, "geometry": null },
{ "type": "Feature", "properties": { "Field1": "32425", "Field2": "Y", "Field3": "SEA", "Field4": "1254299.1000000001", "Field5": "217721.3", "Field6": "YES", "Field7": "ACT", "Field8": "NO", "Field9": "Bonair Dr SW", "Field10": "98116", "Field11": "775", "Field12": "Alki Ave SW", "Field13": "0", "Field14": "Alki Ave SW & Bonair Dr SW", "Field15": 2 }, "geometry": null },
{ "type": "Feature", "properties": { "Field1": "32426", "Field2": "Y", "Field3": "SEA", "Field4": "1254857.8", "Field5": "218410.8", "Field6": "YES", "Field7": "ACT", "Field8": "NO", "Field9": "Bonair Dr SW", "Field10": "98116", "Field11": "775", "Field12": "Alki Ave SW", "Field13": "0", "Field14": "Alki Ave SW & Bonair Dr SW", "Field15": 2 }, "geometry": null },
{ "type": "Feature", "properties": { "Field1": "32427", "Field2": "Y", "Field3": "SEA", "Field4": "1255195.8", "Field5": "218818.8", "Field6": "YES", "Field7": "ACT", "Field8": "NO", "Field9": "Bonair Dr SW", "Field10": "98116", "Field11": "775", "Field12": "Alki Ave SW", "Field13": "0", "Field14": "Alki Ave SW & Bonair Dr SW", "Field15": 2 }, "geometry": null },
{ "type": "Feature", "properties": { "Field1": "32428", "Field2": "Y", "Field3": "SEA", "Field4": "1255670.3999999999", "Field5": "219422.5", "Field6": "YES", "Field7": "ACT", "Field8": "NO", "Field9": "Bonair Dr SW", "Field10": "98116", "Field11": "775", "Field12": "Alki Ave SW", "Field13": "0", "Field14": "Alki Ave SW & Bonair Dr SW", "Field15": 2 }, "geometry": null },
{ "type": "Feature", "properties": { "Field1": "32429", "Field2": "Y", "Field3": "SEA", "Field4": "1256014.7", "Field5": "220005.4", "Field6": "YES", "Field7": "ACT", "Field8": "NO", "Field9": "SW California Pl", "Field10": "98116", "Field11": "775", "Field12": "Alki Ave SW", "Field13": "0", "Field14": "Alki Ave SW & SW California Pl", "Field15": 2 }, "geometry": null },
{ "type": "Feature", "properties": { "Field1": "35140", "Field2": "Y", "Field3": "SEA", "Field4": "1286252.7", "Field5": "199803.8", "Field6": "YES", "Field7": "ACT", "Field8": "NO", "Field9": "S Myrtle St", "Field10": "98118", "Field11": "50", "Field12": "Seward Park Ave S", "Field13": "0", "Field14": "Seward Park Ave S & S Myrtle St", "Field15": 2 }, "geometry": null },
{ "type": "Feature", "properties": { "Field1": "35149", "Field2": "Y", "Field3": "SEA", "Field4": "1286235", "Field5": "199222.9", "Field6": "YES", "Field7": "ACT", "Field8": "NO", "Field9": "S Othello St", "Field10": "98118", "Field11": "50 987EN", "Field12": "Seward Park Ave S", "Field13": "0", "Field14": "Seward Park Ave S & S Othello St", "Field15": 2 }, "geometry": null },
{ "type": "Feature", "properties": { "Field1": "35230", "Field2": "Y", "Field3": "SEA", "Field4": "1280458.2", "Field5": "265792.09999999998", "Field6": "YES", "Field7": "ACT", "Field8": "NO", "Field9": "Lake City Way NE", "Field10": "98125", "Field11": "65 75", "Field12": "NE 125th St", "Field13": "1", "Field14": "NE 125th St & Lake City Way NE", "Field15": 3 }, "geometry": null },
{ "type": "Feature", "properties": { "Field1": "35231", "Field2": "Y", "Field3": "SEA", "Field4": "1279848.2", "Field5": "265808.40000000002", "Field6": "YES", "Field7": "ACT", "Field8": "NO", "Field9": "28th Ave NE", "Field10": "98125", "Field11": "75", "Field12": "NE 125th St", "Field13": "1", "Field14": "NE 125th St & 28th Ave NE", "Field15": 3 }, "geometry": null },
{ "type": "Feature", "properties": { "Field1": "36700", "Field2": "Y", "Field3": "SEA", "Field4": "1279409", "Field5": "208101.7", "Field6": "YES", "Field7": "ACT", "Field8": "NO", "Field9": "S Alaska Pl", "Field10": "98108", "Field11": "50", "Field12": "S Alaska St", "Field13": "0", "Field14": "S Alaska St & S Alaska Pl", "Field15": 2 }, "geometry": null },
{ "type": "Feature", "properties": { "Field1": "36711", "Field2": "Y", "Field3": "SEA", "Field4": "1280238.1000000001", "Field5": "207976.2", "Field6": "YES", "Field7": "ACT", "Field8": "NO", "Field9": "31st Ave S", "Field10": "98108", "Field11": "50", "Field12": "S Alaska St", "Field13": "1", "Field14": "S Alaska St & 31st Ave S", "Field15": 3 }, "geometry": null },
{ "type": "Feature", "properties": { "Field1": "36720", "Field2": "Y", "Field3": "SEA", "Field4": "1281027.7", "Field5": "207934.8", "Field6": "YES", "Field7": "ACT", "Field8": "NO", "Field9": "35th Ave S", "Field10": "98118", "Field11": "50", "Field12": "S Alaska St", "Field13": "1", "Field14": "S Alaska St & 35th Ave S", "Field15": 3 }, "geometry": null },
{ "type": "Feature", "properties": { "Field1": "36730", "Field2": "Y", "Field3": "SEA", "Field4": "1277766.8999999999", "Field5": "217123.8", "Field6": "YES", "Field7": "ACT", "Field8": "NO", "Field9": "S Plum St", "Field10": "98144", "Field11": "48", "Field12": "23rd Ave S", "Field13": "0", "Field14": "23rd Ave S & S Plum St", "Field15": 2 }, "geometry": null },
{ "type": "Feature", "properties": { "Field1": "36750", "Field2": "Y", "Field3": "SEA", "Field4": "1277872.1000000001", "Field5": "218167", "Field6": "YES", "Field7": "ACT", "Field8": "NO", "Field9": "S Massachusetts St", "Field10": "98144", "Field11": "48", "Field12": "23rd Ave S", "Field13": "1", "Field14": "23rd Ave S & S Massachusetts St", "Field15": 3 }, "geometry": null },
{ "type": "Feature", "properties": { "Field1": "51960", "Field2": "Y", "Field3": "SEA", "Field4": "1266518.6000000001", "Field5": "194964", "Field6": "YES", "Field7": "ACT", "Field8": "NO", "Field9": "SW Trenton St", "Field10": "98106", "Field11": "131", "Field12": "9th Ave SW", "Field13": "0", "Field14": "9th Ave SW & SW Trenton St", "Field15": 2 }, "geometry": null },
{ "type": "Feature", "properties": { "Field1": "51970", "Field2": "Y", "Field3": "SEA", "Field4": "1266510.7", "Field5": "194482.1", "Field6": "YES", "Field7": "ACT", "Field8": "NO", "Field9": "SW Henderson St", "Field10": "98106", "Field11": "131", "Field12": "9th Ave SW", "Field13": "0", "Field14": "9th Ave SW & SW Henderson St", "Field15": 2 }, "geometry": null },
{ "type": "Feature", "properties": { "Field1": "36752", "Field2": "Y", "Field3": "SEA", "Field4": "1278934.6000000001", "Field5": "216410.8", "Field6": "YES", "Field7": "ACT", "Field8": "NO", "Field9": "S Walker St", "Field10": "98144", "Field11": "8", "Field12": "Martin L King Jr Way S", "Field13": "1", "Field14": "Martin L King Jr Way S & S Walker St", "Field15": 3 }, "geometry": null },
{ "type": "Feature", "properties": { "Field1": "38260", "Field2": "Y", "Field3": "SEA", "Field4": "1278714.1000000001", "Field5": "255606.1", "Field6": "YES", "Field7": "ACT", "Field8": "NO", "Field9": "NE 86th St", "Field10": "98115", "Field11": "372E", "Field12": "Ravenna Ave NE", "Field13": "1", "Field14": "Ravenna Ave NE & NE 86th St", "Field15": 3 }, "geometry": null },
{ "type": "Feature", "properties": { "Field1": "51972", "Field2": "Y", "Field3": "SEA", "Field4": "1266802.8999999999", "Field5": "193066.4", "Field6": "YES", "Field7": "ACT", "Field8": "NO", "Field9": "SW Cambridge St", "Field10": "98106", "Field11": "131", "Field12": "8th Ave SW", "Field13": "0", "Field14": "8th Ave SW & SW Cambridge St", "Field15": 2 }, "geometry": null },
{ "type": "Feature", "properties": { "Field1": "38350", "Field2": "Y", "Field3": "SEA", "Field4": "1276218.8", "Field5": "252530.1", "Field6": "YES", "Field7": "ACT", "Field8": "NO", "Field9": "NE 75th St", "Field10": "98115", "Field11": "79", "Field12": "15th Ave NE", "Field13": "1", "Field14": "15th Ave NE & NE 75th St", "Field15": 3 }, "geometry": null },
{ "type": "Feature", "properties": { "Field1": "39830", "Field2": "Y", "Field3": "SEA", "Field4": "1256576.7", "Field5": "199251", "Field6": "YES", "Field7": "ACT", "Field8": "NO", "Field9": "SW Webster St", "Field10": "98136", "Field11": "22", "Field12": "California Ave SW", "Field13": "0", "Field14": "California Ave SW & SW Webster St", "Field15": 2 }, "geometry": null },
{ "type": "Feature", "properties": { "Field1": "39840", "Field2": "Y", "Field3": "SEA", "Field4": "1256679.2", "Field5": "198796.1", "Field6": "YES", "Field7": "ACT", "Field8": "NO", "Field9": "California Ave SW", "Field10": "98136", "Field11": "22", "Field12": "SW Ida St", "Field13": "0", "Field14": "SW Ida St & California Ave SW", "Field15": 2 }, "geometry": null },
{ "type": "Feature", "properties": { "Field1": "39850", "Field2": "Y", "Field3": "SEA", "Field4": "1257185.6000000001", "Field5": "198782.2", "Field6": "YES", "Field7": "ACT", "Field8": "NO", "Field9": "41st Ave SW", "Field10": "98136", "Field11": "22", "Field12": "SW Ida St", "Field13": "0", "Field14": "SW Ida St & 41st Ave SW", "Field15": 2 }, "geometry": null },
{ "type": "Feature", "properties": { "Field1": "39860", "Field2": "Y", "Field3": "SEA", "Field4": "1257209.1000000001", "Field5": "198163", "Field6": "YES", "Field7": "ACT", "Field8": "NO", "Field9": "SW Portland St", "Field10": "98136", "Field11": "22", "Field12": "41st Ave SW", "Field13": "0", "Field14": "41st Ave SW & SW Portland St", "Field15": 2 }, "geometry": null },
{ "type": "Feature", "properties": { "Field1": "39870", "Field2": "Y", "Field3": "SEA", "Field4": "1257196.2", "Field5": "197668.2", "Field6": "YES", "Field7": "ACT", "Field8": "NO", "Field9": "SW Monroe St", "Field10": "98136", "Field11": "22", "Field12": "41st Ave SW", "Field13": "0", "Field14": "41st Ave SW & SW Monroe St", "Field15": 2 }, "geometry": null },
{ "type": "Feature", "properties": { "Field1": "39880", "Field2": "Y", "Field3": "SEA", "Field4": "1257181.6000000001", "Field5": "197086.7", "Field6": "YES", "Field7": "ACT", "Field8": "NO", "Field9": "SW Southern St", "Field10": "98136", "Field11": "22", "Field12": "41st Ave SW", "Field13": "0", "Field14": "41st Ave SW & SW Southern St", "Field15": 2 }, "geometry": null },
{ "type": "Feature", "properties": { "Field1": "39890", "Field2": "Y", "Field3": "SEA", "Field4": "1257269.8", "Field5": "196629.7", "Field6": "YES", "Field7": "ACT", "Field8": "NO", "Field9": "41st Ave SW", "Field10": "98136", "Field11": "22", "Field12": "SW Thistle St", "Field13": "0", "Field14": "SW Thistle St & 41st Ave SW", "Field15": 2 }, "geometry": null },
{ "type": "Feature", "properties": { "Field1": "39900", "Field2": "Y", "Field3": "SEA", "Field4": "1257804.8", "Field5": "196600", "Field6": "YES", "Field7": "ACT", "Field8": "NO", "Field9": "39th Ave SW", "Field10": "98136", "Field11": "22", "Field12": "SW Thistle St", "Field13": "0", "Field14": "SW Thistle St & 39th Ave SW", "Field15": 2 }, "geometry": null },
{ "type": "Feature", "properties": { "Field1": "55170", "Field2": "Y", "Field3": "SEA", "Field4": "1288193.2", "Field5": "189153.9", "Field6": "YES", "Field7": "ACT", "Field8": "NO", "Field9": "S Ryan St", "Field10": "98178", "Field11": "106", "Field12": "Renton Ave S", "Field13": "0", "Field14": "Renton Ave S & S Ryan St", "Field15": 2 }, "geometry": null },
{ "type": "Feature", "properties": { "Field1": "55180", "Field2": "Y", "Field3": "SEA", "Field4": "1287763.2", "Field5": "189588.5", "Field6": "YES", "Field7": "ACT", "Field8": "NO", "Field9": "S Victor St", "Field10": "98178", "Field11": "106", "Field12": "Renton Ave S", "Field13": "0", "Field14": "Renton Ave S & S Victor St", "Field15": 2 }, "geometry": null },
{ "type": "Feature", "properties": { "Field1": "55190", "Field2": "Y", "Field3": "SEA", "Field4": "1287264.1000000001", "Field5": "190092.2", "Field6": "YES", "Field7": "ACT", "Field8": "NO", "Field9": "57th Ave S", "Field10": "98118", "Field11": "106", "Field12": "Renton Ave S", "Field13": "0", "Field14": "Renton Ave S & 57th Ave S", "Field15": 2 }, "geometry": null },
{ "type": "Feature", "properties": { "Field1": "55200", "Field2": "Y", "Field3": "SEA", "Field4": "1286868.8999999999", "Field5": "190490.8", "Field6": "YES", "Field7": "ACT", "Field8": "NO", "Field9": "S Norfolk St", "Field10": "98118", "Field11": "106", "Field12": "Renton Ave S", "Field13": "0", "Field14": "Renton Ave S & S Norfolk St", "Field15": 2 }, "geometry": null },
{ "type": "Feature", "properties": { "Field1": "39910", "Field2": "Y", "Field3": "SEA", "Field4": "1258463.7", "Field5": "196564.2", "Field6": "YES", "Field7": "ACT", "Field8": "NO", "Field9": "37th Ave SW", "Field10": "98126", "Field11": "22", "Field12": "SW Thistle St", "Field13": "0", "Field14": "SW Thistle St & 37th Ave SW", "Field15": 2 }, "geometry": null },
{ "type": "Feature", "properties": { "Field1": "39920", "Field2": "Y", "Field3": "SEA", "Field4": "1259040.7", "Field5": "196532.3", "Field6": "YES", "Field7": "ACT", "Field8": "NO", "Field9": "35th Ave SW", "Field10": "98126", "Field11": "22", "Field12": "SW Thistle St", "Field13": "0", "Field14": "SW Thistle St & 35th Ave SW", "Field15": 2 }, "geometry": null },
{ "type": "Feature", "properties": { "Field1": "28415", "Field2": "Y", "Field3": "SEA", "Field4": "1262584", "Field5": "244865.8", "Field6": "YES", "Field7": "ACT", "Field8": "NO", "Field9": "8th Ave NW", "Field10": "98107", "Field11": "40", "Field12": "Leary Way NW", "Field13": "0", "Field14": "Leary Way NW & 8th Ave NW", "Field15": 2 }, "geometry": null },
{ "type": "Feature", "properties": { "Field1": "28416", "Field2": "Y", "Field3": "SEA", "Field4": "1261477.7", "Field5": "245868.3", "Field6": "YES", "Field7": "ACT", "Field8": "NO", "Field9": "11th Ave NW", "Field10": "98107", "Field11": "40", "Field12": "NW Leary Way", "Field13": "1", "Field14": "NW Leary Way & 11th Ave NW", "Field15": 3 }, "geometry": null },
{ "type": "Feature", "properties": { "Field1": "28425", "Field2": "Y", "Field3": "SEA", "Field4": "1262712.3999999999", "Field5": "245129.3", "Field6": "YES", "Field7": "ACT", "Field8": "NO", "Field9": "NW 45th St", "Field10": "98107", "Field11": "28E", "Field12": "8th Ave NW", "Field13": "0", "Field14": "8th Ave NW & NW 45th St", "Field15": 2 }, "geometry": null },
{ "type": "Feature", "properties": { "Field1": "28285", "Field2": "Y", "Field3": "SEA", "Field4": "1265362.2", "Field5": "242325.7", "Field6": "YES", "Field7": "ACT", "Field8": "NO", "Field9": "Greenwood Ave N", "Field10": "98103", "Field11": "28E", "Field12": "N 39th St", "Field13": "0", "Field14": "N 39th St & Greenwood Ave N", "Field15": 2 }, "geometry": null },
{ "type": "Feature", "properties": { "Field1": "28287", "Field2": "Y", "Field3": "SEA", "Field4": "1265985.1000000001", "Field5": "242311.8", "Field6": "YES", "Field7": "ACT", "Field8": "NO", "Field9": "Dayton Ave N", "Field10": "98103", "Field11": "28E", "Field12": "N 39th St", "Field13": "0", "Field14": "N 39th St & Dayton Ave N", "Field15": 2 }, "geometry": null },
{ "type": "Feature", "properties": { "Field1": "28300", "Field2": "Y", "Field3": "SEA", "Field4": "1264808.3999999999", "Field5": "241880.7", "Field6": "YES", "Field7": "ACT", "Field8": "NO", "Field9": "1st Ave NW", "Field10": "98107", "Field11": "40", "Field12": "N 36th St", "Field13": "1", "Field14": "N 36th St & 1st Ave NW", "Field15": 3 }, "geometry": null },
{ "type": "Feature", "properties": { "Field1": "28310", "Field2": "Y", "Field3": "SEA", "Field4": "1265642.2", "Field5": "241583.8", "Field6": "YES", "Field7": "ACT", "Field8": "NO", "Field9": "Phinney Ave N", "Field10": "98103", "Field11": "40", "Field12": "N 36th St", "Field13": "1", "Field14": "N 36th St & Phinney Ave N", "Field15": 3 }, "geometry": null },
{ "type": "Feature", "properties": { "Field1": "55210", "Field2": "Y", "Field3": "SEA", "Field4": "1286457.2", "Field5": "190906.6", "Field6": "YES", "Field7": "ACT", "Field8": "NO", "Field9": "54th Ave S", "Field10": "98118", "Field11": "106", "Field12": "Renton Ave S", "Field13": "0", "Field14": "Renton Ave S & 54th Ave S", "Field15": 2 }, "geometry": null },
{ "type": "Feature", "properties": { "Field1": "55220", "Field2": "Y", "Field3": "SEA", "Field4": "1286010.3", "Field5": "191356.9", "Field6": "YES", "Field7": "ACT", "Field8": "NO", "Field9": "52nd Ave S", "Field10": "98118", "Field11": "106", "Field12": "Renton Ave S", "Field13": "0", "Field14": "Renton Ave S & 52nd Ave S", "Field15": 2 }, "geometry": null },
{ "type": "Feature", "properties": { "Field1": "55226", "Field2": "Y", "Field3": "SEA", "Field4": "1285436.3", "Field5": "192553.3", "Field6": "YES", "Field7": "ACT", "Field8": "NO", "Field9": "S Fletcher St", "Field10": "98118", "Field11": "106 107", "Field12": "51st Ave S", "Field13": "0", "Field14": "51st Ave S & S Fletcher St", "Field15": 2 }, "geometry": null },
{ "type": "Feature", "properties": { "Field1": "55228", "Field2": "Y", "Field3": "SEA", "Field4": "1285415.5", "Field5": "191786.1", "Field6": "YES", "Field7": "ACT", "Field8": "NO", "Field9": "S Roxbury St", "Field10": "98118", "Field11": "107", "Field12": "51st Ave S", "Field13": "0", "Field14": "51st Ave S & S Roxbury St", "Field15": 2 }, "geometry": null },
{ "type": "Feature", "properties": { "Field1": "55230", "Field2": "Y", "Field3": "SEA", "Field4": "1285394.6000000001", "Field5": "190835.1", "Field6": "YES", "Field7": "ACT", "Field8": "NO", "Field9": "S Bond St", "Field10": "98118", "Field11": "107", "Field12": "51st Ave S", "Field13": "0", "Field14": "51st Ave S & S Bond St", "Field15": 2 }, "geometry": null },
{ "type": "Feature", "properties": { "Field1": "55240", "Field2": "Y", "Field3": "SEA", "Field4": "1285378.8", "Field5": "190162.8", "Field6": "YES", "Field7": "ACT", "Field8": "NO", "Field9": "S Gazelle St", "Field10": "98118", "Field11": "107", "Field12": "51st Ave S", "Field13": "0", "Field14": "51st Ave S & S Gazelle St", "Field15": 2 }, "geometry": null },
{ "type": "Feature", "properties": { "Field1": "55250", "Field2": "Y", "Field3": "SEA", "Field4": "1285357.6000000001", "Field5": "189234.1", "Field6": "YES", "Field7": "ACT", "Field8": "NO", "Field9": "S Ryan St", "Field10": "98178", "Field11": "107", "Field12": "51st Ave S", "Field13": "0", "Field14": "51st Ave S & S Ryan St", "Field15": 2 }, "geometry": null },
{ "type": "Feature", "properties": { "Field1": "56130", "Field2": "Y", "Field3": "SEA", "Field4": "1282176.5", "Field5": "201163.5", "Field6": "YES", "Field7": "ACT", "Field8": "NO", "Field9": "S Holly St", "Field10": "98118", "Field11": "106", "Field12": "Martin L King Jr Way S", "Field13": "0", "Field14": "Martin L King Jr Way S & S Holly St", "Field15": 2 }, "geometry": null },
{ "type": "Feature", "properties": { "Field1": "28450", "Field2": "Y", "Field3": "SEA", "Field4": "1262736.3", "Field5": "246406.7", "Field6": "YES", "Field7": "ACT", "Field8": "NO", "Field9": "NW 50th St", "Field10": "98107", "Field11": "28E", "Field12": "8th Ave NW", "Field13": "0", "Field14": "8th Ave NW & NW 50th St", "Field15": 2 }, "geometry": null },
{ "type": "Feature", "properties": { "Field1": "28470", "Field2": "Y", "Field3": "SEA", "Field4": "1262765.3999999999", "Field5": "247766.7", "Field6": "YES", "Field7": "ACT", "Field8": "NO", "Field9": "NW Market St", "Field10": "98107", "Field11": "28E", "Field12": "8th Ave NW", "Field13": "1", "Field14": "8th Ave NW & NW Market St", "Field15": 3 }, "geometry": null },
{ "type": "Feature", "properties": { "Field1": "28490", "Field2": "Y", "Field3": "SEA", "Field4": "1262796.3", "Field5": "249083", "Field6": "YES", "Field7": "ACT", "Field8": "NO", "Field9": "NW 60th St", "Field10": "98107", "Field11": "28E", "Field12": "8th Ave NW", "Field13": "0", "Field14": "8th Ave NW & NW 60th St", "Field15": 2 }, "geometry": null },
{ "type": "Feature", "properties": { "Field1": "28510", "Field2": "Y", "Field3": "SEA", "Field4": "1262874.1000000001", "Field5": "250458.1", "Field6": "YES", "Field7": "ACT", "Field8": "NO", "Field9": "NW 65th St", "Field10": "98117", "Field11": "28E", "Field12": "8th Ave NW", "Field13": "1", "Field14": "8th Ave NW & NW 65th St", "Field15": 3 }, "geometry": null },
{ "type": "Feature", "properties": { "Field1": "29581", "Field2": "Y", "Field3": "SEA", "Field4": "1266943.8999999999", "Field5": "245206.3", "Field6": "YES", "Field7": "ACT", "Field8": "NO", "Field9": "Linden Ave N", "Field10": "98103", "Field11": "44", "Field12": "N 46th St", "Field13": "1", "Field14": "N 46th St & Linden Ave N", "Field15": 3 }, "geometry": null },
{ "type": "Feature", "properties": { "Field1": "29582", "Field2": "Y", "Field3": "SEA", "Field4": "1267330.2", "Field5": "245164.6", "Field6": "UNK", "Field7": "ACT", "Field8": "NO", "Field9": "Aurora Ave N", "Field10": "98103", "Field11": "44", "Field12": "N 46th St", "Field13": "1", "Field14": "N 46th St & Aurora Ave N", "Field15": 1 }, "geometry": null },
{ "type": "Feature", "properties": { "Field1": "29600", "Field2": "Y", "Field3": "SEA", "Field4": "1265637.7", "Field5": "245232.7", "Field6": "YES", "Field7": "ACT", "Field8": "NO", "Field9": "Phinney Ave N", "Field10": "98103", "Field11": "44", "Field12": "N 46th St", "Field13": "1", "Field14": "N 46th St & Phinney Ave N", "Field15": 3 }, "geometry": null },
{ "type": "Feature", "properties": { "Field1": "29431", "Field2": "Y", "Field3": "SEA", "Field4": "1275810.8", "Field5": "241598.7", "Field6": "YES", "Field7": "ACT", "Field8": "NO", "Field9": "NE Pacific St", "Field10": "98105", "Field11": "79", "Field12": "15th Ave NE", "Field13": "0", "Field14": "15th Ave NE & NE Pacific St", "Field15": 2 }, "geometry": null },
{ "type": "Feature", "properties": { "Field1": "29440", "Field2": "Y", "Field3": "SEA", "Field4": "1276001.5", "Field5": "242753.5", "Field6": "YES", "Field7": "ACT", "Field8": "NO", "Field9": "NE Campus Pkwy", "Field10": "98195", "Field11": "271 372E 44 48 542E 556E", "Field12": "15th Ave NE", "Field13": "3", "Field14": "15th Ave NE & NE Campus Pkwy", "Field15": 3 }, "geometry": null },
{ "type": "Feature", "properties": { "Field1": "29455", "Field2": "Y", "Field3": "SEA", "Field4": "1274526.7", "Field5": "244752.8", "Field6": "YES", "Field7": "ACT", "Field8": "NO", "Field9": "9th Ave NE", "Field10": "98105", "Field11": "44", "Field12": "NE 45th St", "Field13": "1", "Field14": "NE 45th St & 9th Ave NE", "Field15": 3 }, "geometry": null },
{ "type": "Feature", "properties": { "Field1": "29480", "Field2": "Y", "Field3": "SEA", "Field4": "1272759.3", "Field5": "244802.8", "Field6": "YES", "Field7": "ACT", "Field8": "NO", "Field9": "Latona Ave NE", "Field10": "98105", "Field11": "44", "Field12": "NE 45th St", "Field13": "1", "Field14": "NE 45th St & Latona Ave NE", "Field15": 3 }, "geometry": null },
{ "type": "Feature", "properties": { "Field1": "56151", "Field2": "Y", "Field3": "SEA", "Field4": "1282596.1000000001", "Field5": "199829.9", "Field6": "YES", "Field7": "ACT", "Field8": "NO", "Field9": "S Myrtle St", "Field10": "98118", "Field11": "106 36", "Field12": "Martin L King Jr Way S", "Field13": "1", "Field14": "Martin L King Jr Way S & S Myrtle St", "Field15": 3 }, "geometry": null },
{ "type": "Feature", "properties": { "Field1": "56159", "Field2": "Y", "Field3": "SEA", "Field4": "1282754.3999999999", "Field5": "199449.9", "Field6": "YES", "Field7": "ACT", "Field8": "NO", "Field9": "S Othello St", "Field10": "98118", "Field11": "599", "Field12": "ST Light Rail", "Field13": "0", "Field14": "ST Light Rail & S Othello St", "Field15": 2 }, "geometry": null },
{ "type": "Feature", "properties": { "Field1": "56161", "Field2": "Y", "Field3": "SEA", "Field4": "1282794.8999999999", "Field5": "199191.8", "Field6": "YES", "Field7": "ACT", "Field8": "NO", "Field9": "S Othello St", "Field10": "98118", "Field11": "106", "Field12": "Martin L King Jr Way S", "Field13": "1", "Field14": "Martin L King Jr Way S & S Othello St", "Field15": 3 }, "geometry": null },
{ "type": "Feature", "properties": { "Field1": "56162", "Field2": "Y", "Field3": "SEA", "Field4": "1282856.8999999999", "Field5": "198558.9", "Field6": "YES", "Field7": "ACT", "Field8": "NO", "Field9": "S Webster St", "Field10": "98118", "Field11": "106", "Field12": "Martin L King Jr Way S", "Field13": "0", "Field14": "Martin L King Jr Way S & S Webster St", "Field15": 2 }, "geometry": null },
{ "type": "Feature", "properties": { "Field1": "56164", "Field2": "Y", "Field3": "SEA", "Field4": "1282855.6000000001", "Field5": "197159.9", "Field6": "YES", "Field7": "ACT", "Field8": "NO", "Field9": "S Kenyon St", "Field10": "98118", "Field11": "106", "Field12": "Martin L King Jr Way S", "Field13": "0", "Field14": "Martin L King Jr Way S & S Kenyon St", "Field15": 2 }, "geometry": null },
{ "type": "Feature", "properties": { "Field1": "56165", "Field2": "Y", "Field3": "SEA", "Field4": "1283023.3999999999", "Field5": "195783.9", "Field6": "YES", "Field7": "ACT", "Field8": "NO", "Field9": "S Thistle St", "Field10": "98118", "Field11": "106", "Field12": "Martin L King Jr Way S", "Field13": "0", "Field14": "Martin L King Jr Way S & S Thistle St", "Field15": 2 }, "geometry": null },
{ "type": "Feature", "properties": { "Field1": "29620", "Field2": "Y", "Field3": "SEA", "Field4": "1264738.1000000001", "Field5": "245781.8", "Field6": "YES", "Field7": "ACT", "Field8": "NO", "Field9": "NW 48th St", "Field10": "98107", "Field11": "44", "Field12": "NW Market St", "Field13": "0", "Field14": "NW Market St & NW 48th St", "Field15": 2 }, "geometry": null },
{ "type": "Feature", "properties": { "Field1": "29630", "Field2": "Y", "Field3": "SEA", "Field4": "1264332.8999999999", "Field5": "246355.8", "Field6": "YES", "Field7": "ACT", "Field8": "NO", "Field9": "NW 50th St", "Field10": "98107", "Field11": "44", "Field12": "NW Market St", "Field13": "0", "Field14": "NW Market St & NW 50th St", "Field15": 2 }, "geometry": null },
{ "type": "Feature", "properties": { "Field1": "29640", "Field2": "Y", "Field3": "SEA", "Field4": "1263928.5", "Field5": "247304.2", "Field6": "YES", "Field7": "ACT", "Field8": "NO", "Field9": "3rd Ave NW", "Field10": "98107", "Field11": "44", "Field12": "NW Market St", "Field13": "0", "Field14": "NW Market St & 3rd Ave NW", "Field15": 2 }, "geometry": null },
{ "type": "Feature", "properties": { "Field1": "29650", "Field2": "Y", "Field3": "SEA", "Field4": "1263490.8999999999", "Field5": "247660.4", "Field6": "YES", "Field7": "ACT", "Field8": "NO", "Field9": "5th Ave NW", "Field10": "98107", "Field11": "44", "Field12": "NW Market St", "Field13": "0", "Field14": "NW Market St & 5th Ave NW", "Field15": 2 }, "geometry": null },
{ "type": "Feature", "properties": { "Field1": "29660", "Field2": "Y", "Field3": "SEA", "Field4": "1262688.3999999999", "Field5": "247671.9", "Field6": "YES", "Field7": "ACT", "Field8": "NO", "Field9": "8th Ave NW", "Field10": "98107", "Field11": "44", "Field12": "NW Market St", "Field13": "1", "Field14": "NW Market St & 8th Ave NW", "Field15": 3 }, "geometry": null },
{ "type": "Feature", "properties": { "Field1": "31400", "Field2": "Y", "Field3": "SEA", "Field4": "1258031.6000000001", "Field5": "238548.3", "Field6": "YES", "Field7": "ACT", "Field8": "NO", "Field9": "Thorndyke Ave W", "Field10": "98199", "Field11": "31 33", "Field12": "22nd Ave W", "Field13": "0", "Field14": "22nd Ave W & Thorndyke Ave W", "Field15": 2 }, "geometry": null },
{ "type": "Feature", "properties": { "Field1": "31410", "Field2": "Y", "Field3": "SEA", "Field4": "1258039.8999999999", "Field5": "239150.3", "Field6": "YES", "Field7": "ACT", "Field8": "NO", "Field9": "W Armour St", "Field10": "98199", "Field11": "31 33", "Field12": "22nd Ave W", "Field13": "0", "Field14": "22nd Ave W & W Armour St", "Field15": 2 }, "geometry": null },
{ "type": "Feature", "properties": { "Field1": "31420", "Field2": "Y", "Field3": "SEA", "Field4": "1258050.8999999999", "Field5": "239787.1", "Field6": "YES", "Field7": "ACT", "Field8": "NO", "Field9": "W Barrett St", "Field10": "98199", "Field11": "31 33", "Field12": "22nd Ave W", "Field13": "0", "Field14": "22nd Ave W & W Barrett St", "Field15": 2 }, "geometry": null },
{ "type": "Feature", "properties": { "Field1": "31430", "Field2": "Y", "Field3": "SEA", "Field4": "1258063", "Field5": "240484.6", "Field6": "YES", "Field7": "ACT", "Field8": "NO", "Field9": "W Dravus St", "Field10": "98199", "Field11": "31 33", "Field12": "22nd Ave W", "Field13": "0", "Field14": "22nd Ave W & W Dravus St", "Field15": 2 }, "geometry": null },
{ "type": "Feature", "properties": { "Field1": "31440", "Field2": "Y", "Field3": "SEA", "Field4": "1258074.5", "Field5": "241142.8", "Field6": "YES", "Field7": "ACT", "Field8": "NO", "Field9": "W Bertona St", "Field10": "98199", "Field11": "31 33", "Field12": "22nd Ave W", "Field13": "0", "Field14": "22nd Ave W & W Bertona St", "Field15": 2 }, "geometry": null },
{ "type": "Feature", "properties": { "Field1": "31450", "Field2": "Y", "Field3": "SEA", "Field4": "1258084.6000000001", "Field5": "241718.7", "Field6": "YES", "Field7": "ACT", "Field8": "NO", "Field9": "W Ruffner St", "Field10": "98199", "Field11": "31 33", "Field12": "22nd Ave W", "Field13": "0", "Field14": "22nd Ave W & W Ruffner St", "Field15": 2 }, "geometry": null },
{ "type": "Feature", "properties": { "Field1": "29500", "Field2": "Y", "Field3": "SEA", "Field4": "1271319.6000000001", "Field5": "244841.2", "Field6": "YES", "Field7": "ACT", "Field8": "NO", "Field9": "Corliss Ave N", "Field10": "98103", "Field11": "44", "Field12": "N 45th St", "Field13": "1", "Field14": "N 45th St & Corliss Ave N", "Field15": 3 }, "geometry": null },
{ "type": "Feature", "properties": { "Field1": "31180", "Field2": "Y", "Field3": "SEA", "Field4": "1255960.5", "Field5": "245019.5", "Field6": "YES", "Field7": "ACT", "Field8": "NO", "Field9": "28th Pl W", "Field10": "98199", "Field11": "33", "Field12": "Gilman Ave W", "Field13": "0", "Field14": "Gilman Ave W & 28th Pl W", "Field15": 2 }, "geometry": null },
{ "type": "Feature", "properties": { "Field1": "31190", "Field2": "Y", "Field3": "SEA", "Field4": "1256572.6000000001", "Field5": "244450", "Field6": "YES", "Field7": "ACT", "Field8": "NO", "Field9": "W Jameson St", "Field10": "98199", "Field11": "33", "Field12": "Gilman Ave W", "Field13": "1", "Field14": "Gilman Ave W & W Jameson St", "Field15": 3 }, "geometry": null },
{ "type": "Feature", "properties": { "Field1": "31210", "Field2": "Y", "Field3": "SEA", "Field4": "1257275.5", "Field5": "243590.7", "Field6": "YES", "Field7": "ACT", "Field8": "NO", "Field9": "25th Ave W", "Field10": "98199", "Field11": "33", "Field12": "Gilman Ave W", "Field13": "0", "Field14": "Gilman Ave W & 25th Ave W", "Field15": 2 }, "geometry": null },
{ "type": "Feature", "properties": { "Field1": "31220", "Field2": "Y", "Field3": "SEA", "Field4": "1257542.3999999999", "Field5": "243259.8", "Field6": "YES", "Field7": "ACT", "Field8": "NO", "Field9": "24th Ave W", "Field10": "98199", "Field11": "33", "Field12": "Gilman Ave W", "Field13": "0", "Field14": "Gilman Ave W & 24th Ave W", "Field15": 2 }, "geometry": null },
{ "type": "Feature", "properties": { "Field1": "31230", "Field2": "Y", "Field3": "SEA", "Field4": "1258102.6000000001", "Field5": "242295.3", "Field6": "YES", "Field7": "ACT", "Field8": "NO", "Field9": "Gilman Ave W", "Field10": "98199", "Field11": "31 33", "Field12": "22nd Ave W", "Field13": "1", "Field14": "22nd Ave W & Gilman Ave W", "Field15": 3 }, "geometry": null },
{ "type": "Feature", "properties": { "Field1": "31240", "Field2": "Y", "Field3": "SEA", "Field4": "1258083.3999999999", "Field5": "241648.7", "Field6": "YES", "Field7": "ACT", "Field8": "NO", "Field9": "W Ruffner St", "Field10": "98199", "Field11": "31 33", "Field12": "22nd Ave W", "Field13": "0", "Field14": "22nd Ave W & W Ruffner St", "Field15": 2 }, "geometry": null },
{ "type": "Feature", "properties": { "Field1": "31250", "Field2": "Y", "Field3": "SEA", "Field4": "1258072.1000000001", "Field5": "241002.5", "Field6": "YES", "Field7": "ACT", "Field8": "NO", "Field9": "W Bertona St", "Field10": "98199", "Field11": "31 33", "Field12": "22nd Ave W", "Field13": "0", "Field14": "22nd Ave W & W Bertona St", "Field15": 2 }, "geometry": null },
{ "type": "Feature", "properties": { "Field1": "31260", "Field2": "Y", "Field3": "SEA", "Field4": "1258060.1000000001", "Field5": "240320", "Field6": "YES", "Field7": "ACT", "Field8": "NO", "Field9": "W Dravus St", "Field10": "98199", "Field11": "31 33", "Field12": "22nd Ave W", "Field13": "1", "Field14": "22nd Ave W & W Dravus St", "Field15": 3 }, "geometry": null },
{ "type": "Feature", "properties": { "Field1": "31270", "Field2": "Y", "Field3": "SEA", "Field4": "1258048", "Field5": "239622.3", "Field6": "YES", "Field7": "ACT", "Field8": "NO", "Field9": "W Barrett St", "Field10": "98199", "Field11": "31 33", "Field12": "22nd Ave W", "Field13": "0", "Field14": "22nd Ave W & W Barrett St", "Field15": 2 }, "geometry": null },
{ "type": "Feature", "properties": { "Field1": "31280", "Field2": "Y", "Field3": "SEA", "Field4": "1258037", "Field5": "238962.4", "Field6": "YES", "Field7": "ACT", "Field8": "NO", "Field9": "W Armour St", "Field10": "98199", "Field11": "31 33", "Field12": "22nd Ave W", "Field13": "0", "Field14": "22nd Ave W & W Armour St", "Field15": 2 }, "geometry": null },
{ "type": "Feature", "properties": { "Field1": "31290", "Field2": "Y", "Field3": "SEA", "Field4": "1258035.2", "Field5": "238423.7", "Field6": "YES", "Field7": "ACT", "Field8": "NO", "Field9": "Thorndyke Ave W", "Field10": "98199", "Field11": "31 33", "Field12": "22nd Ave W", "Field13": "1", "Field14": "22nd Ave W & Thorndyke Ave W", "Field15": 3 }, "geometry": null },
{ "type": "Feature", "properties": { "Field1": "48050", "Field2": "Y", "Field3": "SEA", "Field4": "1270343.6000000001", "Field5": "202516.6", "Field6": "YES", "Field7": "ACT", "Field8": "NO", "Field9": "S Michigan St", "Field10": "98108", "Field12": "East Marginal Way S", "Field13": "0", "Field14": "East Marginal Way S & S Michigan St", "Field15": 2 }, "geometry": null },
{ "type": "Feature", "properties": { "Field1": "31460", "Field2": "Y", "Field3": "SEA", "Field4": "1258096.2", "Field5": "242165.6", "Field6": "YES", "Field7": "ACT", "Field8": "NO", "Field9": "Gilman Ave W", "Field10": "98199", "Field11": "31 33", "Field12": "22nd Ave W", "Field13": "0", "Field14": "22nd Ave W & Gilman Ave W", "Field15": 2 }, "geometry": null },
{ "type": "Feature", "properties": { "Field1": "31481", "Field2": "Y", "Field3": "SEA", "Field4": "1257014.8", "Field5": "243908.6", "Field6": "YES", "Field7": "ACT", "Field8": "NO", "Field9": "W Elmore St", "Field10": "98199", "Field11": "33", "Field12": "Gilman Ave W", "Field13": "0", "Field14": "Gilman Ave W & W Elmore St", "Field15": 2 }, "geometry": null },
{ "type": "Feature", "properties": { "Field1": "31500", "Field2": "Y", "Field3": "SEA", "Field4": "1256528.8999999999", "Field5": "244502.2", "Field6": "YES", "Field7": "ACT", "Field8": "NO", "Field9": "27th Ave W", "Field10": "98199", "Field11": "33", "Field12": "Gilman Ave W", "Field13": "0", "Field14": "Gilman Ave W & 27th Ave W", "Field15": 2 }, "geometry": null },
{ "type": "Feature", "properties": { "Field1": "32430", "Field2": "Y", "Field3": "SEA", "Field4": "1256539.2", "Field5": "220618.9", "Field6": "YES", "Field7": "ACT", "Field8": "NO", "Field9": "Harbor Ave SW", "Field10": "98116", "Field11": "775", "Field12": "Alki Ave SW", "Field13": "0", "Field14": "Alki Ave SW & Harbor Ave SW", "Field15": 2 }, "geometry": null },
{ "type": "Feature", "properties": { "Field1": "32431", "Field2": "Y", "Field3": "SEA", "Field4": "1256995.2", "Field5": "220916.3", "Field6": "YES", "Field7": "ACT", "Field8": "NO", "Field9": "Harbor Ave SW", "Field10": "98116", "Field11": "775", "Field12": "Alki Ave SW", "Field13": "0", "Field14": "Alki Ave SW & Harbor Ave SW", "Field15": 2 }, "geometry": null },
{ "type": "Feature", "properties": { "Field1": "32432", "Field2": "Y", "Field3": "SEA", "Field4": "1257402.8", "Field5": "220956", "Field6": "YES", "Field7": "ACT", "Field8": "NO", "Field9": "Harbor Ave SW", "Field10": "98116", "Field11": "775", "Field12": "Alki Ave SW", "Field13": "0", "Field14": "Alki Ave SW & Harbor Ave SW", "Field15": 2 }, "geometry": null },
{ "type": "Feature", "properties": { "Field1": "32433", "Field2": "Y", "Field3": "SEA", "Field4": "1257989.7", "Field5": "220230.6", "Field6": "YES", "Field7": "ACT", "Field8": "NO", "Field9": "SW Maryland Pl", "Field10": "98116", "Field11": "775", "Field12": "Harbor Ave SW", "Field13": "0", "Field14": "Harbor Ave SW & SW Maryland Pl", "Field15": 2 }, "geometry": null },
{ "type": "Feature", "properties": { "Field1": "32435", "Field2": "Y", "Field3": "SEA", "Field4": "1258714.2", "Field5": "218509.3", "Field6": "YES", "Field7": "ACT", "Field8": "NO", "Field9": "California Way SW", "Field10": "98126", "Field11": "773", "Field12": "Harbor Ave SW", "Field13": "0", "Field14": "Harbor Ave SW & California Way SW", "Field15": 2 }, "geometry": null },
{ "type": "Feature", "properties": { "Field1": "32436", "Field2": "Y", "Field3": "SEA", "Field4": "1259179.8", "Field5": "218002.8", "Field6": "YES", "Field7": "ACT", "Field8": "NO", "Field9": "Fairmount Ave SW", "Field10": "98126", "Field11": "773", "Field12": "Harbor Ave SW", "Field13": "0", "Field14": "Harbor Ave SW & Fairmount Ave SW", "Field15": 2 }, "geometry": null },
{ "type": "Feature", "properties": { "Field1": "32407", "Field2": "Y", "Field3": "SEA", "Field4": "1253476.3", "Field5": "206999.6", "Field6": "YES", "Field7": "ACT", "Field8": "NO", "Field9": "SW Beach Drive Ter", "Field10": "98136", "Field12": "Beach Dr SW", "Field13": "0", "Field14": "Beach Dr SW & SW Beach Drive Ter", "Field15": 2 }, "geometry": null },
{ "type": "Feature", "properties": { "Field1": "32408", "Field2": "Y", "Field3": "SEA", "Field4": "1253258.8999999999", "Field5": "207438.1", "Field6": "YES", "Field7": "ACT", "Field8": "NO", "Field9": "SW Beach Drive Ter", "Field10": "98116", "Field12": "Beach Dr SW", "Field13": "0", "Field14": "Beach Dr SW & SW Beach Drive Ter", "Field15": 2 }, "geometry": null },
{ "type": "Feature", "properties": { "Field1": "32410", "Field2": "Y", "Field3": "SEA", "Field4": "1252641.3", "Field5": "208612.3", "Field6": "YES", "Field7": "ACT", "Field8": "NO", "Field9": "SW Jacobsen Rd", "Field10": "98116", "Field12": "Beach Dr SW", "Field13": "0", "Field14": "Beach Dr SW & SW Jacobsen Rd", "Field15": 2 }, "geometry": null },
{ "type": "Feature", "properties": { "Field1": "32411", "Field2": "Y", "Field3": "SEA", "Field4": "1252309.3", "Field5": "209039.7", "Field6": "YES", "Field7": "ACT", "Field8": "NO", "Field9": "SW Snoqualmie St", "Field10": "98116", "Field12": "Beach Dr SW", "Field13": "0", "Field14": "Beach Dr SW & SW Snoqualmie St", "Field15": 2 }, "geometry": null },
{ "type": "Feature", "properties": { "Field1": "32412", "Field2": "Y", "Field3": "SEA", "Field4": "1251955.7", "Field5": "209927", "Field6": "YES", "Field7": "ACT", "Field8": "NO", "Field9": "SW Genesee St", "Field10": "98116", "Field12": "Beach Dr SW", "Field13": "0", "Field14": "Beach Dr SW & SW Genesee St", "Field15": 2 }, "geometry": null },
{ "type": "Feature", "properties": { "Field1": "32413", "Field2": "Y", "Field3": "SEA", "Field4": "1251684.3999999999", "Field5": "210353", "Field6": "YES", "Field7": "ACT", "Field8": "NO", "Field9": "SW Douglas Pl", "Field10": "98116", "Field12": "Beach Dr SW", "Field13": "0", "Field14": "Beach Dr SW & SW Douglas Pl", "Field15": 2 }, "geometry": null },
{ "type": "Feature", "properties": { "Field1": "32414", "Field2": "Y", "Field3": "SEA", "Field4": "1251336.8999999999", "Field5": "210971.1", "Field6": "YES", "Field7": "ACT", "Field8": "NO", "Field9": "SW Carroll St", "Field10": "98116", "Field12": "Beach Dr SW", "Field13": "0", "Field14": "Beach Dr SW & SW Carroll St", "Field15": 2 }, "geometry": null },
{ "type": "Feature", "properties": { "Field1": "32416", "Field2": "Y", "Field3": "SEA", "Field4": "1251214.8", "Field5": "211947.2", "Field6": "YES", "Field7": "ACT", "Field8": "NO", "Field9": "SW Charlestown St", "Field10": "98116", "Field12": "Beach Dr SW", "Field13": "0", "Field14": "Beach Dr SW & SW Charlestown St", "Field15": 2 }, "geometry": null },
{ "type": "Feature", "properties": { "Field1": "32417", "Field2": "Y", "Field3": "SEA", "Field4": "1250936.8999999999", "Field5": "212389.3", "Field6": "YES", "Field7": "ACT", "Field8": "NO", "Field9": "61st Ave SW", "Field10": "98116", "Field12": "Beach Dr SW", "Field13": "0", "Field14": "Beach Dr SW & 61st Ave SW", "Field15": 2 }, "geometry": null },
{ "type": "Feature", "properties": { "Field1": "35020", "Field2": "Y", "Field3": "SEA", "Field4": "1285531.3", "Field5": "206449.7", "Field6": "YES", "Field7": "ACT", "Field8": "NO", "Field9": "S Hudson St", "Field10": "98118", "Field11": "50", "Field12": "Wilson Ave S", "Field13": "0", "Field14": "Wilson Ave S & S Hudson St", "Field15": 2 }, "geometry": null },
{ "type": "Feature", "properties": { "Field1": "35030", "Field2": "Y", "Field3": "SEA", "Field4": "1285692.3", "Field5": "205762.8", "Field6": "YES", "Field7": "ACT", "Field8": "NO", "Field9": "S Dawson St", "Field10": "98118", "Field11": "50", "Field12": "Wilson Ave S", "Field13": "0", "Field14": "Wilson Ave S & S Dawson St", "Field15": 2 }, "geometry": null },
{ "type": "Feature", "properties": { "Field1": "32438", "Field2": "Y", "Field3": "SEA", "Field4": "1259749.1000000001", "Field5": "217315", "Field6": "YES", "Field7": "ACT", "Field8": "NO", "Field9": "Jack Block Park AcRd", "Field10": "98126", "Field11": "773", "Field12": "Harbor Ave SW", "Field13": "0", "Field14": "Harbor Ave SW & Jack Block Park AcRd", "Field15": 2 }, "geometry": null },
{ "type": "Feature", "properties": { "Field1": "32439", "Field2": "Y", "Field3": "SEA", "Field4": "1260331.8", "Field5": "216271.4", "Field6": "YES", "Field7": "ACT", "Field8": "NO", "Field9": "Fauntleroy Ave SW", "Field10": "98126", "Field11": "773", "Field12": "Harbor Ave SW", "Field13": "0", "Field14": "Harbor Ave SW & Fauntleroy Ave SW", "Field15": 2 }, "geometry": null },
{ "type": "Feature", "properties": { "Field1": "32440", "Field2": "Y", "Field3": "SEA", "Field4": "1260465.6000000001", "Field5": "215889.1", "Field6": "YES", "Field7": "ACT", "Field8": "NO", "Field9": "SW Florida St", "Field10": "98126", "Field11": "773", "Field12": "Harbor Ave SW", "Field13": "0", "Field14": "Harbor Ave SW & SW Florida St", "Field15": 2 }, "geometry": null },
{ "type": "Feature", "properties": { "Field1": "32441", "Field2": "Y", "Field3": "SEA", "Field4": "1260837.7", "Field5": "213860.5", "Field6": "YES", "Field7": "ACT", "Field8": "NO", "Field9": "SW Harbor Ln", "Field10": "98126", "Field11": "773", "Field12": "Harbor Ave SW", "Field13": "0", "Field14": "Harbor Ave SW & SW Harbor Ln", "Field15": 2 }, "geometry": null },
{ "type": "Feature", "properties": { "Field1": "35233", "Field2": "Y", "Field3": "SEA", "Field4": "1278866.3999999999", "Field5": "265836.09999999998", "Field6": "YES", "Field7": "ACT", "Field8": "NO", "Field9": "25th Ave NE", "Field10": "98125", "Field11": "75", "Field12": "NE 125th St", "Field13": "1", "Field14": "NE 125th St & 25th Ave NE", "Field15": 3 }, "geometry": null },
{ "type": "Feature", "properties": { "Field1": "35250", "Field2": "Y", "Field3": "SEA", "Field4": "1277549", "Field5": "265879", "Field6": "YES", "Field7": "ACT", "Field8": "NO", "Field9": "20th Ave NE", "Field10": "98125", "Field11": "75", "Field12": "NE 125th St", "Field13": "0", "Field14": "NE 125th St & 20th Ave NE", "Field15": 2 }, "geometry": null },
{ "type": "Feature", "properties": { "Field1": "35270", "Field2": "Y", "Field3": "SEA", "Field4": "1276160.3", "Field5": "265931.40000000002", "Field6": "YES", "Field7": "ACT", "Field8": "NO", "Field9": "15th Ave NE", "Field10": "98125", "Field11": "75 982E 986E", "Field12": "NE 125th St", "Field13": "1", "Field14": "NE 125th St & 15th Ave NE", "Field15": 3 }, "geometry": null },
{ "type": "Feature", "properties": { "Field1": "35050", "Field2": "Y", "Field3": "SEA", "Field4": "1286432.5", "Field5": "204669.4", "Field6": "YES", "Field7": "ACT", "Field8": "NO", "Field9": "S Findlay St", "Field10": "98118", "Field11": "50", "Field12": "Wilson Ave S", "Field13": "0", "Field14": "Wilson Ave S & S Findlay St", "Field15": 2 }, "geometry": null },
{ "type": "Feature", "properties": { "Field1": "35060", "Field2": "Y", "Field3": "SEA", "Field4": "1286954.3999999999", "Field5": "204318", "Field6": "YES", "Field7": "ACT", "Field8": "NO", "Field9": "55th Ave S", "Field10": "98118", "Field11": "50", "Field12": "S Orcas St", "Field13": "0", "Field14": "S Orcas St & 55th Ave S", "Field15": 2 }, "geometry": null },
{ "type": "Feature", "properties": { "Field1": "35070", "Field2": "Y", "Field3": "SEA", "Field4": "1287627.1000000001", "Field5": "204220.4", "Field6": "NO", "Field7": "ACT", "Field8": "NO", "Field9": "S Orcas St", "Field10": "98118", "Field11": "50", "Field12": "Seward Park Ave S", "Field13": "0", "Field14": "Seward Park Ave S & S Orcas St", "Field15": 0 }, "geometry": null },
{ "type": "Feature", "properties": { "Field1": "35080", "Field2": "Y", "Field3": "SEA", "Field4": "1288405.7", "Field5": "203722.3", "Field6": "YES", "Field7": "ACT", "Field8": "NO", "Field9": "S Juneau St", "Field10": "98118", "Field11": "50", "Field12": "Seward Park Ave S", "Field13": "0", "Field14": "Seward Park Ave S & S Juneau St", "Field15": 2 }, "geometry": null },
{ "type": "Feature", "properties": { "Field1": "35100", "Field2": "Y", "Field3": "SEA", "Field4": "1287615.8999999999", "Field5": "202586.9", "Field6": "YES", "Field7": "ACT", "Field8": "NO", "Field9": "57th Ave S", "Field10": "98118", "Field11": "50", "Field12": "Seward Park Ave S", "Field13": "0", "Field14": "Seward Park Ave S & 57th Ave S", "Field15": 2 }, "geometry": null },
{ "type": "Feature", "properties": { "Field1": "35110", "Field2": "Y", "Field3": "SEA", "Field4": "1287044", "Field5": "201753.1", "Field6": "YES", "Field7": "ACT", "Field8": "NO", "Field9": "S Morgan St", "Field10": "98118", "Field11": "50", "Field12": "Seward Park Ave S", "Field13": "0", "Field14": "Seward Park Ave S & S Morgan St", "Field15": 2 }, "geometry": null },
{ "type": "Feature", "properties": { "Field1": "35120", "Field2": "Y", "Field3": "SEA", "Field4": "1286916.3", "Field5": "201070.6", "Field6": "YES", "Field7": "ACT", "Field8": "NO", "Field9": "55th Ave S", "Field10": "98118", "Field11": "50", "Field12": "Seward Park Ave S", "Field13": "0", "Field14": "Seward Park Ave S & 55th Ave S", "Field15": 2 }, "geometry": null },
{ "type": "Feature", "properties": { "Field1": "36580", "Field2": "Y", "Field3": "SEA", "Field4": "1263446.3", "Field5": "207353", "Field6": "YES", "Field7": "ACT", "Field8": "NO", "Field9": "SW Dawson St", "Field10": "98106", "Field11": "125", "Field12": "21st Ave SW", "Field13": "0", "Field14": "21st Ave SW & SW Dawson St", "Field15": 2 }, "geometry": null },
{ "type": "Feature", "properties": { "Field1": "35290", "Field2": "Y", "Field3": "SEA", "Field4": "1273472.8", "Field5": "260039.7", "Field6": "YES", "Field7": "ACT", "Field8": "NO", "Field9": "5th Ave NE", "Field10": "98125", "Field11": "322 348 61", "Field12": "NE 103rd St", "Field13": "1", "Field14": "NE 103rd St & 5th Ave NE", "Field15": 3 }, "geometry": null },
{ "type": "Feature", "properties": { "Field1": "36774", "Field2": "Y", "Field3": "SEA", "Field4": "1277921.3999999999", "Field5": "219340.5", "Field6": "YES", "Field7": "ACT", "Field8": "NO", "Field9": "S Judkins St", "Field10": "98144", "Field11": "48", "Field12": "23rd Ave S", "Field13": "1", "Field14": "23rd Ave S & S Judkins St", "Field15": 3 }, "geometry": null },
{ "type": "Feature", "properties": { "Field1": "36791", "Field2": "Y", "Field3": "SEA", "Field4": "1277946.8999999999", "Field5": "224625.1", "Field6": "YES", "Field7": "ACT", "Field8": "NO", "Field9": "E Jefferson St", "Field10": "98122", "Field11": "48", "Field12": "23rd Ave", "Field13": "1", "Field14": "23rd Ave & E Jefferson St", "Field15": 3 }, "geometry": null },
{ "type": "Feature", "properties": { "Field1": "36800", "Field2": "Y", "Field3": "SEA", "Field4": "1277963.6000000001", "Field5": "225354.4", "Field6": "YES", "Field7": "ACT", "Field8": "NO", "Field9": "E Cherry St", "Field10": "98122", "Field11": "48", "Field12": "23rd Ave", "Field13": "0", "Field14": "23rd Ave & E Cherry St", "Field15": 2 }, "geometry": null },
{ "type": "Feature", "properties": { "Field1": "36830", "Field2": "Y", "Field3": "SEA", "Field4": "1278017.2", "Field5": "227225.2", "Field6": "YES", "Field7": "ACT", "Field8": "NO", "Field9": "E Union St", "Field10": "98122", "Field11": "48", "Field12": "23rd Ave", "Field13": "1", "Field14": "23rd Ave & E Union St", "Field15": 3 }, "geometry": null },
{ "type": "Feature", "properties": { "Field1": "36680", "Field2": "Y", "Field3": "SEA", "Field4": "1277343.5", "Field5": "207632", "Field6": "YES", "Field7": "ACT", "Field8": "NO", "Field9": "Beacon Ave S", "Field10": "98108", "Field11": "50", "Field12": "S Columbian Way", "Field13": "0", "Field14": "S Columbian Way & Beacon Ave S", "Field15": 2 }, "geometry": null },
{ "type": "Feature", "properties": { "Field1": "36690", "Field2": "Y", "Field3": "SEA", "Field4": "1278123.6000000001", "Field5": "207939.7", "Field6": "YES", "Field7": "ACT", "Field8": "NO", "Field9": "S Americus St", "Field10": "98108", "Field11": "50", "Field12": "S Columbian Way", "Field13": "0", "Field14": "S Columbian Way & S Americus St", "Field15": 2 }, "geometry": null },
{ "type": "Feature", "properties": { "Field1": "38160", "Field2": "Y", "Field3": "SEA", "Field4": "1279436.6000000001", "Field5": "263048.40000000002", "Field6": "YES", "Field7": "ACT", "Field8": "NO", "Field9": "NE 115th St", "Field10": "98125", "Field11": "322 372E 61", "Field12": "Lake City Way NE", "Field13": "1", "Field14": "Lake City Way NE & NE 115th St", "Field15": 3 }, "geometry": null },
{ "type": "Feature", "properties": { "Field1": "38180", "Field2": "Y", "Field3": "SEA", "Field4": "1279021.6000000001", "Field5": "261910.5", "Field6": "YES", "Field7": "ACT", "Field8": "NO", "Field9": "NE 110th St", "Field10": "98125", "Field11": "372E", "Field12": "Lake City Way NE", "Field13": "1", "Field14": "Lake City Way NE & NE 110th St", "Field15": 3 }, "geometry": null },
{ "type": "Feature", "properties": { "Field1": "38200", "Field2": "Y", "Field3": "SEA", "Field4": "1278917", "Field5": "260377.8", "Field6": "YES", "Field7": "ACT", "Field8": "NO", "Field9": "24th Ave NE", "Field10": "98125", "Field11": "372E", "Field12": "Lake City Way NE", "Field13": "2", "Field14": "Lake City Way NE & 24th Ave NE", "Field15": 3 }, "geometry": null },
{ "type": "Feature", "properties": { "Field1": "36845", "Field2": "Y", "Field3": "SEA", "Field4": "1278061", "Field5": "228426.4", "Field6": "YES", "Field7": "ACT", "Field8": "NO", "Field9": "E Olive St", "Field10": "98122", "Field11": "48", "Field12": "23rd Ave", "Field13": "1", "Field14": "23rd Ave & E Olive St", "Field15": 3 }, "geometry": null },
{ "type": "Feature", "properties": { "Field1": "38370", "Field2": "Y", "Field3": "SEA", "Field4": "1276183.8999999999", "Field5": "251236.5", "Field6": "YES", "Field7": "ACT", "Field8": "NO", "Field9": "NE 70th St", "Field10": "98115", "Field11": "79", "Field12": "15th Ave NE", "Field13": "0", "Field14": "15th Ave NE & NE 70th St", "Field15": 2 }, "geometry": null },
{ "type": "Feature", "properties": { "Field1": "38390", "Field2": "Y", "Field3": "SEA", "Field4": "1276177.8", "Field5": "250114.2", "Field6": "YES", "Field7": "ACT", "Field8": "NO", "Field9": "NE 65th St", "Field10": "98115", "Field11": "79", "Field12": "15th Ave NE", "Field13": "1", "Field14": "15th Ave NE & NE 65th St", "Field15": 3 }, "geometry": null },
{ "type": "Feature", "properties": { "Field1": "38410", "Field2": "Y", "Field3": "SEA", "Field4": "1276185.3", "Field5": "251404", "Field6": "YES", "Field7": "ACT", "Field8": "NO", "Field9": "NE 70th St", "Field10": "98115", "Field11": "79", "Field12": "15th Ave NE", "Field13": "0", "Field14": "15th Ave NE & NE 70th St", "Field15": 2 }, "geometry": null },
{ "type": "Feature", "properties": { "Field1": "38220", "Field2": "Y", "Field3": "SEA", "Field4": "1278420.6000000001", "Field5": "258813.6", "Field6": "YES", "Field7": "ACT", "Field8": "NO", "Field9": "NE 98th St", "Field10": "98115", "Field11": "372E", "Field12": "Lake City Way NE", "Field13": "1", "Field14": "Lake City Way NE & NE 98th St", "Field15": 3 }, "geometry": null },
{ "type": "Feature", "properties": { "Field1": "38235", "Field2": "Y", "Field3": "SEA", "Field4": "1277345.5", "Field5": "255425.3", "Field6": "YES", "Field7": "ACT", "Field8": "NO", "Field9": "20th Ave NE", "Field10": "98115", "Field11": "522E", "Field12": "Lake City Way NE", "Field13": "1", "Field14": "Lake City Way NE & 20th Ave NE", "Field15": 3 }, "geometry": null },
{ "type": "Feature", "properties": { "Field1": "38240", "Field2": "Y", "Field3": "SEA", "Field4": "1277976.7", "Field5": "257089.8", "Field6": "YES", "Field7": "ACT", "Field8": "NO", "Field9": "NE 92nd St", "Field10": "98115", "Field11": "372E", "Field12": "Ravenna Ave NE", "Field13": "1", "Field14": "Ravenna Ave NE & NE 92nd St", "Field15": 3 }, "geometry": null },
{ "type": "Feature", "properties": { "Field1": "39530", "Field2": "Y", "Field3": "SEA", "Field4": "1252979.1000000001", "Field5": "210704.4", "Field6": "YES", "Field7": "ACT", "Field8": "NO", "Field9": "SW Dakota St", "Field10": "98116", "Field11": "57", "Field12": "55th Ave SW", "Field13": "0", "Field14": "55th Ave SW & SW Dakota St", "Field15": 2 }, "geometry": null },
{ "type": "Feature", "properties": { "Field1": "39540", "Field2": "Y", "Field3": "SEA", "Field4": "1252962.1000000001", "Field5": "210107.7", "Field6": "YES", "Field7": "ACT", "Field8": "NO", "Field9": "SW Genesee St", "Field10": "98116", "Field11": "57", "Field12": "55th Ave SW", "Field13": "0", "Field14": "55th Ave SW & SW Genesee St", "Field15": 2 }, "geometry": null },
{ "type": "Feature", "properties": { "Field1": "39550", "Field2": "Y", "Field3": "SEA", "Field4": "1253697.2", "Field5": "209970.6", "Field6": "YES", "Field7": "ACT", "Field8": "NO", "Field9": "53rd Ave SW", "Field10": "98116", "Field11": "57", "Field12": "SW Genesee St", "Field13": "0", "Field14": "SW Genesee St & 53rd Ave SW", "Field15": 2 }, "geometry": null },
{ "type": "Feature", "properties": { "Field1": "39560", "Field2": "Y", "Field3": "SEA", "Field4": "1254348.8", "Field5": "209948.7", "Field6": "YES", "Field7": "ACT", "Field8": "NO", "Field9": "51st Ave SW", "Field10": "98116", "Field11": "57", "Field12": "SW Genesee St", "Field13": "0", "Field14": "SW Genesee St & 51st Ave SW", "Field15": 2 }, "geometry": null },
{ "type": "Feature", "properties": { "Field1": "39750", "Field2": "Y", "Field3": "SEA", "Field4": "1255029", "Field5": "209927", "Field6": "YES", "Field7": "ACT", "Field8": "NO", "Field9": "49th Ave SW", "Field10": "98116", "Field11": "57", "Field12": "SW Genesee St", "Field13": "0", "Field14": "SW Genesee St & 49th Ave SW", "Field15": 2 }, "geometry": null },
{ "type": "Feature", "properties": { "Field1": "39760", "Field2": "Y", "Field3": "SEA", "Field4": "1255689.3999999999", "Field5": "209904.4", "Field6": "YES", "Field7": "ACT", "Field8": "NO", "Field9": "47th Ave SW", "Field10": "98116", "Field11": "57", "Field12": "SW Genesee St", "Field13": "0", "Field14": "SW Genesee St & 47th Ave SW", "Field15": 2 }, "geometry": null },
{ "type": "Feature", "properties": { "Field1": "39770", "Field2": "Y", "Field3": "SEA", "Field4": "1255971.8", "Field5": "209797.9", "Field6": "YES", "Field7": "ACT", "Field8": "NO", "Field9": "46th Ave SW", "Field10": "98116", "Field11": "57", "Field12": "Glenn Way SW", "Field13": "0", "Field14": "Glenn Way SW & 46th Ave SW", "Field15": 2 }, "geometry": null },
{ "type": "Feature", "properties": { "Field1": "39930", "Field2": "Y", "Field3": "SEA", "Field4": "1259583.7", "Field5": "196517", "Field6": "YES", "Field7": "ACT", "Field8": "NO", "Field9": "34th Ave SW", "Field10": "98126", "Field11": "22", "Field12": "SW Thistle St", "Field13": "0", "Field14": "SW Thistle St & 34th Ave SW", "Field15": 2 }, "geometry": null },
{ "type": "Feature", "properties": { "Field1": "39940", "Field2": "Y", "Field3": "SEA", "Field4": "1260239.6000000001", "Field5": "196503.5", "Field6": "YES", "Field7": "ACT", "Field8": "NO", "Field9": "31st Ave SW", "Field10": "98126", "Field11": "22", "Field12": "SW Thistle St", "Field13": "0", "Field14": "SW Thistle St & 31st Ave SW", "Field15": 2 }, "geometry": null },
{ "type": "Feature", "properties": { "Field1": "39955", "Field2": "Y", "Field3": "SEA", "Field4": "1261107.3", "Field5": "196485.5", "Field6": "YES", "Field7": "ACT", "Field8": "NO", "Field9": "28th Ave SW", "Field10": "98126", "Field11": "22", "Field12": "SW Thistle St", "Field13": "0", "Field14": "SW Thistle St & 28th Ave SW", "Field15": 2 }, "geometry": null },
{ "type": "Feature", "properties": { "Field1": "39965", "Field2": "Y", "Field3": "SEA", "Field4": "1262054.8", "Field5": "196466.3", "Field6": "YES", "Field7": "ACT", "Field8": "NO", "Field9": "25th Ave SW", "Field10": "98106", "Field11": "22", "Field12": "SW Thistle St", "Field13": "0", "Field14": "SW Thistle St & 25th Ave SW", "Field15": 2 }, "geometry": null },
{ "type": "Feature", "properties": { "Field1": "39980", "Field2": "Y", "Field3": "SEA", "Field4": "1262111.2", "Field5": "194545", "Field6": "YES", "Field7": "ACT", "Field8": "NO", "Field9": "SW Henderson St", "Field10": "98106", "Field11": "125 60", "Field12": "25th Ave SW", "Field13": "1", "Field14": "25th Ave SW & SW Henderson St", "Field15": 3 }, "geometry": null },
{ "type": "Feature", "properties": { "Field1": "39983", "Field2": "Y", "Field3": "SEA", "Field4": "1261925.8", "Field5": "193820.79999999999", "Field6": "YES", "Field7": "ACT", "Field8": "NO", "Field9": "25th Ave SW", "Field10": "98126", "Field11": "22 H", "Field12": "SW Barton St", "Field13": "1", "Field14": "SW Barton St & 25th Ave SW", "Field15": 3 }, "geometry": null },
{ "type": "Feature", "properties": { "Field1": "39790", "Field2": "Y", "Field3": "SEA", "Field4": "1256667.2", "Field5": "202521.4", "Field6": "YES", "Field7": "ACT", "Field8": "NO", "Field9": "Fauntleroy Way SW", "Field10": "98136", "Field11": "22", "Field12": "California Ave SW", "Field13": "1", "Field14": "California Ave SW & Fauntleroy Way SW", "Field15": 3 }, "geometry": null },
{ "type": "Feature", "properties": { "Field1": "39800", "Field2": "Y", "Field3": "SEA", "Field4": "1256641.3999999999", "Field5": "201597.2", "Field6": "YES", "Field7": "ACT", "Field8": "NO", "Field9": "SW Willow St", "Field10": "98136", "Field11": "22", "Field12": "California Ave SW", "Field13": "0", "Field14": "California Ave SW & SW Willow St", "Field15": 2 }, "geometry": null },
{ "type": "Feature", "properties": { "Field1": "39810", "Field2": "Y", "Field3": "SEA", "Field4": "1256620.3999999999", "Field5": "200833.6", "Field6": "YES", "Field7": "ACT", "Field8": "NO", "Field9": "SW Myrtle St", "Field10": "98136", "Field11": "22", "Field12": "California Ave SW", "Field13": "0", "Field14": "California Ave SW & SW Myrtle St", "Field15": 2 }, "geometry": null },
{ "type": "Feature", "properties": { "Field1": "39820", "Field2": "Y", "Field3": "SEA", "Field4": "1256602.6000000001", "Field5": "200193.5", "Field6": "YES", "Field7": "ACT", "Field8": "NO", "Field9": "SW Othello St", "Field10": "98136", "Field11": "22", "Field12": "California Ave SW", "Field13": "0", "Field14": "California Ave SW & SW Othello St", "Field15": 2 }, "geometry": null },
{ "type": "Feature", "properties": { "Field1": "41060", "Field2": "Y", "Field3": "SEA", "Field4": "1273149.3999999999", "Field5": "205289.8", "Field6": "YES", "Field7": "ACT", "Field8": "NO", "Field9": "S Lucile St", "Field10": "98108", "Field11": "124", "Field12": "Airport Way S", "Field13": "0", "Field14": "Airport Way S & S Lucile St", "Field15": 2 }, "geometry": null },
{ "type": "Feature", "properties": { "Field1": "41080", "Field2": "Y", "Field3": "SEA", "Field4": "1273903.6000000001", "Field5": "204126.7", "Field6": "YES", "Field7": "ACT", "Field8": "NO", "Field9": "S Doris St", "Field10": "98108", "Field11": "124", "Field12": "Airport Way S", "Field13": "0", "Field14": "Airport Way S & S Doris St", "Field15": 2 }, "geometry": null },
{ "type": "Feature", "properties": { "Field1": "55290", "Field2": "Y", "Field3": "SEA", "Field4": "1285449.3999999999", "Field5": "186653.5", "Field6": "UNK", "Field7": "ACT", "Field8": "NO", "Field9": "Beacon Ave S", "Field10": "98178", "Field11": "107", "Field12": "S Leo St", "Field13": "0", "Field14": "S Leo St & Beacon Ave S", "Field15": 0 }, "geometry": null },
{ "type": "Feature", "properties": { "Field1": "55300", "Field2": "Y", "Field3": "SEA", "Field4": "1286025.3999999999", "Field5": "186631.7", "Field6": "YES", "Field7": "ACT", "Field8": "NO", "Field9": "53rd Ave S", "Field10": "98178", "Field11": "107", "Field12": "S Leo St", "Field13": "0", "Field14": "S Leo St & 53rd Ave S", "Field15": 2 }, "geometry": null },
{ "type": "Feature", "properties": { "Field1": "55310", "Field2": "Y", "Field3": "SEA", "Field4": "1286668.1000000001", "Field5": "186607.2", "Field6": "YES", "Field7": "ACT", "Field8": "NO", "Field9": "55th Ave S", "Field10": "98178", "Field11": "107", "Field12": "S Leo St", "Field13": "0", "Field14": "S Leo St & 55th Ave S", "Field15": 2 }, "geometry": null },
{ "type": "Feature", "properties": { "Field1": "55320", "Field2": "Y", "Field3": "SEA", "Field4": "1287112.8999999999", "Field5": "186589.8", "Field6": "UNK", "Field7": "ACT", "Field8": "NO", "Field9": "56th Ave S", "Field10": "98178", "Field11": "107", "Field12": "S Leo St", "Field13": "0", "Field14": "S Leo St & 56th Ave S", "Field15": 0 }, "geometry": null },
{ "type": "Feature", "properties": { "Field1": "55330", "Field2": "Y", "Field3": "SEA", "Field4": "1287197.3", "Field5": "186181.2", "Field6": "YES", "Field7": "ACT", "Field8": "NO", "Field9": "S Avon St", "Field10": "98178", "Field11": "107", "Field12": "56th Ave S", "Field13": "1", "Field14": "56th Ave S & S Avon St", "Field15": 3 }, "geometry": null },
{ "type": "Feature", "properties": { "Field1": "99111", "Field2": "Y", "Field3": "SEA", "Field4": "1271683.5", "Field5": "215125.9", "Field6": "YES", "Field7": "ACT", "Field8": "NO", "Field9": "S Lander St", "Field10": "98134", "Field11": "599", "Field12": "ST Light Rail", "Field13": "0", "Field14": "ST Light Rail & S Lander St", "Field15": 2 }, "geometry": null },
{ "type": "Feature", "properties": { "Field1": "99121", "Field2": "Y", "Field3": "SEA", "Field4": "1275650.2", "Field5": "214772.1", "Field6": "YES", "Field7": "ACT", "Field8": "NO", "Field9": "Beacon Ave S", "Field10": "98144", "Field11": "599", "Field12": "ST Light Rail", "Field13": "0", "Field14": "ST Light Rail & Beacon Ave S", "Field15": 2 }, "geometry": null },
{ "type": "Feature", "properties": { "Field1": "99597", "Field2": "Y", "Field3": "SEA", "Field4": "1273568.7", "Field5": "267463.40000000002", "Field6": "UNK", "Field7": "ACT", "Field8": "NO", "Field9": "NE 130th St", "Field10": "98125", "Field12": "ST Light Rail", "Field13": "0", "Field14": "ST Light Rail & NE 130th St", "Field15": 0 }, "geometry": null },
{ "type": "Feature", "properties": { "Field1": "99598", "Field2": "Y", "Field3": "SEA", "Field4": "1273582.7", "Field5": "267462.59999999998", "Field6": "UNK", "Field7": "ACT", "Field8": "NO", "Field9": "NE 130th St", "Field10": "98125", "Field12": "ST Light Rail", "Field13": "0", "Field14": "ST Light Rail & NE 130th St", "Field15": 0 }, "geometry": null },
{ "type": "Feature", "properties": { "Field1": "99551", "Field2": "Y", "Field3": "SEA", "Field4": "1277450.7", "Field5": "218809.2", "Field6": "UNK", "Field7": "ACT", "Field8": "NO", "Field9": "Judkins Park Sta Rail", "Field10": "98144", "Field11": "600", "Field12": "Judkins Park Sta Rail", "Field13": "0", "Field14": "Judkins Park Sta Rail & Judkins Park Sta Rail", "Field15": 0 }, "geometry": null },
{ "type": "Feature", "properties": { "Field1": "96760", "Field2": "Y", "Field3": "SEA", "Field4": "1279612.3", "Field5": "226895.5", "Field6": "YES", "Field7": "ACT", "Field8": "NO", "Field9": "E Union St", "Field10": "98122", "Field11": "8", "Field12": "Martin L King Jr Way", "Field13": "0", "Field14": "Martin L King Jr Way & E Union St", "Field15": 2 }, "geometry": null },
{ "type": "Feature", "properties": { "Field1": "99252", "Field2": "Y", "Field3": "SEA", "Field4": "1271614.3999999999", "Field5": "212325.1", "Field6": "YES", "Field7": "ACT", "Field8": "NO", "Field9": "S Spokane St", "Field10": "98134", "Field11": "101 102 150 177 50", "Field12": "SODO Busway AcRd", "Field13": "1", "Field14": "SODO Busway AcRd & S Spokane St", "Field15": 3 }, "geometry": null },
{ "type": "Feature", "properties": { "Field1": "99253", "Field2": "Y", "Field3": "SEA", "Field4": "1271612.6000000001", "Field5": "212155.1", "Field6": "YES", "Field7": "ACT", "Field8": "NO", "Field9": "S Spokane St", "Field10": "98134", "Field11": "101 102 150 177 50", "Field12": "SODO Busway AcRd", "Field13": "1", "Field14": "SODO Busway AcRd & S Spokane St", "Field15": 3 }, "geometry": null },
{ "type": "Feature", "properties": { "Field1": "99254", "Field2": "Y", "Field3": "SEA", "Field4": "1271662.3999999999", "Field5": "215312.4", "Field6": "YES", "Field7": "ACT", "Field8": "NO", "Field9": "S Lander St", "Field10": "98134", "Field11": "101 102 150 177", "Field12": "SODO Busway AcRd", "Field13": "1", "Field14": "SODO Busway AcRd & S Lander St", "Field15": 3 }, "geometry": null },
{ "type": "Feature", "properties": { "Field1": "99256", "Field2": "Y", "Field3": "SEA", "Field4": "1271702.2", "Field5": "215361.4", "Field6": "YES", "Field7": "ACT", "Field8": "NO", "Field9": "S Lander St", "Field10": "98134", "Field11": "599", "Field12": "ST Light Rail", "Field13": "0", "Field14": "ST Light Rail & S Lander St", "Field15": 2 }, "geometry": null },
{ "type": "Feature", "properties": { "Field1": "99261", "Field2": "Y", "Field3": "SEA", "Field4": "1271478.5", "Field5": "215080.5", "Field6": "YES", "Field7": "ACT", "Field8": "NO", "Field9": "SODO Busway AcRd", "Field10": "98134", "Field11": "50", "Field12": "S Lander St", "Field13": "0", "Field14": "S Lander St & SODO Busway AcRd", "Field15": 2 }, "geometry": null },
{ "type": "Feature", "properties": { "Field1": "99263", "Field2": "Y", "Field3": "SEA", "Field4": "1271652.6000000001", "Field5": "214782.1", "Field6": "YES", "Field7": "ACT", "Field8": "NO", "Field9": "S Lander St", "Field10": "98134", "Field11": "101 102 150 177 50", "Field12": "SODO Busway AcRd", "Field13": "1", "Field14": "SODO Busway AcRd & S Lander St", "Field15": 3 }, "geometry": null },
{ "type": "Feature", "properties": { "Field1": "76660", "Field2": "Y", "Field3": "SEA", "Field4": "1281381.2", "Field5": "270804", "Field6": "YES", "Field7": "ACT", "Field8": "NO", "Field9": "NE 145th St", "Field10": "98125", "Field11": "322 372E 522E", "Field12": "Lake City Way NE", "Field13": "1", "Field14": "Lake City Way NE & NE 145th St", "Field15": 3 }, "geometry": null },
{ "type": "Feature", "properties": { "Field1": "76680", "Field2": "Y", "Field3": "SEA", "Field4": "1281387.3999999999", "Field5": "268955.2", "Field6": "YES", "Field7": "ACT", "Field8": "NO", "Field9": "NE 137th St", "Field10": "98125", "Field11": "322 372E 522E", "Field12": "Lake City Way NE", "Field13": "1", "Field14": "Lake City Way NE & NE 137th St", "Field15": 3 }, "geometry": null },
{ "type": "Feature", "properties": { "Field1": "97238", "Field2": "Y", "Field3": "SEA", "Field4": "1262740.8", "Field5": "250340.3", "Field6": "YES", "Field7": "ACT", "Field8": "NO", "Field9": "Division Ave NW", "Field10": "98107", "Field12": "NW 65th St", "Field13": "0", "Field14": "NW 65th St & Division Ave NW", "Field15": 2 }, "geometry": null },
{ "type": "Feature", "properties": { "Field1": "99240", "Field2": "Y", "Field3": "SEA", "Field4": "1275646.1000000001", "Field5": "214929.6", "Field6": "YES", "Field7": "ACT", "Field8": "NO", "Field9": "Beacon Ave S", "Field10": "98144", "Field11": "599", "Field12": "ST Light Rail", "Field13": "0", "Field14": "ST Light Rail & Beacon Ave S", "Field15": 2 }, "geometry": null },
{ "type": "Feature", "properties": { "Field1": "99243", "Field2": "Y", "Field3": "SEA", "Field4": "1271418.2", "Field5": "218585.7", "Field6": "UNK", "Field7": "ACT", "Field8": "NO", "Field9": "Ryerson Base AcRd", "Field10": "98134", "Field12": "Ryerson Base Maint AcRd", "Field13": "0", "Field14": "Ryerson Base Maint AcRd & Ryerson Base AcRd", "Field15": 0 }, "geometry": null },
{ "type": "Feature", "properties": { "Field1": "75200", "Field2": "Y", "Field3": "SEA", "Field4": "1269409.3999999999", "Field5": "271423.3", "Field6": "LTD", "Field7": "ACT", "Field8": "NO", "Field9": "Interlake Ave N", "Field10": "98133", "Field11": "333", "Field12": "N 145th St", "Field13": "0", "Field14": "N 145th St & Interlake Ave N", "Field15": 0 }, "geometry": null },
{ "type": "Feature", "properties": { "Field1": "75210", "Field2": "Y", "Field3": "SEA", "Field4": "1270235.6000000001", "Field5": "271407.7", "Field6": "LTD", "Field7": "ACT", "Field8": "NO", "Field9": "Courtland Pl N", "Field10": "98133", "Field11": "333", "Field12": "N 145th St", "Field13": "0", "Field14": "N 145th St & Courtland Pl N", "Field15": 0 }, "geometry": null },
{ "type": "Feature", "properties": { "Field1": "75230", "Field2": "Y", "Field3": "SEA", "Field4": "1271868.8999999999", "Field5": "271367.7", "Field6": "LTD", "Field7": "ACT", "Field8": "NO", "Field9": "Corliss Ave N", "Field10": "98133", "Field12": "N 145th St", "Field13": "0", "Field14": "N 145th St & Corliss Ave N", "Field15": 0 }, "geometry": null },
{ "type": "Feature", "properties": { "Field1": "75240", "Field2": "Y", "Field3": "SEA", "Field4": "1272533.6000000001", "Field5": "271347.3", "Field6": "YES", "Field7": "ACT", "Field8": "NO", "Field9": "1st Ave NE", "Field10": "98155", "Field12": "NE 145th St", "Field13": "0", "Field14": "NE 145th St & 1st Ave NE", "Field15": 2 }, "geometry": null },
{ "type": "Feature", "properties": { "Field1": "75170", "Field2": "Y", "Field3": "SEA", "Field4": "1266883.5", "Field5": "271471.90000000002", "Field6": "YES", "Field7": "ACT", "Field8": "NO", "Field9": "Evanston Ave N", "Field10": "98133", "Field11": "333", "Field12": "N 145th St", "Field13": "0", "Field14": "N 145th St & Evanston Ave N", "Field15": 2 }, "geometry": null },
{ "type": "Feature", "properties": { "Field1": "76700", "Field2": "Y", "Field3": "SEA", "Field4": "1281061.7", "Field5": "266940.09999999998", "Field6": "YES", "Field7": "ACT", "Field8": "NO", "Field9": "NE 130th St", "Field10": "98125", "Field11": "322 372E 522E 61", "Field12": "Lake City Way NE", "Field13": "1", "Field14": "Lake City Way NE & NE 130th St", "Field15": 3 }, "geometry": null },
{ "type": "Feature", "properties": { "Field1": "76710", "Field2": "Y", "Field3": "SEA", "Field4": "1280513.5", "Field5": "265604", "Field6": "YES", "Field7": "ACT", "Field8": "NO", "Field9": "NE 125th St", "Field10": "98125", "Field11": "322 372E 522E 61", "Field12": "Lake City Way NE", "Field13": "2", "Field14": "Lake City Way NE & NE 125th St", "Field15": 3 }, "geometry": null },
{ "type": "Feature", "properties": { "Field1": "76720", "Field2": "Y", "Field3": "SEA", "Field4": "1280751.1000000001", "Field5": "266167.90000000002", "Field6": "YES", "Field7": "ACT", "Field8": "NO", "Field9": "NE 125th St", "Field10": "98125", "Field11": "322 372E 522E 61", "Field12": "Lake City Way NE", "Field13": "1", "Field14": "Lake City Way NE & NE 125th St", "Field15": 3 }, "geometry": null },
{ "type": "Feature", "properties": { "Field1": "76730", "Field2": "Y", "Field3": "SEA", "Field4": "1281171.3", "Field5": "267262", "Field6": "YES", "Field7": "ACT", "Field8": "NO", "Field9": "NE 130th St", "Field10": "98125", "Field11": "322 372E 522E 61", "Field12": "Lake City Way NE", "Field13": "1", "Field14": "Lake City Way NE & NE 130th St", "Field15": 3 }, "geometry": null },
{ "type": "Feature", "properties": { "Field1": "76731", "Field2": "Y", "Field3": "SEA", "Field4": "1281369.5", "Field5": "268318.2", "Field6": "YES", "Field7": "ACT", "Field8": "NO", "Field9": "NE 135th St", "Field10": "98125", "Field11": "61", "Field12": "Lake City Way NE", "Field13": "0", "Field14": "Lake City Way NE & NE 135th St", "Field15": 2 }, "geometry": null },
{ "type": "Feature", "properties": { "Field1": "76750", "Field2": "Y", "Field3": "SEA", "Field4": "1281387.2", "Field5": "269181.2", "Field6": "YES", "Field7": "ACT", "Field8": "NO", "Field9": "Erickson Pl NE", "Field10": "98125", "Field11": "322 372E 522E", "Field12": "Lake City Way NE", "Field13": "0", "Field14": "Lake City Way NE & Erickson Pl NE", "Field15": 2 }, "geometry": null },
{ "type": "Feature", "properties": { "Field1": "99264", "Field2": "Y", "Field3": "SEA", "Field4": "1271706.1000000001", "Field5": "217648.6", "Field6": "YES", "Field7": "ACT", "Field8": "NO", "Field9": "S Holgate St", "Field10": "98134", "Field11": "101 102 150 177", "Field12": "SODO Busway AcRd", "Field13": "1", "Field14": "SODO Busway AcRd & S Holgate St", "Field15": 3 }, "geometry": null },
{ "type": "Feature", "properties": { "Field1": "99266", "Field2": "Y", "Field3": "SEA", "Field4": "1271692", "Field5": "217070.8", "Field6": "YES", "Field7": "ACT", "Field8": "NO", "Field9": "S Holgate St", "Field10": "98134", "Field11": "101 102 150 177", "Field12": "SODO Busway AcRd", "Field13": "1", "Field14": "SODO Busway AcRd & S Holgate St", "Field15": 3 }, "geometry": null },
{ "type": "Feature", "properties": { "Field1": "99267", "Field2": "Y", "Field3": "SEA", "Field4": "1271771.7", "Field5": "219566.2", "Field6": "YES", "Field7": "ACT", "Field8": "NO", "Field9": "S Royal Brougham Way", "Field10": "98134", "Field11": "101 102 150 177", "Field12": "SODO Busway AcRd", "Field13": "1", "Field14": "SODO Busway AcRd & S Royal Brougham Way", "Field15": 3 }, "geometry": null },
{ "type": "Feature", "properties": { "Field1": "99271", "Field2": "Y", "Field3": "SEA", "Field4": "1271780", "Field5": "219455.5", "Field6": "YES", "Field7": "ACT", "Field8": "NO", "Field9": "S Royal Brougham Way", "Field10": "98134", "Field11": "101 102 150 177", "Field12": "SODO Busway AcRd", "Field13": "1", "Field14": "SODO Busway AcRd & S Royal Brougham Way", "Field15": 3 }, "geometry": null },
{ "type": "Feature", "properties": { "Field1": "75320", "Field2": "Y", "Field3": "SEA", "Field4": "1272285.7", "Field5": "271354.8", "Field6": "LTD", "Field7": "ACT", "Field8": "NO", "Field9": "1st Ave NE", "Field10": "98133", "Field12": "N 145th St", "Field13": "0", "Field14": "N 145th St & 1st Ave NE", "Field15": 0 }, "geometry": null },
{ "type": "Feature", "properties": { "Field1": "75350", "Field2": "Y", "Field3": "SEA", "Field4": "1270170.6000000001", "Field5": "271409", "Field6": "LTD", "Field7": "ACT", "Field8": "NO", "Field9": "Courtland Pl N", "Field10": "98133", "Field11": "333", "Field12": "N 145th St", "Field13": "0", "Field14": "N 145th St & Courtland Pl N", "Field15": 0 }, "geometry": null },
{ "type": "Feature", "properties": { "Field1": "82120", "Field2": "Y", "Field3": "SEA", "Field4": "1280274.3999999999", "Field5": "271088.2", "Field6": "YES", "Field7": "ACT", "Field8": "NO", "Field9": "30th Ave NE", "Field10": "98125", "Field11": "65", "Field12": "NE 145th St", "Field13": "1", "Field14": "NE 145th St & 30th Ave NE", "Field15": 3 }, "geometry": null },
{ "type": "Feature", "properties": { "Field1": "82126", "Field2": "Y", "Field3": "SEA", "Field4": "1280514.8999999999", "Field5": "252571.8", "Field6": "YES", "Field7": "ACT", "Field8": "NO", "Field9": "31st Ave NE", "Field10": "98115", "Field11": "79", "Field12": "NE 75th St", "Field13": "0", "Field14": "NE 75th St & 31st Ave NE", "Field15": 2 }, "geometry": null },
{ "type": "Feature", "properties": { "Field1": "82127", "Field2": "Y", "Field3": "SEA", "Field4": "1277625.8", "Field5": "252626.4", "Field6": "YES", "Field7": "ACT", "Field8": "NO", "Field9": "20th Ave NE", "Field10": "98115", "Field11": "79", "Field12": "NE 75th St", "Field13": "0", "Field14": "NE 75th St & 20th Ave NE", "Field15": 2 }, "geometry": null },
{ "type": "Feature", "properties": { "Field1": "82128", "Field2": "Y", "Field3": "SEA", "Field4": "1279047.5", "Field5": "252599.4", "Field6": "YES", "Field7": "ACT", "Field8": "NO", "Field9": "25th Ave NE", "Field10": "98115", "Field11": "79", "Field12": "NE 75th St", "Field13": "0", "Field14": "NE 75th St & 25th Ave NE", "Field15": 2 }, "geometry": null },
{ "type": "Feature", "properties": { "Field1": "82129", "Field2": "Y", "Field3": "SEA", "Field4": "1281651.1000000001", "Field5": "252550", "Field6": "YES", "Field7": "ACT", "Field8": "NO", "Field9": "36th Ave NE", "Field10": "98115", "Field11": "79", "Field12": "NE 75th St", "Field13": "0", "Field14": "NE 75th St & 36th Ave NE", "Field15": 2 }, "geometry": null },
{ "type": "Feature", "properties": { "Field1": "75407", "Field2": "Y", "Field3": "SEA", "Field4": "1264041.5", "Field5": "247084.6", "Field6": "YES", "Field7": "ACT", "Field8": "NO", "Field9": "3rd Ave NW", "Field10": "98107", "Field11": "44", "Field12": "NW Market St", "Field13": "1", "Field14": "NW Market St & 3rd Ave NW", "Field15": 3 }, "geometry": null },
{ "type": "Feature", "properties": { "Field1": "75408", "Field2": "Y", "Field3": "SEA", "Field4": "1267341.8999999999", "Field5": "245028", "Field6": "YES", "Field7": "ACT", "Field8": "NO", "Field9": "N 46th St", "Field10": "98103", "Field11": "E", "Field12": "Aurora Ave N", "Field13": "2", "Field14": "Aurora Ave N & N 46th St", "Field15": 3 }, "geometry": null },
{ "type": "Feature", "properties": { "Field1": "75409", "Field2": "Y", "Field3": "SEA", "Field4": "1267370.3", "Field5": "245033.4", "Field6": "YES", "Field7": "ACT", "Field8": "NO", "Field9": "N 46th St", "Field10": "98103", "Field11": "E", "Field12": "Aurora Ave N", "Field13": "2", "Field14": "Aurora Ave N & N 46th St", "Field15": 3 }, "geometry": null },
{ "type": "Feature", "properties": { "Field1": "75410", "Field2": "Y", "Field3": "SEA", "Field4": "1277849.1000000001", "Field5": "243239.1", "Field6": "YES", "Field7": "ACT", "Field8": "NO", "Field9": "Pend Oreille Rd", "Field10": "98195", "Field11": "372E 75", "Field12": "East Stevens Way NE", "Field13": "2", "Field14": "East Stevens Way NE & Pend Oreille Rd", "Field15": 3 }, "geometry": null },
{ "type": "Feature", "properties": { "Field1": "75414", "Field2": "Y", "Field3": "SEA", "Field4": "1277702.8999999999", "Field5": "241992.2", "Field6": "YES", "Field7": "ACT", "Field8": "NO", "Field9": "Benton Ln", "Field10": "98195", "Field11": "372E 75", "Field12": "East Stevens Way NE", "Field13": "1", "Field14": "East Stevens Way NE & Benton Ln", "Field15": 3 }, "geometry": null },
{ "type": "Feature", "properties": { "Field1": "75415", "Field2": "Y", "Field3": "SEA", "Field4": "1277450.6000000001", "Field5": "241453.3", "Field6": "YES", "Field7": "ACT", "Field8": "NO", "Field9": "Rainier Vis NE", "Field10": "98195", "Field11": "372E 75", "Field12": "East Stevens Way NE", "Field13": "1", "Field14": "East Stevens Way NE & Rainier Vis NE", "Field15": 3 }, "geometry": null },
{ "type": "Feature", "properties": { "Field1": "75417", "Field2": "Y", "Field3": "SEA", "Field4": "1276921.3999999999", "Field5": "241332.8", "Field6": "YES", "Field7": "ACT", "Field8": "NO", "Field9": "Garfield Ln", "Field10": "98195", "Field11": "372E 75", "Field12": "West Stevens Way NE", "Field13": "0", "Field14": "West Stevens Way NE & Garfield Ln", "Field15": 2 }, "geometry": null },
{ "type": "Feature", "properties": { "Field1": "75418", "Field2": "Y", "Field3": "SEA", "Field4": "1276408.7", "Field5": "242190.6", "Field6": "YES", "Field7": "ACT", "Field8": "NO", "Field9": "Asotin Pl", "Field10": "98195", "Field11": "372E 75", "Field12": "West Stevens Way NE", "Field13": "1", "Field14": "West Stevens Way NE & Asotin Pl", "Field15": 3 }, "geometry": null },
{ "type": "Feature", "properties": { "Field1": "75360", "Field2": "Y", "Field3": "SEA", "Field4": "1269322.3", "Field5": "271424.5", "Field6": "LTD", "Field7": "ACT", "Field8": "NO", "Field9": "Interlake Ave N", "Field10": "98133", "Field11": "333", "Field12": "N 145th St", "Field13": "0", "Field14": "N 145th St & Interlake Ave N", "Field15": 0 }, "geometry": null },
{ "type": "Feature", "properties": { "Field1": "75380", "Field2": "Y", "Field3": "SEA", "Field4": "1267660.5", "Field5": "271456.40000000002", "Field6": "LTD", "Field7": "ACT", "Field8": "NO", "Field9": "Linden Ave N", "Field10": "98133", "Field11": "333", "Field12": "N 145th St", "Field13": "0", "Field14": "N 145th St & Linden Ave N", "Field15": 0 }, "geometry": null },
{ "type": "Feature", "properties": { "Field1": "75390", "Field2": "Y", "Field3": "SEA", "Field4": "1266525", "Field5": "271479.09999999998", "Field6": "YES", "Field7": "ACT", "Field8": "NO", "Field9": "Dayton Ave N", "Field10": "98133", "Field11": "333", "Field12": "N 145th St", "Field13": "0", "Field14": "N 145th St & Dayton Ave N", "Field15": 2 }, "geometry": null },
{ "type": "Feature", "properties": { "Field1": "75402", "Field2": "Y", "Field3": "SEA", "Field4": "1277413.5", "Field5": "241424.3", "Field6": "YES", "Field7": "ACT", "Field8": "NO", "Field9": "Mason Rd", "Field10": "98195", "Field11": "372E 45 67", "Field12": "East Stevens Way NE", "Field13": "1", "Field14": "East Stevens Way NE & Mason Rd", "Field15": 3 }, "geometry": null },
{ "type": "Feature", "properties": { "Field1": "75403", "Field2": "Y", "Field3": "SEA", "Field4": "1277727.3999999999", "Field5": "242202.5", "Field6": "YES", "Field7": "ACT", "Field8": "NO", "Field9": "Benton Ln", "Field10": "98195", "Field11": "372E 45 67", "Field12": "East Stevens Way NE", "Field13": "0", "Field14": "East Stevens Way NE & Benton Ln", "Field15": 2 }, "geometry": null },
{ "type": "Feature", "properties": { "Field1": "75404", "Field2": "Y", "Field3": "SEA", "Field4": "1276818.8", "Field5": "241354", "Field6": "YES", "Field7": "ACT", "Field8": "NO", "Field9": "Okanogan Ln NE", "Field10": "98195", "Field11": "372E 45 67", "Field12": "West Stevens Way NE", "Field13": "0", "Field14": "West Stevens Way NE & Okanogan Ln NE", "Field15": 2 }, "geometry": null },
{ "type": "Feature", "properties": { "Field1": "75405", "Field2": "Y", "Field3": "SEA", "Field4": "1276258.3999999999", "Field5": "242446", "Field6": "YES", "Field7": "ACT", "Field8": "NO", "Field9": "George Washington Ln NE", "Field10": "98195", "Field11": "372E 45 67", "Field12": "West Stevens Way NE", "Field13": "1", "Field14": "West Stevens Way NE & George Washington Ln NE", "Field15": 3 }, "geometry": null },
{ "type": "Feature", "properties": { "Field1": "75406", "Field2": "Y", "Field3": "SEA", "Field4": "1277806.5", "Field5": "243031.3", "Field6": "YES", "Field7": "ACT", "Field8": "NO", "Field9": "Pend Oreille Rd", "Field10": "98195", "Field11": "372E 45 67", "Field12": "East Stevens Way NE", "Field13": "1", "Field14": "East Stevens Way NE & Pend Oreille Rd", "Field15": 3 }, "geometry": null },
{ "type": "Feature", "properties": { "Field1": "82175", "Field2": "Y", "Field3": "SEA", "Field4": "1274938.8999999999", "Field5": "258063.5", "Field6": "LTD", "Field7": "ACT", "Field8": "NO", "Field9": "NE 95th St", "Field10": "98115", "Field11": "67", "Field12": "Roosevelt Way NE", "Field13": "0", "Field14": "Roosevelt Way NE & NE 95th St", "Field15": 0 }, "geometry": null },
{ "type": "Feature", "properties": { "Field1": "82185", "Field2": "Y", "Field3": "SEA", "Field4": "1274937.7", "Field5": "259382.8", "Field6": "YES", "Field7": "ACT", "Field8": "NO", "Field9": "NE 100th St", "Field10": "98125", "Field11": "67", "Field12": "Roosevelt Way NE", "Field13": "0", "Field14": "Roosevelt Way NE & NE 100th St", "Field15": 2 }, "geometry": null },
{ "type": "Feature", "properties": { "Field1": "82187", "Field2": "Y", "Field3": "SEA", "Field4": "1274937", "Field5": "260095.5", "Field6": "LTD", "Field7": "ACT", "Field8": "NO", "Field9": "NE 103rd St", "Field10": "98125", "Field11": "67", "Field12": "Roosevelt Way NE", "Field13": "0", "Field14": "Roosevelt Way NE & NE 103rd St", "Field15": 0 }, "geometry": null },
{ "type": "Feature", "properties": { "Field1": "82195", "Field2": "Y", "Field3": "SEA", "Field4": "1274937.1000000001", "Field5": "260728.1", "Field6": "LTD", "Field7": "ACT", "Field8": "NO", "Field9": "NE 105th St", "Field10": "98125", "Field11": "67", "Field12": "Roosevelt Way NE", "Field13": "0", "Field14": "Roosevelt Way NE & NE 105th St", "Field15": 0 }, "geometry": null },
{ "type": "Feature", "properties": { "Field1": "82197", "Field2": "Y", "Field3": "SEA", "Field4": "1274945.3999999999", "Field5": "261600.2", "Field6": "LTD", "Field7": "ACT", "Field8": "NO", "Field9": "NE 108th St", "Field10": "98125", "Field11": "67", "Field12": "Roosevelt Way NE", "Field13": "0", "Field14": "Roosevelt Way NE & NE 108th St", "Field15": 0 }, "geometry": null },
{ "type": "Feature", "properties": { "Field1": "82198", "Field2": "Y", "Field3": "SEA", "Field4": "1274821.2", "Field5": "261989.8", "Field6": "YES", "Field7": "ACT", "Field8": "NO", "Field9": "Roosevelt Way NE", "Field10": "98125", "Field11": "322 348 61 67", "Field12": "NE Northgate Way", "Field13": "1", "Field14": "NE Northgate Way & Roosevelt Way NE", "Field15": 3 }, "geometry": null },
{ "type": "Feature", "properties": { "Field1": "82205", "Field2": "Y", "Field3": "SEA", "Field4": "1274945.1000000001", "Field5": "261569.2", "Field6": "LTD", "Field7": "ACT", "Field8": "NO", "Field9": "NE 108th St", "Field10": "98125", "Field11": "67", "Field12": "Roosevelt Way NE", "Field13": "1", "Field14": "Roosevelt Way NE & NE 108th St", "Field15": 1 }, "geometry": null },
{ "type": "Feature", "properties": { "Field1": "79561", "Field2": "Y", "Field3": "SEA", "Field4": "1274403.6000000001", "Field5": "198836.4", "Field6": "YES", "Field7": "ACT", "Field8": "NO", "Field9": "14th Ave S", "Field10": "98108", "Field11": "124 60", "Field12": "East Marginal Way S", "Field13": "0", "Field14": "East Marginal Way S & 14th Ave S", "Field15": 2 }, "geometry": null },
{ "type": "Feature", "properties": { "Field1": "79562", "Field2": "Y", "Field3": "SEA", "Field4": "1275142.7", "Field5": "198158.2", "Field6": "YES", "Field7": "ACT", "Field8": "NO", "Field9": "16th Ave S", "Field10": "98108", "Field11": "124", "Field12": "East Marginal Way S", "Field13": "0", "Field14": "East Marginal Way S & 16th Ave S", "Field15": 2 }, "geometry": null },
{ "type": "Feature", "properties": { "Field1": "79569", "Field2": "Y", "Field3": "SEA", "Field4": "1274307.3999999999", "Field5": "198926.8", "Field6": "NO", "Field7": "ACT", "Field8": "NO", "Field9": "S Webster St", "Field10": "98108", "Field11": "124 60", "Field12": "East Marginal Way S", "Field13": "0", "Field14": "East Marginal Way S & S Webster St", "Field15": 0 }, "geometry": null },
{ "type": "Feature", "properties": { "Field1": "82145", "Field2": "Y", "Field3": "SEA", "Field4": "1274869.8999999999", "Field5": "254098.8", "Field6": "YES", "Field7": "ACT", "Field8": "NO", "Field9": "NE 80th St", "Field10": "98115", "Field11": "67", "Field12": "Roosevelt Way NE", "Field13": "0", "Field14": "Roosevelt Way NE & NE 80th St", "Field15": 2 }, "geometry": null },
{ "type": "Feature", "properties": { "Field1": "82155", "Field2": "Y", "Field3": "SEA", "Field4": "1274883.3999999999", "Field5": "255530.5", "Field6": "YES", "Field7": "ACT", "Field8": "NO", "Field9": "NE 85th St", "Field10": "98115", "Field11": "67", "Field12": "Roosevelt Way NE", "Field13": "0", "Field14": "Roosevelt Way NE & NE 85th St", "Field15": 2 }, "geometry": null },
{ "type": "Feature", "properties": { "Field1": "82160", "Field2": "Y", "Field3": "SEA", "Field4": "1276282.7", "Field5": "271225.40000000002", "Field6": "YES", "Field7": "ACT", "Field8": "NO", "Field9": "15th Ave NE", "Field10": "98155", "Field11": "65", "Field12": "NE 145th St", "Field13": "1", "Field14": "NE 145th St & 15th Ave NE", "Field15": 3 }, "geometry": null },
{ "type": "Feature", "properties": { "Field1": "82165", "Field2": "Y", "Field3": "SEA", "Field4": "1274910.6000000001", "Field5": "256738.9", "Field6": "YES", "Field7": "ACT", "Field8": "NO", "Field9": "NE 90th St", "Field10": "98115", "Field11": "67", "Field12": "Roosevelt Way NE", "Field13": "0", "Field14": "Roosevelt Way NE & NE 90th St", "Field15": 2 }, "geometry": null },
{ "type": "Feature", "properties": { "Field1": "82167", "Field2": "Y", "Field3": "SEA", "Field4": "1274925.2", "Field5": "257393.3", "Field6": "YES", "Field7": "ACT", "Field8": "NO", "Field9": "NE 92nd St", "Field10": "98115", "Field11": "67", "Field12": "Roosevelt Way NE", "Field13": "0", "Field14": "Roosevelt Way NE & NE 92nd St", "Field15": 2 }, "geometry": null },
{ "type": "Feature", "properties": { "Field1": "81361", "Field2": "Y", "Field3": "SEA", "Field4": "1275698.5", "Field5": "263372.2", "Field6": "YES", "Field7": "ACT", "Field8": "NO", "Field9": "NE 115th St", "Field10": "98125", "Field11": "348", "Field12": "Pinehurst Way NE", "Field13": "0", "Field14": "Pinehurst Way NE & NE 115th St", "Field15": 2 }, "geometry": null },
{ "type": "Feature", "properties": { "Field1": "82275", "Field2": "Y", "Field3": "SEA", "Field4": "1277678.7", "Field5": "252625.4", "Field6": "YES", "Field7": "ACT", "Field8": "NO", "Field9": "20th Ave NE", "Field10": "98115", "Field11": "79", "Field12": "NE 75th St", "Field13": "0", "Field14": "NE 75th St & 20th Ave NE", "Field15": 2 }, "geometry": null },
{ "type": "Feature", "properties": { "Field1": "82276", "Field2": "Y", "Field3": "SEA", "Field4": "1279104.5", "Field5": "252598.3", "Field6": "YES", "Field7": "ACT", "Field8": "NO", "Field9": "25th Ave NE", "Field10": "98115", "Field11": "79", "Field12": "NE 75th St", "Field13": "0", "Field14": "NE 75th St & 25th Ave NE", "Field15": 2 }, "geometry": null },
{ "type": "Feature", "properties": { "Field1": "82279", "Field2": "Y", "Field3": "SEA", "Field4": "1281709.1000000001", "Field5": "252548.9", "Field6": "YES", "Field7": "ACT", "Field8": "NO", "Field9": "36th Ave NE", "Field10": "98115", "Field11": "79", "Field12": "NE 75th St", "Field13": "0", "Field14": "NE 75th St & 36th Ave NE", "Field15": 2 }, "geometry": null },
{ "type": "Feature", "properties": { "Field1": "85203", "Field2": "Y", "Field3": "SEA", "Field4": "1259302.2", "Field5": "189191.2", "Field6": "UNK", "Field7": "ACT", "Field8": "NO", "Field9": "35th Ave SW", "Field10": "98146", "Field11": "22", "Field12": "SW 106th St", "Field13": "0", "Field14": "SW 106th St & 35th Ave SW", "Field15": 0 }, "geometry": null },
{ "type": "Feature", "properties": { "Field1": "99550", "Field2": "Y", "Field3": "SEA", "Field4": "1277459.6000000001", "Field5": "218772.1", "Field6": "UNK", "Field7": "ACT", "Field8": "NO", "Field9": "Judkins Park Sta Rail", "Field10": "98144", "Field11": "600", "Field12": "Judkins Park Sta Rail", "Field13": "0", "Field14": "Judkins Park Sta Rail & Judkins Park Sta Rail", "Field15": 0 }, "geometry": null },
{ "type": "Feature", "properties": { "Field1": "82207", "Field2": "Y", "Field3": "SEA", "Field4": "1274936.5", "Field5": "260577.8", "Field6": "LTD", "Field7": "ACT", "Field8": "NO", "Field9": "NE 105th St", "Field10": "98125", "Field11": "67", "Field12": "Roosevelt Way NE", "Field13": "0", "Field14": "Roosevelt Way NE & NE 105th St", "Field15": 0 }, "geometry": null },
{ "type": "Feature", "properties": { "Field1": "82216", "Field2": "Y", "Field3": "SEA", "Field4": "1274937.5", "Field5": "259564.2", "Field6": "YES", "Field7": "ACT", "Field8": "NO", "Field9": "NE 102nd St", "Field10": "98125", "Field11": "67", "Field12": "Roosevelt Way NE", "Field13": "0", "Field14": "Roosevelt Way NE & NE 102nd St", "Field15": 2 }, "geometry": null },
{ "type": "Feature", "properties": { "Field1": "82227", "Field2": "Y", "Field3": "SEA", "Field4": "1274936.8999999999", "Field5": "257912.6", "Field6": "YES", "Field7": "ACT", "Field8": "NO", "Field9": "NE 95th St", "Field10": "98115", "Field11": "67", "Field12": "Roosevelt Way NE", "Field13": "1", "Field14": "Roosevelt Way NE & NE 95th St", "Field15": 3 }, "geometry": null },
{ "type": "Feature", "properties": { "Field1": "82230", "Field2": "Y", "Field3": "SEA", "Field4": "1276643.2", "Field5": "271212.7", "Field6": "YES", "Field7": "ACT", "Field8": "NO", "Field9": "15th Ave NE", "Field10": "98155", "Field11": "65", "Field12": "NE 145th St", "Field13": "1", "Field14": "NE 145th St & 15th Ave NE", "Field15": 3 }, "geometry": null },
{ "type": "Feature", "properties": { "Field1": "82235", "Field2": "Y", "Field3": "SEA", "Field4": "1274921.2", "Field5": "257213.3", "Field6": "YES", "Field7": "ACT", "Field8": "NO", "Field9": "NE 92nd St", "Field10": "98115", "Field11": "67", "Field12": "Roosevelt Way NE", "Field13": "0", "Field14": "Roosevelt Way NE & NE 92nd St", "Field15": 2 }, "geometry": null },
{ "type": "Feature", "properties": { "Field1": "82237", "Field2": "Y", "Field3": "SEA", "Field4": "1274908.1000000001", "Field5": "256627.8", "Field6": "YES", "Field7": "ACT", "Field8": "NO", "Field9": "NE 90th St", "Field10": "98115", "Field11": "67", "Field12": "Roosevelt Way NE", "Field13": "0", "Field14": "Roosevelt Way NE & NE 90th St", "Field15": 2 }, "geometry": null },
{ "type": "Feature", "properties": { "Field1": "85059", "Field2": "Y", "Field3": "SEA", "Field4": "1268597.8", "Field5": "209386.2", "Field6": "NO", "Field7": "ACT", "Field8": "NO", "Field9": "S Idaho St", "Field10": "98134", "Field11": "113", "Field12": "East Marginal Way S", "Field13": "0", "Field14": "East Marginal Way S & S Idaho St", "Field15": 0 }, "geometry": null },
{ "type": "Feature", "properties": { "Field1": "85062", "Field2": "Y", "Field3": "SEA", "Field4": "1268582.1000000001", "Field5": "208578.1", "Field6": "NO", "Field7": "ACT", "Field8": "NO", "Field9": "Diagonal Ave S", "Field10": "98134", "Field11": "113", "Field12": "East Marginal Way S", "Field13": "0", "Field14": "East Marginal Way S & Diagonal Ave S", "Field15": 0 }, "geometry": null },
{ "type": "Feature", "properties": { "Field1": "85064", "Field2": "Y", "Field3": "SEA", "Field4": "1268585.8", "Field5": "207680.4", "Field6": "YES", "Field7": "ACT", "Field8": "NO", "Field9": "S Alaska St", "Field10": "98134", "Field11": "113", "Field12": "East Marginal Way S", "Field13": "0", "Field14": "East Marginal Way S & S Alaska St", "Field15": 2 }, "geometry": null },
{ "type": "Feature", "properties": { "Field1": "85066", "Field2": "Y", "Field3": "SEA", "Field4": "1268647.7", "Field5": "206985", "Field6": "NO", "Field7": "ACT", "Field8": "NO", "Field9": "S Hudson St", "Field10": "98134", "Field11": "113", "Field12": "East Marginal Way S", "Field13": "0", "Field14": "East Marginal Way S & S Hudson St", "Field15": 0 }, "geometry": null },
{ "type": "Feature", "properties": { "Field1": "85067", "Field2": "Y", "Field3": "SEA", "Field4": "1269126.1000000001", "Field5": "205550.7", "Field6": "NO", "Field7": "ACT", "Field8": "NO", "Field9": "S Lucile St", "Field10": "98134", "Field11": "113", "Field12": "East Marginal Way S", "Field13": "0", "Field14": "East Marginal Way S & S Lucile St", "Field15": 0 }, "geometry": null },
{ "type": "Feature", "properties": { "Field1": "82247", "Field2": "Y", "Field3": "SEA", "Field4": "1274878.7", "Field5": "255265.5", "Field6": "YES", "Field7": "ACT", "Field8": "NO", "Field9": "NE 85th St", "Field10": "98115", "Field11": "67", "Field12": "Roosevelt Way NE", "Field13": "0", "Field14": "Roosevelt Way NE & NE 85th St", "Field15": 2 }, "geometry": null },
{ "type": "Feature", "properties": { "Field1": "82266", "Field2": "Y", "Field3": "SEA", "Field4": "1276422.3", "Field5": "252649.2", "Field6": "YES", "Field7": "ACT", "Field8": "NO", "Field9": "16th Ave NE", "Field10": "98115", "Field11": "79", "Field12": "NE 75th St", "Field13": "0", "Field14": "NE 75th St & 16th Ave NE", "Field15": 2 }, "geometry": null },
{ "type": "Feature", "properties": { "Field1": "82273", "Field2": "Y", "Field3": "SEA", "Field4": "1280299.3999999999", "Field5": "252575.8", "Field6": "YES", "Field7": "ACT", "Field8": "NO", "Field9": "30th Ave NE", "Field10": "98115", "Field11": "79", "Field12": "NE 75th St", "Field13": "0", "Field14": "NE 75th St & 30th Ave NE", "Field15": 2 }, "geometry": null }
]
}
